{"type":"FeatureCollection","features":[{"type":"Feature","id":"school-1","geometry":{"type":"Point","coordinates":[-97.944814,30.370483]},"properties":{"monday_item_id":"12457851112","district_type":"INDEPENDENT","school_name":"LAKE TRAVIS EL","school_district":"LAKE TRAVIS ISD","scouting_district":"Bee Cave","county":"TRAVIS COUNTY","address":"15303 KOLLMEYER DR, AUSTIN, TX, USA","recruitment_status":"JSN Scheduled","jsn_date":"2026-08-27T18:30:00.000Z","unit":"Pack 0440","source":"CAC Schools monday.com table, joined to mapped recruitment-school coordinates"}},{"type":"Feature","id":"school-2","geometry":{"type":"Point","coordinates":[-97.883966,30.302806]},"properties":{"monday_item_id":"12457851450","district_type":"INDEPENDENT","school_name":"WEST RIDGE MIDDLE","school_district":"EANES ISD","scouting_district":"Bee Cave","county":"TRAVIS COUNTY","address":"9201 SCENIC BLUFF DR, AUSTIN, TX, USA","recruitment_status":"JSN Scheduled","jsn_date":"2026-08-11T13:00:00.000Z","unit":"Troop 0550","source":"CAC Schools monday.com table, joined to mapped recruitment-school coordinates"}},{"type":"Feature","id":"school-3","geometry":{"type":"Point","coordinates":[-97.764272,30.446256]},"properties":{"monday_item_id":"12457851185","district_type":"INDEPENDENT","school_name":"POND SPRINGS EL","school_district":"ROUND ROCK ISD","scouting_district":"Chisholm Trail","county":"WILLIAMSON COUNTY","address":"7825 ELK HORN MTN TRL, AUSTIN, TX, USA","recruitment_status":"JSN Scheduled","jsn_date":"2026-08-26T09:00:00.000Z","unit":"Pack 0159","source":"CAC Schools monday.com table, joined to mapped recruitment-school coordinates"}},{"type":"Feature","id":"school-4","geometry":{"type":"Point","coordinates":[-97.879135,30.579271]},"properties":{"monday_item_id":"12457850890","district_type":"INDEPENDENT","school_name":"BAGDAD EL","school_district":"LEANDER ISD","scouting_district":"North Shore","county":"WILLIAMSON COUNTY","address":"800 DEER CREEK DR, LEANDER, TX, USA","recruitment_status":"JSN Scheduled","jsn_date":"2026-09-15T18:45:00.000Z","unit":"Pack 2008","source":"CAC Schools monday.com table, joined to mapped recruitment-school coordinates"}},{"type":"Feature","id":"school-5","geometry":{"type":"Point","coordinates":[-97.831813,30.540486]},"properties":{"monday_item_id":"12457850711","district_type":"INDEPENDENT","school_name":"BLOCK HOUSE CREEK EL","school_district":"LEANDER ISD","scouting_district":"North Shore","county":"WILLIAMSON COUNTY","address":"401 CREEK RUN DR, LEANDER, TX, USA","recruitment_status":"JSN Scheduled","jsn_date":"2026-09-15T18:45:00.000Z","unit":"Pack 0171","source":"CAC Schools monday.com table, joined to mapped recruitment-school coordinates"}},{"type":"Feature","id":"school-6","geometry":{"type":"Point","coordinates":[-97.900333,30.36607]},"properties":{"monday_item_id":"12457850386","district_type":"INDEPENDENT","school_name":"BUSH EL","school_district":"LEANDER ISD","scouting_district":"North Shore","county":"WILLIAMSON COUNTY","address":"12600 COUNTRY TRAILS, AUSTIN, TX, USA","recruitment_status":"JSN Scheduled","jsn_date":"2026-09-16T18:45:00.000Z","unit":"Pack 0201","source":"CAC Schools monday.com table, joined to mapped recruitment-school coordinates"}},{"type":"Feature","id":"school-7","geometry":{"type":"Point","coordinates":[-97.855599,30.520801]},"properties":{"monday_item_id":"12457850821","district_type":"INDEPENDENT","school_name":"C C MASON EL","school_district":"LEANDER ISD","scouting_district":"North Shore","county":"WILLIAMSON COUNTY","address":"1501 N LAKELINE BLVD, CEDAR PARK, TX, USA","recruitment_status":"JSN Scheduled","jsn_date":"2026-09-16T18:45:00.000Z","unit":"Pack 0170","source":"CAC Schools monday.com table, joined to mapped recruitment-school coordinates"}},{"type":"Feature","id":"school-8","geometry":{"type":"Point","coordinates":[-97.858227,30.574281]},"properties":{"monday_item_id":"12457805716","district_type":"INDEPENDENT","school_name":"CAMACHO EL","school_district":"LEANDER ISD","scouting_district":"North Shore","county":"WILLIAMSON COUNTY","address":"501 MUNICIPAL DR, LEANDER, TX, USA","recruitment_status":"JSN Scheduled","jsn_date":"2026-09-16T18:45:00.000Z","unit":"Pack 0160","source":"CAC Schools monday.com table, joined to mapped recruitment-school coordinates"}},{"type":"Feature","id":"school-9","geometry":{"type":"Point","coordinates":[-97.805506,30.503435]},"properties":{"monday_item_id":"12457850182","district_type":"INDEPENDENT","school_name":"COX EL","school_district":"LEANDER ISD","scouting_district":"North Shore","county":"WILLIAMSON COUNTY","address":"1001 BRUSHY CREEK RD, CEDAR PARK, TX, USA","recruitment_status":"JSN Scheduled","jsn_date":"2026-09-15T18:45:00.000Z","unit":"Pack 1277","source":"CAC Schools monday.com table, joined to mapped recruitment-school coordinates"}},{"type":"Feature","id":"school-10","geometry":{"type":"Point","coordinates":[-97.835965,30.465382]},"properties":{"monday_item_id":"12457850780","district_type":"INDEPENDENT","school_name":"CYPRESS EL","school_district":"LEANDER ISD","scouting_district":"North Shore","county":"WILLIAMSON COUNTY","address":"2900 EL SALIDO PKWY, CEDAR PARK, TX, USA","recruitment_status":"JSN Scheduled","jsn_date":"2026-09-15T18:45:00.000Z","unit":"Pack 0172","source":"CAC Schools monday.com table, joined to mapped recruitment-school coordinates"}},{"type":"Feature","id":"school-11","geometry":{"type":"Point","coordinates":[-97.852919,30.482616]},"properties":{"monday_item_id":"12457850457","district_type":"INDEPENDENT","school_name":"DEER CREEK EL","school_district":"LEANDER ISD","scouting_district":"North Shore","county":"WILLIAMSON COUNTY","address":"2420 ZEPPELIN DR, CEDAR PARK, TX, USA","recruitment_status":"JSN Scheduled","jsn_date":"2026-09-15T18:45:00.000Z","unit":"Pack 1720","source":"CAC Schools monday.com table, joined to mapped recruitment-school coordinates"}},{"type":"Feature","id":"school-12","geometry":{"type":"Point","coordinates":[-97.845257,30.52404]},"properties":{"monday_item_id":"12457850891","district_type":"INDEPENDENT","school_name":"GIDDENS EL","school_district":"LEANDER ISD","scouting_district":"North Shore","county":"WILLIAMSON COUNTY","address":"1500 TIMBERWOOD DR, CEDAR PARK, TX, USA","recruitment_status":"JSN Scheduled","jsn_date":"2026-09-16T18:45:00.000Z","unit":"Pack 0171","source":"CAC Schools monday.com table, joined to mapped recruitment-school coordinates"}},{"type":"Feature","id":"school-13","geometry":{"type":"Point","coordinates":[-97.853578,30.415844]},"properties":{"monday_item_id":"12457805445","district_type":"INDEPENDENT","school_name":"GRANDVIEW HILLS EL","school_district":"LEANDER ISD","scouting_district":"North Shore","county":"WILLIAMSON COUNTY","address":"12024 VISTA PARKE DR, AUSTIN, TX, USA","recruitment_status":"JSN Scheduled","jsn_date":"2026-09-17T18:45:00.000Z","unit":"Pack 0201","source":"CAC Schools monday.com table, joined to mapped recruitment-school coordinates"}},{"type":"Feature","id":"school-14","geometry":{"type":"Point","coordinates":[-97.868593,30.58685]},"properties":{"monday_item_id":"12457850500","district_type":"INDEPENDENT","school_name":"JIM PLAIN EL","school_district":"LEANDER ISD","scouting_district":"North Shore","county":"WILLIAMSON COUNTY","address":"501 S BROOK DR, LEANDER, TX, USA","recruitment_status":"JSN Scheduled","jsn_date":"2026-09-17T18:45:00.000Z","unit":"Pack 0160","source":"CAC Schools monday.com table, joined to mapped recruitment-school coordinates"}},{"type":"Feature","id":"school-15","geometry":{"type":"Point","coordinates":[-97.865181,30.531096]},"properties":{"monday_item_id":"12457850303","district_type":"INDEPENDENT","school_name":"KNOWLES EL","school_district":"LEANDER ISD","scouting_district":"North Shore","county":"WILLIAMSON COUNTY","address":"2101 COUGAR COUNTRY DR, CEDAR PARK, TX, USA","recruitment_status":"JSN Scheduled","jsn_date":"2026-09-16T18:45:00.000Z","unit":"Pack 2008","source":"CAC Schools monday.com table, joined to mapped recruitment-school coordinates"}},{"type":"Feature","id":"school-16","geometry":{"type":"Point","coordinates":[-97.830161,30.47673]},"properties":{"monday_item_id":"12457850816","district_type":"INDEPENDENT","school_name":"NAUMANN EL","school_district":"LEANDER ISD","scouting_district":"North Shore","county":"WILLIAMSON COUNTY","address":"1201 BRIGHTON BEND, CEDAR PARK, TX, USA","recruitment_status":"JSN Scheduled","jsn_date":"2026-09-17T18:45:00.000Z","unit":"Pack 0172","source":"CAC Schools monday.com table, joined to mapped recruitment-school coordinates"}},{"type":"Feature","id":"school-17","geometry":{"type":"Point","coordinates":[-97.770703,30.577989]},"properties":{"monday_item_id":"12457797604","district_type":"INDEPENDENT","school_name":"PARKSIDE EL","school_district":"LEANDER ISD","scouting_district":"North Shore","county":"WILLIAMSON COUNTY","address":"301 GARNER PARK DR, GEORGETOWN, TX, USA","recruitment_status":"JSN Scheduled","jsn_date":"2026-09-17T18:45:00.000Z","unit":"Pack 0233","source":"CAC Schools monday.com table, joined to mapped recruitment-school coordinates"}},{"type":"Feature","id":"school-18","geometry":{"type":"Point","coordinates":[-97.835457,30.559109]},"properties":{"monday_item_id":"12457850384","district_type":"INDEPENDENT","school_name":"PLEASANT HILL EL","school_district":"LEANDER ISD","scouting_district":"North Shore","county":"WILLIAMSON COUNTY","address":"1800 HORIZON PARK, LEANDER, TX, USA","recruitment_status":"JSN Scheduled","jsn_date":"2026-09-17T18:45:00.000Z","unit":"Pack 0171","source":"CAC Schools monday.com table, joined to mapped recruitment-school coordinates"}},{"type":"Feature","id":"school-19","geometry":{"type":"Point","coordinates":[-97.845224,30.390036]},"properties":{"monday_item_id":"12457850690","district_type":"INDEPENDENT","school_name":"RIVER PLACE EL","school_district":"LEANDER ISD","scouting_district":"North Shore","county":"WILLIAMSON COUNTY","address":"6500 SITIO DEL RIO BLVD, AUSTIN, TX, USA","recruitment_status":"JSN Scheduled","jsn_date":"2026-09-16T18:45:00.000Z","unit":"Pack 0201","source":"CAC Schools monday.com table, joined to mapped recruitment-school coordinates"}},{"type":"Feature","id":"school-20","geometry":{"type":"Point","coordinates":[-97.915729,30.346319]},"properties":{"monday_item_id":"12457805615","district_type":"INDEPENDENT","school_name":"RIVER RIDGE EL","school_district":"LEANDER ISD","scouting_district":"North Shore","county":"WILLIAMSON COUNTY","address":"12900 TIERRA GRANDE TRL, AUSTIN, TX, USA","recruitment_status":"JSN Scheduled","jsn_date":"2026-09-15T18:45:00.000Z","unit":"Pack 0201","source":"CAC Schools monday.com table, joined to mapped recruitment-school coordinates"}},{"type":"Feature","id":"school-21","geometry":{"type":"Point","coordinates":[-97.796169,30.514688]},"properties":{"monday_item_id":"12457805617","district_type":"INDEPENDENT","school_name":"RONALD REAGAN EL","school_district":"LEANDER ISD","scouting_district":"North Shore","county":"WILLIAMSON COUNTY","address":"1700 E PARK ST, CEDAR PARK, TX, USA","recruitment_status":"JSN Scheduled","jsn_date":"2026-09-16T18:45:00.000Z","unit":"Pack 0150","source":"CAC Schools monday.com table, joined to mapped recruitment-school coordinates"}},{"type":"Feature","id":"school-22","geometry":{"type":"Point","coordinates":[-97.79333,30.49792]},"properties":{"monday_item_id":"12457850531","district_type":"INDEPENDENT","school_name":"RUTLEDGE EL","school_district":"LEANDER ISD","scouting_district":"North Shore","county":"WILLIAMSON COUNTY","address":"11501 STAKED PLAINS DR, AUSTIN, TX, USA","recruitment_status":"JSN Scheduled","jsn_date":"2026-09-15T18:45:00.000Z","unit":"Pack 0150","source":"CAC Schools monday.com table, joined to mapped recruitment-school coordinates"}},{"type":"Feature","id":"school-23","geometry":{"type":"Point","coordinates":[-97.884145,30.379053]},"properties":{"monday_item_id":"12457850739","district_type":"INDEPENDENT","school_name":"STEINER RANCH EL","school_district":"LEANDER ISD","scouting_district":"North Shore","county":"WILLIAMSON COUNTY","address":"4001 QUINLAN PARK RD, AUSTIN, TX, USA","recruitment_status":"JSN Scheduled","jsn_date":"2026-09-17T18:45:00.000Z","unit":"Pack 0201","source":"CAC Schools monday.com table, joined to mapped recruitment-school coordinates"}},{"type":"Feature","id":"school-24","geometry":{"type":"Point","coordinates":[-97.827647,30.60477]},"properties":{"monday_item_id":"12457829688","district_type":"INDEPENDENT","school_name":"TARVIN EL","school_district":"LEANDER ISD","scouting_district":"North Shore","county":"WILLIAMSON COUNTY","address":"1280 LOGAN DEL WAY, LEANDER, TX, USA","recruitment_status":"JSN Scheduled","jsn_date":"2026-09-15T18:45:00.000Z","unit":"Pack 0233","source":"CAC Schools monday.com table, joined to mapped recruitment-school coordinates"}},{"type":"Feature","id":"school-25","geometry":{"type":"Point","coordinates":[-97.852881,30.49695]},"properties":{"monday_item_id":"12457805446","district_type":"INDEPENDENT","school_name":"WESTSIDE EL","school_district":"LEANDER ISD","scouting_district":"North Shore","county":"WILLIAMSON COUNTY","address":"300 RYAN JORDAN LN, CEDAR PARK, TX, USA","recruitment_status":"JSN Scheduled","jsn_date":"2026-09-17T18:45:00.000Z","unit":"Pack 2008","source":"CAC Schools monday.com table, joined to mapped recruitment-school coordinates"}},{"type":"Feature","id":"school-26","geometry":{"type":"Point","coordinates":[-97.870068,30.547738]},"properties":{"monday_item_id":"12457850691","district_type":"INDEPENDENT","school_name":"WHITESTONE EL","school_district":"LEANDER ISD","scouting_district":"North Shore","county":"WILLIAMSON COUNTY","address":"2000 CRYSTAL FALLS PKWY, LEANDER, TX, USA","recruitment_status":"JSN Scheduled","jsn_date":"2026-09-15T18:45:00.000Z","unit":"Pack 0170","source":"CAC Schools monday.com table, joined to mapped recruitment-school coordinates"}},{"type":"Feature","id":"school-27","geometry":{"type":"Point","coordinates":[-97.865923,30.538267]},"properties":{"monday_item_id":"12457850629","district_type":"INDEPENDENT","school_name":"WILLIAM J WINKLEY EL","school_district":"LEANDER ISD","scouting_district":"North Shore","county":"WILLIAMSON COUNTY","address":"2100 POW WOW, LEANDER, TX, USA","recruitment_status":"JSN Scheduled","jsn_date":"2026-09-17T18:45:00.000Z","unit":"Pack 0170","source":"CAC Schools monday.com table, joined to mapped recruitment-school coordinates"}},{"type":"Feature","id":"school-28","geometry":{"type":"Point","coordinates":[-98.098304,30.028916]},"properties":{"monday_item_id":"12457851145","district_type":"INDEPENDENT","school_name":"BLUE HOLE PRI","school_district":"WIMBERLEY ISD","scouting_district":"Sacred Springs","county":"HAYS COUNTY","address":"15900 WINTERS MILL PKWY, WIMBERLEY, TX, USA","recruitment_status":"JSN Scheduled","jsn_date":"2026-08-26T18:00:00.000Z","unit":"Pack 0127","source":"CAC Schools monday.com table, joined to mapped recruitment-school coordinates"}},{"type":"Feature","id":"school-29","geometry":{"type":"Point","coordinates":[-97.761941,30.005036]},"properties":{"monday_item_id":"12457876162","district_type":"INDEPENDENT","school_name":"CAMINO REAL EL","school_district":"HAYS CISD","scouting_district":"Sacred Springs","county":"HAYS COUNTY","address":"170 LAS BRISAS BLVD, NIEDERWALD, TX, USA","recruitment_status":"JSN Scheduled","jsn_date":"2026-09-10T18:30:00.000Z","unit":"Pack 0105","source":"CAC Schools monday.com table, joined to mapped recruitment-school coordinates"}},{"type":"Feature","id":"school-30","geometry":{"type":"Point","coordinates":[-97.89668,30.097023]},"properties":{"monday_item_id":"12457876201","district_type":"INDEPENDENT","school_name":"CARPENTER HILL EL","school_district":"HAYS CISD","scouting_district":"Sacred Springs","county":"HAYS COUNTY","address":"4410 RR 967, BUDA, TX, USA","recruitment_status":"JSN Scheduled","jsn_date":"2026-08-25T18:30:00.000Z","unit":"Pack 0128","source":"CAC Schools monday.com table, joined to mapped recruitment-school coordinates"}},{"type":"Feature","id":"school-31","geometry":{"type":"Point","coordinates":[-97.87326,30.089138]},"properties":{"monday_item_id":"12457851497","district_type":"INDEPENDENT","school_name":"ELM GROVE EL","school_district":"HAYS CISD","scouting_district":"Sacred Springs","county":"HAYS COUNTY","address":"801 FM 1626, BUDA, TX, USA","recruitment_status":"JSN Scheduled","jsn_date":"2026-08-18T18:30:00.000Z","unit":"Pack 0128","source":"CAC Schools monday.com table, joined to mapped recruitment-school coordinates"}},{"type":"Feature","id":"school-32","geometry":{"type":"Point","coordinates":[-98.144719,30.019254]},"properties":{"monday_item_id":"12457851074","district_type":"INDEPENDENT","school_name":"JACOB'S WELL EL","school_district":"WIMBERLEY ISD","scouting_district":"Sacred Springs","county":"HAYS COUNTY","address":"3470 RANCH RD 2325, WIMBERLEY, TX, USA","recruitment_status":"JSN Scheduled","jsn_date":"2026-08-25T18:00:00.000Z","unit":"Pack 0127","source":"CAC Schools monday.com table, joined to mapped recruitment-school coordinates"}},{"type":"Feature","id":"school-33","geometry":{"type":"Point","coordinates":[-97.905491,30.034652]},"properties":{"monday_item_id":"12457876384","district_type":"INDEPENDENT","school_name":"JIM CULLEN EL","school_district":"HAYS CISD","scouting_district":"Sacred Springs","county":"HAYS COUNTY","address":"21003 INTERSTATE 35, KYLE, TX, USA","recruitment_status":"JSN Scheduled","jsn_date":"2026-08-26T18:30:00.000Z","unit":"Pack 0812","source":"CAC Schools monday.com table, joined to mapped recruitment-school coordinates"}},{"type":"Feature","id":"school-34","geometry":{"type":"Point","coordinates":[-97.8838,30.0109]},"properties":{"monday_item_id":"12457851956","district_type":"INDEPENDENT","school_name":"LAURA B NEGLEY EL","school_district":"HAYS CISD","scouting_district":"Sacred Springs","county":"HAYS COUNTY","address":"5940 MCNAUGHTON, KYLE, TX, USA","recruitment_status":"JSN Scheduled","jsn_date":"2026-08-25T18:30:00.000Z","unit":"Pack 0812","source":"CAC Schools monday.com table, joined to mapped recruitment-school coordinates"}},{"type":"Feature","id":"school-35","geometry":{"type":"Point","coordinates":[-97.82356,30.03959]},"properties":{"monday_item_id":"12457876252","district_type":"INDEPENDENT","school_name":"RALPH PFLUGER EL","school_district":"HAYS CISD","scouting_district":"Sacred Springs","county":"HAYS COUNTY","address":"4951 MARSH LN, BUDA, TX, USA","recruitment_status":"JSN Scheduled","jsn_date":"2026-09-17T18:30:00.000Z","unit":"Pack 0105","source":"CAC Schools monday.com table, joined to mapped recruitment-school coordinates"}},{"type":"Feature","id":"school-36","geometry":{"type":"Point","coordinates":[-97.83833,30.014985]},"properties":{"monday_item_id":"12457852019","district_type":"INDEPENDENT","school_name":"SCIENCE HALL EL","school_district":"HAYS CISD","scouting_district":"Sacred Springs","county":"HAYS COUNTY","address":"1510 BEBEE RD, KYLE, TX, USA","recruitment_status":"JSN Scheduled","jsn_date":"2026-09-09T18:30:00.000Z","unit":"Pack 0105","source":"CAC Schools monday.com table, joined to mapped recruitment-school coordinates"}},{"type":"Feature","id":"school-37","geometry":{"type":"Point","coordinates":[-97.808982,30.08127]},"properties":{"monday_item_id":"12457851895","district_type":"INDEPENDENT","school_name":"SUNFIELD EL","school_district":"HAYS CISD","scouting_district":"Sacred Springs","county":"HAYS COUNTY","address":"155 VISTA GARDENS DR, BUDA, TX, USA","recruitment_status":"JSN Scheduled","jsn_date":"2026-09-09T18:30:00.000Z","unit":"","source":"CAC Schools monday.com table, joined to mapped recruitment-school coordinates"}},{"type":"Feature","id":"school-38","geometry":{"type":"Point","coordinates":[-97.8187,30.0639]},"properties":{"monday_item_id":"12457851271","district_type":"INDEPENDENT","school_name":"TOM GREEN EL","school_district":"HAYS CISD","scouting_district":"Sacred Springs","county":"HAYS COUNTY","address":"1301 OLD GOFORTH RD, BUDA, TX, USA","recruitment_status":"JSN Scheduled","jsn_date":"2026-09-03T18:30:00.000Z","unit":"Pack 0105","source":"CAC Schools monday.com table, joined to mapped recruitment-school coordinates"}},{"type":"Feature","id":"school-39","geometry":{"type":"Point","coordinates":[-97.785377,29.971819]},"properties":{"monday_item_id":"12457876305","district_type":"INDEPENDENT","school_name":"UHLAND EL","school_district":"HAYS CISD","scouting_district":"Sacred Springs","county":"HAYS COUNTY","address":"2331 HIGH RD, UHLAND, TX, USA","recruitment_status":"JSN Scheduled","jsn_date":"2026-09-16T18:30:00.000Z","unit":"Pack 0105","source":"CAC Schools monday.com table, joined to mapped recruitment-school coordinates"}},{"type":"Feature","id":"school-40","geometry":{"type":"Point","coordinates":[-97.896218,29.946645]},"properties":{"monday_item_id":"12457851935","district_type":"INDEPENDENT","school_name":"BLANCO VISTA EL","school_district":"HAYS CISD","scouting_district":"Sacred Springs","county":"HAYS COUNTY","address":"2951 BLANCO VISTA BLVD, SAN MARCOS, TX, USA","recruitment_status":"JSN Scheduled","jsn_date":"2026-09-16T15:30:00.000Z","unit":"Pack 0132","source":"CAC Schools monday.com table, joined to mapped recruitment-school coordinates"}},{"type":"Feature","id":"school-41","geometry":{"type":"Point","coordinates":[-97.824676,30.398385]},"properties":{"monday_item_id":"12457851014","district_type":"INDEPENDENT","school_name":"VANDEGRIFT H S","school_district":"LEANDER ISD","scouting_district":"North Shore","county":"WILLIAMSON COUNTY","address":"9500 MCNEIL DR, AUSTIN, TX, USA","recruitment_status":"Approved - Date Pending","jsn_date":"","unit":"","source":"CAC Schools monday.com table, joined to mapped recruitment-school coordinates"}},{"type":"Feature","id":"school-42","geometry":{"type":"Point","coordinates":[-97.783394,30.254391]},"properties":{"monday_item_id":"12457850692","district_type":"INDEPENDENT","school_name":"BARTON HILLS EL","school_district":"AUSTIN ISD","scouting_district":"Armadillo","county":"TRAVIS COUNTY","address":"2108 BARTON HILLS DR, AUSTIN, TX, USA","recruitment_status":"Planning in Progress","jsn_date":"","unit":"Pack 0014","source":"CAC Schools monday.com table, joined to mapped recruitment-school coordinates"}},{"type":"Feature","id":"school-43","geometry":{"type":"Point","coordinates":[-97.690348,30.307377]},"properties":{"monday_item_id":"12457850857","district_type":"INDEPENDENT","school_name":"BLANTON EL","school_district":"AUSTIN ISD","scouting_district":"Armadillo","county":"TRAVIS COUNTY","address":"5408 WESTMINSTER DR, AUSTIN, TX, USA","recruitment_status":"Planning in Progress","jsn_date":"","unit":"Pack 0512","source":"CAC Schools monday.com table, joined to mapped recruitment-school coordinates"}},{"type":"Feature","id":"school-44","geometry":{"type":"Point","coordinates":[-97.731959,30.340095]},"properties":{"monday_item_id":"12457850921","district_type":"INDEPENDENT","school_name":"BRENTWOOD EL","school_district":"AUSTIN ISD","scouting_district":"Armadillo","county":"TRAVIS COUNTY","address":"6703 YATES AV, AUSTIN, TX, USA","recruitment_status":"Planning in Progress","jsn_date":"","unit":"Pack 0049","source":"CAC Schools monday.com table, joined to mapped recruitment-school coordinates"}},{"type":"Feature","id":"school-45","geometry":{"type":"Point","coordinates":[-97.618305,30.452449]},"properties":{"monday_item_id":"12457851184","district_type":"INDEPENDENT","school_name":"BROOKHOLLOW EL","school_district":"PFLUGERVILLE ISD","scouting_district":"Armadillo","county":"TRAVIS COUNTY","address":"1200 RAILROAD AVE, PFLUGERVILLE, TX, USA","recruitment_status":"Planning in Progress","jsn_date":"","unit":"Crew 0003, Pack 0406","source":"CAC Schools monday.com table, joined to mapped recruitment-school coordinates"}},{"type":"Feature","id":"school-46","geometry":{"type":"Point","coordinates":[-97.750966,30.305478]},"properties":{"monday_item_id":"12457851068","district_type":"INDEPENDENT","school_name":"BRYKER WOODS EL","school_district":"AUSTIN ISD","scouting_district":"Armadillo","county":"TRAVIS COUNTY","address":"3309 KERBEY LN, AUSTIN, TX, USA","recruitment_status":"Planning in Progress","jsn_date":"","unit":"Pack 0009","source":"CAC Schools monday.com table, joined to mapped recruitment-school coordinates"}},{"type":"Feature","id":"school-47","geometry":{"type":"Point","coordinates":[-97.765594,30.304325]},"properties":{"monday_item_id":"12457850528","district_type":"INDEPENDENT","school_name":"CASIS EL","school_district":"AUSTIN ISD","scouting_district":"Armadillo","county":"TRAVIS COUNTY","address":"2710 EXPOSITION BLVD, AUSTIN, TX, USA","recruitment_status":"Planning in Progress","jsn_date":"","unit":"Pack 0020","source":"CAC Schools monday.com table, joined to mapped recruitment-school coordinates"}},{"type":"Feature","id":"school-48","geometry":{"type":"Point","coordinates":[-97.741532,30.4187]},"properties":{"monday_item_id":"12457850889","district_type":"INDEPENDENT","school_name":"DAVIS EL","school_district":"AUSTIN ISD","scouting_district":"Armadillo","county":"TRAVIS COUNTY","address":"5214 DUVAL RD, AUSTIN, TX, USA","recruitment_status":"Planning in Progress","jsn_date":"","unit":"Pack 0421","source":"CAC Schools monday.com table, joined to mapped recruitment-school coordinates"}},{"type":"Feature","id":"school-49","geometry":{"type":"Point","coordinates":[-97.643645,30.401839]},"properties":{"monday_item_id":"12457851139","district_type":"INDEPENDENT","school_name":"DESSAU EL","school_district":"PFLUGERVILLE ISD","scouting_district":"Armadillo","county":"TRAVIS COUNTY","address":"1501 DESSAU RIDGE LN, AUSTIN, TX, USA","recruitment_status":"Planning in Progress","jsn_date":"","unit":"","source":"CAC Schools monday.com table, joined to mapped recruitment-school coordinates"}},{"type":"Feature","id":"school-50","geometry":{"type":"Point","coordinates":[-97.762907,30.356013]},"properties":{"monday_item_id":"12457805620","district_type":"INDEPENDENT","school_name":"DOSS EL","school_district":"AUSTIN ISD","scouting_district":"Armadillo","county":"TRAVIS COUNTY","address":"7005 NORTHLEDGE DR, AUSTIN, TX, USA","recruitment_status":"Planning in Progress","jsn_date":"","unit":"Pack 0002","source":"CAC Schools monday.com table, joined to mapped recruitment-school coordinates"}},{"type":"Feature","id":"school-51","geometry":{"type":"Point","coordinates":[-97.771748,30.229454]},"properties":{"monday_item_id":"12457805447","district_type":"INDEPENDENT","school_name":"GALINDO EL","school_district":"AUSTIN ISD","scouting_district":"Armadillo","county":"TRAVIS COUNTY","address":"3800 S 2ND ST, AUSTIN, TX, USA","recruitment_status":"Planning in Progress","jsn_date":"","unit":"Pack 0033","source":"CAC Schools monday.com table, joined to mapped recruitment-school coordinates"}},{"type":"Feature","id":"school-52","geometry":{"type":"Point","coordinates":[-97.748694,30.343798]},"properties":{"monday_item_id":"12457851301","district_type":"INDEPENDENT","school_name":"GULLETT EL","school_district":"AUSTIN ISD","scouting_district":"Armadillo","county":"TRAVIS COUNTY","address":"6310 TREADWELL BLVD, AUSTIN, TX, USA","recruitment_status":"Planning in Progress","jsn_date":"","unit":"Pack 0055","source":"CAC Schools monday.com table, joined to mapped recruitment-school coordinates"}},{"type":"Feature","id":"school-53","geometry":{"type":"Point","coordinates":[-97.577991,30.449837]},"properties":{"monday_item_id":"12457805444","district_type":"INDEPENDENT","school_name":"HIDDEN LAKE EL","school_district":"PFLUGERVILLE ISD","scouting_district":"Armadillo","county":"TRAVIS COUNTY","address":"18218 HIDDEN LAKE DR, PFLUGERVILLE, TX, USA","recruitment_status":"JSN Scheduled","jsn_date":"2026-08-19T09:00:00.000Z","unit":"Pack 0685","source":"CAC Schools monday.com table, joined to mapped recruitment-school coordinates"}},{"type":"Feature","id":"school-54","geometry":{"type":"Point","coordinates":[-97.759989,30.330614]},"properties":{"monday_item_id":"12457851399","district_type":"INDEPENDENT","school_name":"HIGHLAND PARK EL","school_district":"AUSTIN ISD","scouting_district":"Armadillo","county":"TRAVIS COUNTY","address":"4900 FAIRVIEW DR, AUSTIN, TX, USA","recruitment_status":"Planning in Progress","jsn_date":"","unit":"Pack 0059","source":"CAC Schools monday.com table, joined to mapped recruitment-school coordinates"}},{"type":"Feature","id":"school-55","geometry":{"type":"Point","coordinates":[-97.6144,30.478066]},"properties":{"monday_item_id":"12457851676","district_type":"INDEPENDENT","school_name":"HIGHLAND PARK EL","school_district":"PFLUGERVILLE ISD","scouting_district":"Armadillo","county":"TRAVIS COUNTY","address":"528 KINGSTON LACY, PFLUGERVILLE, TX, USA","recruitment_status":"Planning in Progress","jsn_date":"","unit":"Pack 0059","source":"CAC Schools monday.com table, joined to mapped recruitment-school coordinates"}},{"type":"Feature","id":"school-56","geometry":{"type":"Point","coordinates":[-97.748921,30.376514]},"properties":{"monday_item_id":"12457805717","district_type":"INDEPENDENT","school_name":"HILL EL","school_district":"AUSTIN ISD","scouting_district":"Armadillo","county":"TRAVIS COUNTY","address":"8601 TALLWOOD DR, AUSTIN, TX, USA","recruitment_status":"Planning in Progress","jsn_date":"","unit":"Pack 0511","source":"CAC Schools monday.com table, joined to mapped recruitment-school coordinates"}},{"type":"Feature","id":"school-57","geometry":{"type":"Point","coordinates":[-97.714748,30.293179]},"properties":{"monday_item_id":"12457876202","district_type":"INDEPENDENT","school_name":"MAPLEWOOD EL","school_district":"AUSTIN ISD","scouting_district":"Armadillo","county":"TRAVIS COUNTY","address":"3808 MAPLEWOOD AVE, AUSTIN, TX, USA","recruitment_status":"Planning in Progress","jsn_date":"","unit":"","source":"CAC Schools monday.com table, joined to mapped recruitment-school coordinates"}},{"type":"Feature","id":"school-58","geometry":{"type":"Point","coordinates":[-97.547296,30.464423]},"properties":{"monday_item_id":"12457797601","district_type":"INDEPENDENT","school_name":"MOTT EL","school_district":"PFLUGERVILLE ISD","scouting_district":"Armadillo","county":"TRAVIS COUNTY","address":"20101 HODDE LN, PFLUGERVILLE, TX, USA","recruitment_status":"Planning in Progress","jsn_date":"","unit":"Pack 0406","source":"CAC Schools monday.com table, joined to mapped recruitment-school coordinates"}},{"type":"Feature","id":"school-59","geometry":{"type":"Point","coordinates":[-97.586659,30.467724]},"properties":{"monday_item_id":"12457851243","district_type":"INDEPENDENT","school_name":"MURCHISON EL","school_district":"PFLUGERVILLE ISD","scouting_district":"Armadillo","county":"TRAVIS COUNTY","address":"2215 KELLY LN, PFLUGERVILLE, TX, USA","recruitment_status":"JSN Scheduled","jsn_date":"2026-08-18T09:00:00.000Z","unit":"Pack 0685","source":"CAC Schools monday.com table, joined to mapped recruitment-school coordinates"}},{"type":"Feature","id":"school-60","geometry":{"type":"Point","coordinates":[-97.758712,30.354132]},"properties":{"monday_item_id":"12457850178","district_type":"INDEPENDENT","school_name":"MURCHISON MIDDLE","school_district":"AUSTIN ISD","scouting_district":"Armadillo","county":"TRAVIS COUNTY","address":"3700 N HILLS DR, AUSTIN, TX, USA","recruitment_status":"JSN Scheduled","jsn_date":"2026-08-18T09:00:00.000Z","unit":"Pack 0685","source":"CAC Schools monday.com table, joined to mapped recruitment-school coordinates"}},{"type":"Feature","id":"school-61","geometry":{"type":"Point","coordinates":[-97.613224,30.428597]},"properties":{"monday_item_id":"12457851308","district_type":"INDEPENDENT","school_name":"PFLUGERVILLE EL","school_district":"PFLUGERVILLE ISD","scouting_district":"Armadillo","county":"TRAVIS COUNTY","address":"701 IMMANUEL RD, PFLUGERVILLE, TX, USA","recruitment_status":"Planning in Progress","jsn_date":"","unit":"Pack 0406","source":"CAC Schools monday.com table, joined to mapped recruitment-school coordinates"}},{"type":"Feature","id":"school-62","geometry":{"type":"Point","coordinates":[-97.632462,30.444395]},"properties":{"monday_item_id":"12457851712","district_type":"INDEPENDENT","school_name":"PFLUGERVILLE H S","school_district":"PFLUGERVILLE ISD","scouting_district":"Armadillo","county":"TRAVIS COUNTY","address":"1301 W PECAN ST, PFLUGERVILLE, TX, USA","recruitment_status":"Planning in Progress","jsn_date":"","unit":"","source":"CAC Schools monday.com table, joined to mapped recruitment-school coordinates"}},{"type":"Feature","id":"school-63","geometry":{"type":"Point","coordinates":[-97.71976,30.327887]},"properties":{"monday_item_id":"12457851639","district_type":"INDEPENDENT","school_name":"REILLY EL","school_district":"AUSTIN ISD","scouting_district":"Armadillo","county":"TRAVIS COUNTY","address":"405 DENSON DR, AUSTIN, TX, USA","recruitment_status":"Planning in Progress","jsn_date":"","unit":"Pack 0512","source":"CAC Schools monday.com table, joined to mapped recruitment-school coordinates"}},{"type":"Feature","id":"school-64","geometry":{"type":"Point","coordinates":[-97.568329,30.467311]},"properties":{"monday_item_id":"12457851791","district_type":"INDEPENDENT","school_name":"RIOJAS EL","school_district":"PFLUGERVILLE ISD","scouting_district":"Armadillo","county":"TRAVIS COUNTY","address":"3400 CRISPIN HALL LN, PFLUGERVILLE, TX, USA","recruitment_status":"JSN Scheduled","jsn_date":"2026-08-19T09:00:00.000Z","unit":"Pack 0685","source":"CAC Schools monday.com table, joined to mapped recruitment-school coordinates"}},{"type":"Feature","id":"school-65","geometry":{"type":"Point","coordinates":[-97.562855,30.477512]},"properties":{"monday_item_id":"12457851634","district_type":"INDEPENDENT","school_name":"ROWE LANE EL","school_district":"PFLUGERVILLE ISD","scouting_district":"Armadillo","county":"TRAVIS COUNTY","address":"3112 SPEIDEL DR, PFLUGERVILLE, TX, USA","recruitment_status":"JSN Scheduled","jsn_date":"2026-08-19T09:00:00.000Z","unit":"Pack 0685","source":"CAC Schools monday.com table, joined to mapped recruitment-school coordinates"}},{"type":"Feature","id":"school-66","geometry":{"type":"Point","coordinates":[-97.719205,30.418476]},"properties":{"monday_item_id":"12457851793","district_type":"INDEPENDENT","school_name":"SUMMITT EL","school_district":"AUSTIN ISD","scouting_district":"Armadillo","county":"TRAVIS COUNTY","address":"12207 BRIGADOON LN, AUSTIN, TX, USA","recruitment_status":"Planning in Progress","jsn_date":"","unit":"Pack 0090","source":"CAC Schools monday.com table, joined to mapped recruitment-school coordinates"}},{"type":"Feature","id":"school-67","geometry":{"type":"Point","coordinates":[-97.632283,30.450015]},"properties":{"monday_item_id":"12457851445","district_type":"INDEPENDENT","school_name":"TIMMERMAN EL","school_district":"PFLUGERVILLE ISD","scouting_district":"Armadillo","county":"TRAVIS COUNTY","address":"412 SWENSON FARMS BV, PFLUGERVILLE, TX, USA","recruitment_status":"Planning in Progress","jsn_date":"","unit":"Pack 0406","source":"CAC Schools monday.com table, joined to mapped recruitment-school coordinates"}},{"type":"Feature","id":"school-68","geometry":{"type":"Point","coordinates":[-97.74575,30.24146]},"properties":{"monday_item_id":"12457876486","district_type":"INDEPENDENT","school_name":"TRAVIS HTS EL","school_district":"AUSTIN ISD","scouting_district":"Armadillo","county":"TRAVIS COUNTY","address":"2010 ALAMEDA DR, AUSTIN, TX, USA","recruitment_status":"Planning in Progress","jsn_date":"","unit":"Pack 0033","source":"CAC Schools monday.com table, joined to mapped recruitment-school coordinates"}},{"type":"Feature","id":"school-69","geometry":{"type":"Point","coordinates":[-97.7741,30.252623]},"properties":{"monday_item_id":"12457851572","district_type":"INDEPENDENT","school_name":"ZILKER EL","school_district":"AUSTIN ISD","scouting_district":"Armadillo","county":"TRAVIS COUNTY","address":"1900 BLUEBONNET LN, AUSTIN, TX, USA","recruitment_status":"Planning in Progress","jsn_date":"","unit":"Pack 0014","source":"CAC Schools monday.com table, joined to mapped recruitment-school coordinates"}},{"type":"Feature","id":"school-70","geometry":{"type":"Point","coordinates":[-97.881012,30.306848]},"properties":{"monday_item_id":"12457851742","district_type":"INDEPENDENT","school_name":"BARTON CREEK EL","school_district":"EANES ISD","scouting_district":"Bee Cave","county":"TRAVIS COUNTY","address":"1314 PATTERSON RD, AUSTIN, TX, USA","recruitment_status":"Planning in Progress","jsn_date":"","unit":"Pack 0029","source":"CAC Schools monday.com table, joined to mapped recruitment-school coordinates"}},{"type":"Feature","id":"school-71","geometry":{"type":"Point","coordinates":[-97.968308,30.309203]},"properties":{"monday_item_id":"12457851166","district_type":"INDEPENDENT","school_name":"BEE CAVE EL","school_district":"LAKE TRAVIS ISD","scouting_district":"Bee Cave","county":"TRAVIS COUNTY","address":"14300 HAMILTON POOL RD, AUSTIN, TX, USA","recruitment_status":"Planning in Progress","jsn_date":"","unit":"Pack 0445","source":"CAC Schools monday.com table, joined to mapped recruitment-school coordinates"}},{"type":"Feature","id":"school-72","geometry":{"type":"Point","coordinates":[-97.805905,30.339656]},"properties":{"monday_item_id":"12457851938","district_type":"INDEPENDENT","school_name":"BRIDGE POINT EL","school_district":"EANES ISD","scouting_district":"Bee Cave","county":"TRAVIS COUNTY","address":"6401 CEDAR ST, AUSTIN, TX, USA","recruitment_status":"Planning in Progress","jsn_date":"","unit":"Pack 0039","source":"CAC Schools monday.com table, joined to mapped recruitment-school coordinates"}},{"type":"Feature","id":"school-73","geometry":{"type":"Point","coordinates":[-97.805906,30.268906]},"properties":{"monday_item_id":"12457851597","district_type":"INDEPENDENT","school_name":"CEDAR CREEK EL","school_district":"EANES ISD","scouting_district":"Bee Cave","county":"TRAVIS COUNTY","address":"3301 PINNACLE RD, AUSTIN, TX, USA","recruitment_status":"Planning in Progress","jsn_date":"","unit":"Pack 0091","source":"CAC Schools monday.com table, joined to mapped recruitment-school coordinates"}},{"type":"Feature","id":"school-74","geometry":{"type":"Point","coordinates":[-97.811418,30.283164]},"properties":{"monday_item_id":"12457851559","district_type":"INDEPENDENT","school_name":"EANES EL","school_district":"EANES ISD","scouting_district":"Bee Cave","county":"TRAVIS COUNTY","address":"4101 BEE CAVE RD, AUSTIN, TX, USA","recruitment_status":"Planning in Progress","jsn_date":"","unit":"Pack 0066","source":"CAC Schools monday.com table, joined to mapped recruitment-school coordinates"}},{"type":"Feature","id":"school-75","geometry":{"type":"Point","coordinates":[-97.819719,30.281195]},"properties":{"monday_item_id":"12457851697","district_type":"INDEPENDENT","school_name":"FOREST TRAIL EL","school_district":"EANES ISD","scouting_district":"Bee Cave","county":"TRAVIS COUNTY","address":"1203 LOOP 360 S, AUSTIN, TX, USA","recruitment_status":"Planning in Progress","jsn_date":"","unit":"Pack 0030","source":"CAC Schools monday.com table, joined to mapped recruitment-school coordinates"}},{"type":"Feature","id":"school-76","geometry":{"type":"Point","coordinates":[-97.920704,30.309468]},"properties":{"monday_item_id":"12457851213","district_type":"INDEPENDENT","school_name":"LAKE POINTE EL","school_district":"LAKE TRAVIS ISD","scouting_district":"Bee Cave","county":"TRAVIS COUNTY","address":"11801 SONOMA DR, AUSTIN, TX, USA","recruitment_status":"Planning in Progress","jsn_date":"","unit":"Pack 0072","source":"CAC Schools monday.com table, joined to mapped recruitment-school coordinates"}},{"type":"Feature","id":"school-77","geometry":{"type":"Point","coordinates":[-97.976031,30.352909]},"properties":{"monday_item_id":"12457851173","district_type":"INDEPENDENT","school_name":"LAKEWAY EL","school_district":"LAKE TRAVIS ISD","scouting_district":"Bee Cave","county":"TRAVIS COUNTY","address":"1701 LOHMANS CROSSING RD, AUSTIN, TX, USA","recruitment_status":"Planning in Progress","jsn_date":"","unit":"Pack 0440","source":"CAC Schools monday.com table, joined to mapped recruitment-school coordinates"}},{"type":"Feature","id":"school-78","geometry":{"type":"Point","coordinates":[-98.028103,30.354638]},"properties":{"monday_item_id":"12457851371","district_type":"INDEPENDENT","school_name":"ROUGH HOLLOW EL","school_district":"LAKE TRAVIS ISD","scouting_district":"Bee Cave","county":"TRAVIS COUNTY","address":"4219 BEE CREEK RD, SPICEWOOD, TX, USA","recruitment_status":"Planning in Progress","jsn_date":"","unit":"Pack 0786","source":"CAC Schools monday.com table, joined to mapped recruitment-school coordinates"}},{"type":"Feature","id":"school-79","geometry":{"type":"Point","coordinates":[-97.996556,30.348306]},"properties":{"monday_item_id":"12457851266","district_type":"INDEPENDENT","school_name":"SERENE HILLS EL","school_district":"LAKE TRAVIS ISD","scouting_district":"Bee Cave","county":"TRAVIS COUNTY","address":"3301 SERENE HILLS DR, AUSTIN, TX, USA","recruitment_status":"Planning in Progress","jsn_date":"","unit":"Pack 0442","source":"CAC Schools monday.com table, joined to mapped recruitment-school coordinates"}},{"type":"Feature","id":"school-80","geometry":{"type":"Point","coordinates":[-98.084693,30.349978]},"properties":{"monday_item_id":"12457851310","district_type":"INDEPENDENT","school_name":"WEST CYPRESS HILLS EL","school_district":"LAKE TRAVIS ISD","scouting_district":"Bee Cave","county":"TRAVIS COUNTY","address":"6112 CYPRESS RANCH RD, SPICEWOOD, TX, USA","recruitment_status":"Planning in Progress","jsn_date":"","unit":"Pack 0786","source":"CAC Schools monday.com table, joined to mapped recruitment-school coordinates"}},{"type":"Feature","id":"school-81","geometry":{"type":"Point","coordinates":[-97.806434,30.452678]},"properties":{"monday_item_id":"12457851191","district_type":"INDEPENDENT","school_name":"ANDERSON MILL EL","school_district":"ROUND ROCK ISD","scouting_district":"Chisholm Trail","county":"WILLIAMSON COUNTY","address":"10610 SALT MILL HOLLOW, AUSTIN, TX, USA","recruitment_status":"Planning in Progress","jsn_date":"","unit":"Pack 146 (New Unit)","source":"CAC Schools monday.com table, joined to mapped recruitment-school coordinates"}},{"type":"Feature","id":"school-82","geometry":{"type":"Point","coordinates":[-97.589961,30.551052]},"properties":{"monday_item_id":"12457851902","district_type":"INDEPENDENT","school_name":"BENJAMIN DOC KERLEY EL","school_district":"HUTTO ISD","scouting_district":"Chisholm Trail","county":"WILLIAMSON COUNTY","address":"800 HAYBARN LN, HUTTO, TX, USA","recruitment_status":"Planning in Progress","jsn_date":"","unit":"Pack 0912","source":"CAC Schools monday.com table, joined to mapped recruitment-school coordinates"}},{"type":"Feature","id":"school-83","geometry":{"type":"Point","coordinates":[-97.622666,30.49905]},"properties":{"monday_item_id":"12457851986","district_type":"INDEPENDENT","school_name":"BLACKLAND PRAIRIE EL","school_district":"ROUND ROCK ISD","scouting_district":"Chisholm Trail","county":"WILLIAMSON COUNTY","address":"2105 VIA SONOMA TRL, ROUND ROCK, TX, USA","recruitment_status":"Planning in Progress","jsn_date":"","unit":"Pack 0304","source":"CAC Schools monday.com table, joined to mapped recruitment-school coordinates"}},{"type":"Feature","id":"school-84","geometry":{"type":"Point","coordinates":[-97.691599,30.489854]},"properties":{"monday_item_id":"12457851366","district_type":"INDEPENDENT","school_name":"BLUEBONNET EL","school_district":"ROUND ROCK ISD","scouting_district":"Chisholm Trail","county":"WILLIAMSON COUNTY","address":"1010 CHISHOLM VLY DR, ROUND ROCK, TX, USA","recruitment_status":"Planning in Progress","jsn_date":"","unit":"pack345 (restart)","source":"CAC Schools monday.com table, joined to mapped recruitment-school coordinates"}},{"type":"Feature","id":"school-85","geometry":{"type":"Point","coordinates":[-97.737776,30.511802]},"properties":{"monday_item_id":"12457850955","district_type":"INDEPENDENT","school_name":"BRUSHY CREEK EL","school_district":"ROUND ROCK ISD","scouting_district":"Chisholm Trail","county":"WILLIAMSON COUNTY","address":"3800 STONEBRIDGE, ROUND ROCK, TX, USA","recruitment_status":"Planning in Progress","jsn_date":"","unit":"Pack 0265","source":"CAC Schools monday.com table, joined to mapped recruitment-school coordinates"}},{"type":"Feature","id":"school-86","geometry":{"type":"Point","coordinates":[-97.721455,30.541065]},"properties":{"monday_item_id":"12457876110","district_type":"INDEPENDENT","school_name":"CACTUS RANCH EL","school_district":"ROUND ROCK ISD","scouting_district":"Chisholm Trail","county":"WILLIAMSON COUNTY","address":"2901 GOLDENOAK CIR, ROUND ROCK, TX, USA","recruitment_status":"Planning in Progress","jsn_date":"","unit":"Pack 0365","source":"CAC Schools monday.com table, joined to mapped recruitment-school coordinates"}},{"type":"Feature","id":"school-87","geometry":{"type":"Point","coordinates":[-97.66882,30.565589]},"properties":{"monday_item_id":"12457851641","district_type":"INDEPENDENT","school_name":"CALDWELL HEIGHTS EL","school_district":"ROUND ROCK ISD","scouting_district":"Chisholm Trail","county":"WILLIAMSON COUNTY","address":"4010 EAGLES NEST, ROUND ROCK, TX, USA","recruitment_status":"Planning in Progress","jsn_date":"","unit":"Pack 0565","source":"CAC Schools monday.com table, joined to mapped recruitment-school coordinates"}},{"type":"Feature","id":"school-88","geometry":{"type":"Point","coordinates":[-97.82479,30.436935]},"properties":{"monday_item_id":"12457851496","district_type":"INDEPENDENT","school_name":"CANYON CREEK EL","school_district":"ROUND ROCK ISD","scouting_district":"Chisholm Trail","county":"WILLIAMSON COUNTY","address":"10210 EMBER GLEN DR, AUSTIN, TX, USA","recruitment_status":"Planning in Progress","jsn_date":"","unit":"Pack 0149","source":"CAC Schools monday.com table, joined to mapped recruitment-school coordinates"}},{"type":"Feature","id":"school-89","geometry":{"type":"Point","coordinates":[-97.732714,30.556509]},"properties":{"monday_item_id":"12457876254","district_type":"INDEPENDENT","school_name":"CHANDLER OAKS EL","school_district":"ROUND ROCK ISD","scouting_district":"Chisholm Trail","county":"WILLIAMSON COUNTY","address":"3800 STONE OAK DR, ROUND ROCK, TX, USA","recruitment_status":"Planning in Progress","jsn_date":"","unit":"Pack 0653","source":"CAC Schools monday.com table, joined to mapped recruitment-school coordinates"}},{"type":"Feature","id":"school-90","geometry":{"type":"Point","coordinates":[-97.684072,30.510694]},"properties":{"monday_item_id":"12457850953","district_type":"INDEPENDENT","school_name":"CLAUDE BERKMAN EL","school_district":"ROUND ROCK ISD","scouting_district":"Chisholm Trail","county":"WILLIAMSON COUNTY","address":"400 W ANDERSON AVE, ROUND ROCK, TX, USA","recruitment_status":"Planning in Progress","jsn_date":"","unit":"New Unit","source":"CAC Schools monday.com table, joined to mapped recruitment-school coordinates"}},{"type":"Feature","id":"school-91","geometry":{"type":"Point","coordinates":[-97.552509,30.556468]},"properties":{"monday_item_id":"12457851642","district_type":"INDEPENDENT","school_name":"COTTONWOOD CREEK EL","school_district":"HUTTO ISD","scouting_district":"Chisholm Trail","county":"WILLIAMSON COUNTY","address":"3160 LIMMER LOOP, HUTTO, TX, USA","recruitment_status":"Planning in Progress","jsn_date":"","unit":"New Unit, Pack 0912","source":"CAC Schools monday.com table, joined to mapped recruitment-school coordinates"}},{"type":"Feature","id":"school-92","geometry":{"type":"Point","coordinates":[-97.593454,30.495464]},"properties":{"monday_item_id":"12457805841","district_type":"INDEPENDENT","school_name":"DEARING EL","school_district":"PFLUGERVILLE ISD","scouting_district":"Chisholm Trail","county":"TRAVIS COUNTY","address":"4301 GATTIS SCHOOL RD, ROUND ROCK, TX, USA","recruitment_status":"Planning in Progress","jsn_date":"","unit":"Pack 0404","source":"CAC Schools monday.com table, joined to mapped recruitment-school coordinates"}},{"type":"Feature","id":"school-93","geometry":{"type":"Point","coordinates":[-97.697223,30.500172]},"properties":{"monday_item_id":"12457851077","district_type":"INDEPENDENT","school_name":"DEEP WOOD EL","school_district":"ROUND ROCK ISD","scouting_district":"Chisholm Trail","county":"WILLIAMSON COUNTY","address":"705 ST WILLIAMS DR, ROUND ROCK, TX, USA","recruitment_status":"Planning in Progress","jsn_date":"","unit":"Pack155 restart?, New Unit","source":"CAC Schools monday.com table, joined to mapped recruitment-school coordinates"}},{"type":"Feature","id":"school-94","geometry":{"type":"Point","coordinates":[-97.649172,30.53447]},"properties":{"monday_item_id":"12457851446","district_type":"INDEPENDENT","school_name":"DOUBLE FILE TRAIL EL","school_district":"ROUND ROCK ISD","scouting_district":"Chisholm Trail","county":"WILLIAMSON COUNTY","address":"2400 CHANDLER CREEK BLVD, ROUND ROCK, TX, USA","recruitment_status":"Planning in Progress","jsn_date":"","unit":"New Unit","source":"CAC Schools monday.com table, joined to mapped recruitment-school coordinates"}},{"type":"Feature","id":"school-95","geometry":{"type":"Point","coordinates":[-97.750879,30.493608]},"properties":{"monday_item_id":"12457876401","district_type":"INDEPENDENT","school_name":"ELSA ENGLAND EL","school_district":"ROUND ROCK ISD","scouting_district":"Chisholm Trail","county":"WILLIAMSON COUNTY","address":"8801 PEARSON RD, AUSTIN, TX, USA","recruitment_status":"Planning in Progress","jsn_date":"","unit":"Pack 0333","source":"CAC Schools monday.com table, joined to mapped recruitment-school coordinates"}},{"type":"Feature","id":"school-96","geometry":{"type":"Point","coordinates":[-97.720143,30.516464]},"properties":{"monday_item_id":"12457851397","district_type":"INDEPENDENT","school_name":"FERN BLUFF EL","school_district":"ROUND ROCK ISD","scouting_district":"Chisholm Trail","county":"WILLIAMSON COUNTY","address":"17815 PARK VLY, ROUND ROCK, TX, USA","recruitment_status":"Planning in Progress","jsn_date":"","unit":"Pack 0562","source":"CAC Schools monday.com table, joined to mapped recruitment-school coordinates"}},{"type":"Feature","id":"school-97","geometry":{"type":"Point","coordinates":[-97.608115,30.508198]},"properties":{"monday_item_id":"12457851579","district_type":"INDEPENDENT","school_name":"FOREST CREEK EL","school_district":"ROUND ROCK ISD","scouting_district":"Chisholm Trail","county":"WILLIAMSON COUNTY","address":"3805 FOREST CREEK DR, ROUND ROCK, TX, USA","recruitment_status":"Planning in Progress","jsn_date":"","unit":"Pack 0404","source":"CAC Schools monday.com table, joined to mapped recruitment-school coordinates"}},{"type":"Feature","id":"school-98","geometry":{"type":"Point","coordinates":[-97.78187,30.470675]},"properties":{"monday_item_id":"12457851146","district_type":"INDEPENDENT","school_name":"FOREST NORTH EL","school_district":"ROUND ROCK ISD","scouting_district":"Chisholm Trail","county":"WILLIAMSON COUNTY","address":"13414 BROADMEADE AVE, AUSTIN, TX, USA","recruitment_status":"Planning in Progress","jsn_date":"","unit":"New Unit","source":"CAC Schools monday.com table, joined to mapped recruitment-school coordinates"}},{"type":"Feature","id":"school-99","geometry":{"type":"Point","coordinates":[-97.641428,30.499231]},"properties":{"monday_item_id":"12457851302","district_type":"INDEPENDENT","school_name":"GATTIS EL","school_district":"ROUND ROCK ISD","scouting_district":"Chisholm Trail","county":"WILLIAMSON COUNTY","address":"2920 ROUND ROCK RANCH RD, ROUND ROCK, TX, USA","recruitment_status":"Planning in Progress","jsn_date":"","unit":"Pack 0304","source":"CAC Schools monday.com table, joined to mapped recruitment-school coordinates"}},{"type":"Feature","id":"school-100","geometry":{"type":"Point","coordinates":[-97.738667,30.495812]},"properties":{"monday_item_id":"12457805652","district_type":"INDEPENDENT","school_name":"GREAT OAKS EL","school_district":"ROUND ROCK ISD","scouting_district":"Chisholm Trail","county":"WILLIAMSON COUNTY","address":"16455 GREAT OAKS DR, ROUND ROCK, TX, USA","recruitment_status":"JSN Scheduled","jsn_date":"2026-08-25T18:00:00.000Z","unit":"Pack 0174","source":"CAC Schools monday.com table, joined to mapped recruitment-school coordinates"}},{"type":"Feature","id":"school-101","geometry":{"type":"Point","coordinates":[-97.557689,30.518752]},"properties":{"monday_item_id":"12457851860","district_type":"INDEPENDENT","school_name":"HOWARD NORMAN EL","school_district":"HUTTO ISD","scouting_district":"Chisholm Trail","county":"WILLIAMSON COUNTY","address":"101 LLANO RIVER TRAIL, HUTTO, TX, USA","recruitment_status":"Planning in Progress","jsn_date":"","unit":"Pack 0176, Pack 0912","source":"CAC Schools monday.com table, joined to mapped recruitment-school coordinates"}},{"type":"Feature","id":"school-102","geometry":{"type":"Point","coordinates":[-97.538947,30.550549]},"properties":{"monday_item_id":"12457876428","district_type":"INDEPENDENT","school_name":"HUTTO EL","school_district":"HUTTO ISD","scouting_district":"Chisholm Trail","county":"WILLIAMSON COUNTY","address":"100 MAGER LN, HUTTO, TX, USA","recruitment_status":"Planning in Progress","jsn_date":"","unit":"Pack 0912","source":"CAC Schools monday.com table, joined to mapped recruitment-school coordinates"}},{"type":"Feature","id":"school-103","geometry":{"type":"Point","coordinates":[-97.541837,30.546525]},"properties":{"monday_item_id":"12457851703","district_type":"INDEPENDENT","school_name":"HUTTO VIRTUAL ACADEMY","school_district":"HUTTO ISD","scouting_district":"Chisholm Trail","county":"WILLIAMSON COUNTY","address":"309 E LIVE OAK ST, HUTTO, TX, USA","recruitment_status":"Planning in Progress","jsn_date":"","unit":"New Unit","source":"CAC Schools monday.com table, joined to mapped recruitment-school coordinates"}},{"type":"Feature","id":"school-104","geometry":{"type":"Point","coordinates":[-97.681743,30.456579]},"properties":{"monday_item_id":"12457851704","district_type":"INDEPENDENT","school_name":"JOE LEE JOHNSON EL","school_district":"ROUND ROCK ISD","scouting_district":"Chisholm Trail","county":"WILLIAMSON COUNTY","address":"2800 SAULS DR, AUSTIN, TX, USA","recruitment_status":"Planning in Progress","jsn_date":"","unit":"Pack 0728","source":"CAC Schools monday.com table, joined to mapped recruitment-school coordinates"}},{"type":"Feature","id":"school-105","geometry":{"type":"Point","coordinates":[-97.750722,30.444326]},"properties":{"monday_item_id":"12457851448","district_type":"INDEPENDENT","school_name":"JOLLYVILLE EL","school_district":"ROUND ROCK ISD","scouting_district":"Chisholm Trail","county":"WILLIAMSON COUNTY","address":"6720 CORPUS CHRISTI DR, AUSTIN, TX, USA","recruitment_status":"Planning in Progress","jsn_date":"","unit":"Pack 0159","source":"CAC Schools monday.com table, joined to mapped recruitment-school coordinates"}},{"type":"Feature","id":"school-106","geometry":{"type":"Point","coordinates":[-97.769418,30.419875]},"properties":{"monday_item_id":"12457850856","district_type":"INDEPENDENT","school_name":"KATHY CARAWAY EL","school_district":"ROUND ROCK ISD","scouting_district":"Chisholm Trail","county":"WILLIAMSON COUNTY","address":"11104 OAK VIEW DR, AUSTIN, TX, USA","recruitment_status":"Planning in Progress","jsn_date":"","unit":"Pack 0162","source":"CAC Schools monday.com table, joined to mapped recruitment-school coordinates"}},{"type":"Feature","id":"school-107","geometry":{"type":"Point","coordinates":[-97.780755,30.413758]},"properties":{"monday_item_id":"12457851081","district_type":"INDEPENDENT","school_name":"LAUREL MOUNTAIN EL","school_district":"ROUND ROCK ISD","scouting_district":"Chisholm Trail","county":"WILLIAMSON COUNTY","address":"10111 DK RANCH RD, AUSTIN, TX, USA","recruitment_status":"Planning in Progress","jsn_date":"","unit":"Pack 0169","source":"CAC Schools monday.com table, joined to mapped recruitment-school coordinates"}},{"type":"Feature","id":"school-108","geometry":{"type":"Point","coordinates":[-97.540966,30.581421]},"properties":{"monday_item_id":"12457851577","district_type":"INDEPENDENT","school_name":"LEE MARTINEZ EL","school_district":"HUTTO ISD","scouting_district":"Chisholm Trail","county":"WILLIAMSON COUNTY","address":"200 COLLEGE ST, HUTTO, TX, USA","recruitment_status":"Planning in Progress","jsn_date":"","unit":"New Unit","source":"CAC Schools monday.com table, joined to mapped recruitment-school coordinates"}},{"type":"Feature","id":"school-109","geometry":{"type":"Point","coordinates":[-97.62372,30.555666]},"properties":{"monday_item_id":"12457876383","district_type":"INDEPENDENT","school_name":"LINDA HERRINGTON EL","school_district":"ROUND ROCK ISD","scouting_district":"Chisholm Trail","county":"WILLIAMSON COUNTY","address":"2850 PALOMA LAKE BLVD, ROUND ROCK, TX, USA","recruitment_status":"Planning in Progress","jsn_date":"","unit":"Pack 0027","source":"CAC Schools monday.com table, joined to mapped recruitment-school coordinates"}},{"type":"Feature","id":"school-110","geometry":{"type":"Point","coordinates":[-97.770795,30.453703]},"properties":{"monday_item_id":"12457851238","district_type":"INDEPENDENT","school_name":"LIVE OAK EL","school_district":"ROUND ROCK ISD","scouting_district":"Chisholm Trail","county":"WILLIAMSON COUNTY","address":"8607 ANDERSON MILL RD, AUSTIN, TX, USA","recruitment_status":"Planning in Progress","jsn_date":"","unit":"Pack 0159","source":"CAC Schools monday.com table, joined to mapped recruitment-school coordinates"}},{"type":"Feature","id":"school-111","geometry":{"type":"Point","coordinates":[-97.415086,30.594064]},"properties":{"monday_item_id":"12457828395","district_type":"INDEPENDENT","school_name":"MAIN STREET EL","school_district":"TAYLOR ISD","scouting_district":"Chisholm Trail","county":"WILLIAMSON COUNTY","address":"3101 N MAIN ST STE 105, TAYLOR, TX, USA","recruitment_status":"JSN Scheduled","jsn_date":"2026-08-25T09:00:00.000Z","unit":"Pack 0167","source":"CAC Schools monday.com table, joined to mapped recruitment-school coordinates"}},{"type":"Feature","id":"school-112","geometry":{"type":"Point","coordinates":[-97.558873,30.534783]},"properties":{"monday_item_id":"12457805655","district_type":"INDEPENDENT","school_name":"NADINE JOHNSON EL","school_district":"HUTTO ISD","scouting_district":"Chisholm Trail","county":"WILLIAMSON COUNTY","address":"480 CARL STERN BLVD, HUTTO, TX, USA","recruitment_status":"Planning in Progress","jsn_date":"","unit":"Pack 0176","source":"CAC Schools monday.com table, joined to mapped recruitment-school coordinates"}},{"type":"Feature","id":"school-113","geometry":{"type":"Point","coordinates":[-97.430086,30.588747]},"properties":{"monday_item_id":"12457805443","district_type":"INDEPENDENT","school_name":"NAOMI PASEMANN EL","school_district":"TAYLOR ISD","scouting_district":"Chisholm Trail","county":"WILLIAMSON COUNTY","address":"2809 N DR, TAYLOR, TX, USA","recruitment_status":"JSN Scheduled","jsn_date":"2026-08-25T18:00:00.000Z","unit":"Pack 0167","source":"CAC Schools monday.com table, joined to mapped recruitment-school coordinates"}},{"type":"Feature","id":"school-114","geometry":{"type":"Point","coordinates":[-97.659123,30.502516]},"properties":{"monday_item_id":"12457805743","district_type":"INDEPENDENT","school_name":"NEYSA CALLISON EL","school_district":"ROUND ROCK ISD","scouting_district":"Chisholm Trail","county":"WILLIAMSON COUNTY","address":"1750 THOMPSON TRL, ROUND ROCK, TX, USA","recruitment_status":"Planning in Progress","jsn_date":"","unit":"New Unit","source":"CAC Schools monday.com table, joined to mapped recruitment-school coordinates"}},{"type":"Feature","id":"school-115","geometry":{"type":"Point","coordinates":[-97.704489,30.53182]},"properties":{"monday_item_id":"12457851364","district_type":"INDEPENDENT","school_name":"OLD TOWN EL","school_district":"ROUND ROCK ISD","scouting_district":"Chisholm Trail","county":"WILLIAMSON COUNTY","address":"2200 CHAPARRAL DR, ROUND ROCK, TX, USA","recruitment_status":"Planning in Progress","jsn_date":"","unit":"Pack 0165","source":"CAC Schools monday.com table, joined to mapped recruitment-school coordinates"}},{"type":"Feature","id":"school-116","geometry":{"type":"Point","coordinates":[-97.751946,30.504541]},"properties":{"monday_item_id":"12457876203","district_type":"INDEPENDENT","school_name":"PATSY SOMMER EL","school_district":"ROUND ROCK ISD","scouting_district":"Chisholm Trail","county":"WILLIAMSON COUNTY","address":"16200 AVERY RANCH BLVD, AUSTIN, TX, USA","recruitment_status":"Planning in Progress","jsn_date":"","unit":"Pack 0371","source":"CAC Schools monday.com table, joined to mapped recruitment-school coordinates"}},{"type":"Feature","id":"school-117","geometry":{"type":"Point","coordinates":[-97.820177,30.457058]},"properties":{"monday_item_id":"12457851304","district_type":"INDEPENDENT","school_name":"PURPLE SAGE EL","school_district":"ROUND ROCK ISD","scouting_district":"Chisholm Trail","county":"WILLIAMSON COUNTY","address":"11801 TANGLEBRIAR TRL, AUSTIN, TX, USA","recruitment_status":"Planning in Progress","jsn_date":"","unit":"Pack 146 (New Unit)","source":"CAC Schools monday.com table, joined to mapped recruitment-school coordinates"}},{"type":"Feature","id":"school-118","geometry":{"type":"Point","coordinates":[-97.538907,30.513863]},"properties":{"monday_item_id":"12457851747","district_type":"INDEPENDENT","school_name":"RAY EL","school_district":"HUTTO ISD","scouting_district":"Chisholm Trail","county":"WILLIAMSON COUNTY","address":"225 SWINDOLL LN, HUTTO, TX, USA","recruitment_status":"Planning in Progress","jsn_date":"","unit":"Pack 0176","source":"CAC Schools monday.com table, joined to mapped recruitment-school coordinates"}},{"type":"Feature","id":"school-119","geometry":{"type":"Point","coordinates":[-97.621064,30.539338]},"properties":{"monday_item_id":"12457876165","district_type":"INDEPENDENT","school_name":"REDBUD EL","school_district":"ROUND ROCK ISD","scouting_district":"Chisholm Trail","county":"WILLIAMSON COUNTY","address":"1500 TY COBB PLACE, ROUND ROCK, TX, USA","recruitment_status":"Planning in Progress","jsn_date":"","unit":"Pack 0027","source":"CAC Schools monday.com table, joined to mapped recruitment-school coordinates"}},{"type":"Feature","id":"school-120","geometry":{"type":"Point","coordinates":[-97.804267,30.445057]},"properties":{"monday_item_id":"12457850740","district_type":"INDEPENDENT","school_name":"SPICEWOOD EL","school_district":"ROUND ROCK ISD","scouting_district":"Chisholm Trail","county":"WILLIAMSON COUNTY","address":"11601 OLSON DR, AUSTIN, TX, USA","recruitment_status":"Planning in Progress","jsn_date":"","unit":"Pack 0149","source":"CAC Schools monday.com table, joined to mapped recruitment-school coordinates"}},{"type":"Feature","id":"school-121","geometry":{"type":"Point","coordinates":[-97.662334,30.575752]},"properties":{"monday_item_id":"12457851670","district_type":"INDEPENDENT","school_name":"TERAVISTA EL","school_district":"ROUND ROCK ISD","scouting_district":"Chisholm Trail","county":"WILLIAMSON COUNTY","address":"4419 TERAVISTA CLUB DR, ROUND ROCK, TX, USA","recruitment_status":"Planning in Progress","jsn_date":"","unit":"Pack 0565","source":"CAC Schools monday.com table, joined to mapped recruitment-school coordinates"}},{"type":"Feature","id":"school-122","geometry":{"type":"Point","coordinates":[-97.419871,30.59352]},"properties":{"monday_item_id":"12457805568","district_type":"INDEPENDENT","school_name":"TH JOHNSON EL","school_district":"TAYLOR ISD","scouting_district":"Chisholm Trail","county":"WILLIAMSON COUNTY","address":"3100 DUCK LN, TAYLOR, TX, USA","recruitment_status":"JSN Scheduled","jsn_date":"2026-07-31T18:00:00.000Z","unit":"Pack 0167","source":"CAC Schools monday.com table, joined to mapped recruitment-school coordinates"}},{"type":"Feature","id":"school-123","geometry":{"type":"Point","coordinates":[-97.659861,30.553997]},"properties":{"monday_item_id":"12457876275","district_type":"INDEPENDENT","school_name":"UNION HILL EL","school_district":"ROUND ROCK ISD","scouting_district":"Chisholm Trail","county":"WILLIAMSON COUNTY","address":"1511 GULF WAY, ROUND ROCK, TX, USA","recruitment_status":"Planning in Progress","jsn_date":"","unit":"Pack 0027","source":"CAC Schools monday.com table, joined to mapped recruitment-school coordinates"}},{"type":"Feature","id":"school-124","geometry":{"type":"Point","coordinates":[-97.595261,30.56651]},"properties":{"monday_item_id":"12457851817","district_type":"INDEPENDENT","school_name":"VETERANS HILL EL","school_district":"HUTTO ISD","scouting_district":"Chisholm Trail","county":"WILLIAMSON COUNTY","address":"555 LIMMER LOOP, ROUND ROCK, TX, USA","recruitment_status":"Planning in Progress","jsn_date":"","unit":"Pack 0912","source":"CAC Schools monday.com table, joined to mapped recruitment-school coordinates"}},{"type":"Feature","id":"school-125","geometry":{"type":"Point","coordinates":[-97.663507,30.523681]},"properties":{"monday_item_id":"12457851246","district_type":"INDEPENDENT","school_name":"VIC ROBERTSON EL","school_district":"ROUND ROCK ISD","scouting_district":"Chisholm Trail","county":"WILLIAMSON COUNTY","address":"1415 BAYLAND ST, ROUND ROCK, TX, USA","recruitment_status":"Planning in Progress","jsn_date":"","unit":"New Unit","source":"CAC Schools monday.com table, joined to mapped recruitment-school coordinates"}},{"type":"Feature","id":"school-126","geometry":{"type":"Point","coordinates":[-97.686532,30.444813]},"properties":{"monday_item_id":"12457851020","district_type":"INDEPENDENT","school_name":"WELLS BRANCH EL","school_district":"ROUND ROCK ISD","scouting_district":"Chisholm Trail","county":"WILLIAMSON COUNTY","address":"14650 MERRILTOWN DR, AUSTIN, TX, USA","recruitment_status":"Planning in Progress","jsn_date":"","unit":"Pack 0728","source":"CAC Schools monday.com table, joined to mapped recruitment-school coordinates"}},{"type":"Feature","id":"school-127","geometry":{"type":"Point","coordinates":[-97.673911,30.499166]},"properties":{"monday_item_id":"12457851021","district_type":"INDEPENDENT","school_name":"XENIA VOIGT EL","school_district":"ROUND ROCK ISD","scouting_district":"Chisholm Trail","county":"WILLIAMSON COUNTY","address":"1201 CUSHING DR, ROUND ROCK, TX, USA","recruitment_status":"Planning in Progress","jsn_date":"","unit":"New Unit","source":"CAC Schools monday.com table, joined to mapped recruitment-school coordinates"}},{"type":"Feature","id":"school-128","geometry":{"type":"Point","coordinates":[-97.753617,30.375754]},"properties":{"monday_item_id":"12457850585","district_type":"INDEPENDENT","school_name":"ANDERSON HIGH SCHOOL","school_district":"AUSTIN ISD","scouting_district":"Unassigned","county":"TRAVIS COUNTY","address":"8403 Mesa Drive, AUSTIN, TX, USA","recruitment_status":"Planning in Progress","jsn_date":"","unit":"Post 2158","source":"CAC Schools monday.com table, joined to mapped recruitment-school coordinates"}},{"type":"Feature","id":"school-129","geometry":{"type":"Point","coordinates":[-97.641309,30.493231]},"properties":{"monday_item_id":"12457851003","district_type":"INDEPENDENT","school_name":"CEDAR RIDGE HIGH SCHOOL","school_district":"ROUND ROCK ISD","scouting_district":"Unassigned","county":"WILLIAMSON COUNTY","address":"2801 GATTIS SCHOOL RD, ROUND ROCK, TX, USA","recruitment_status":"Planning in Progress","jsn_date":"","unit":"Post 1096","source":"CAC Schools monday.com table, joined to mapped recruitment-school coordinates"}},{"type":"Feature","id":"school-130","geometry":{"type":"Point","coordinates":[-97.612372,30.1799]},"properties":{"monday_item_id":"12457850708","district_type":"INDEPENDENT","school_name":"DEL VALLE HIGH SCHOOL","school_district":"DEL VALLE ISD","scouting_district":"Unassigned","county":"TRAVIS COUNTY","address":"5201 ROSS RD, DEL VALLE, TX, USA","recruitment_status":"Planning in Progress","jsn_date":"","unit":"Post 0247","source":"CAC Schools monday.com table, joined to mapped recruitment-school coordinates"}},{"type":"Feature","id":"school-131","geometry":{"type":"Point","coordinates":[-97.618821,30.642005]},"properties":{"monday_item_id":"12457851047","district_type":"INDEPENDENT","school_name":"EAST VIEW HIGH SCHOOL","school_district":"GEORGETOWN ISD","scouting_district":"Unassigned","county":"WILLIAMSON COUNTY","address":"4490 E UNIVERSITY AVE, GEORGETOWN, TX, USA","recruitment_status":"Planning in Progress","jsn_date":"","unit":"Post 1975","source":"CAC Schools monday.com table, joined to mapped recruitment-school coordinates"}},{"type":"Feature","id":"school-132","geometry":{"type":"Point","coordinates":[-97.708744,30.269214]},"properties":{"monday_item_id":"12457850666","district_type":"INDEPENDENT","school_name":"EASTSIDE EARLY COLLEGE HIGH SCHOOL","school_district":"AUSTIN ISD","scouting_district":"Unassigned","county":"TRAVIS COUNTY","address":"900 THOMPSON ST, AUSTIN, TX, USA","recruitment_status":"Planning in Progress","jsn_date":"","unit":"Post 0370","source":"CAC Schools monday.com table, joined to mapped recruitment-school coordinates"}},{"type":"Feature","id":"school-133","geometry":{"type":"Point","coordinates":[-97.666511,30.661819]},"properties":{"monday_item_id":"12457850853","district_type":"INDEPENDENT","school_name":"GEORGETOWN HIGH SCHOOL","school_district":"GEORGETOWN ISD","scouting_district":"Unassigned","county":"WILLIAMSON COUNTY","address":"2211 N AUSTIN AVE, GEORGETOWN, TX, USA","recruitment_status":"Planning in Progress","jsn_date":"","unit":"Post 0152","source":"CAC Schools monday.com table, joined to mapped recruitment-school coordinates"}},{"type":"Feature","id":"school-134","geometry":{"type":"Point","coordinates":[-97.562299,30.536524]},"properties":{"monday_item_id":"12457850782","district_type":"INDEPENDENT","school_name":"HUTTO HIGH SCHOOL","school_district":"HUTTO ISD","scouting_district":"Unassigned","county":"WILLIAMSON COUNTY","address":"101 FM 685, HUTTO, TX, USA","recruitment_status":"Planning in Progress","jsn_date":"","unit":"Post 3473","source":"CAC Schools monday.com table, joined to mapped recruitment-school coordinates"}},{"type":"Feature","id":"school-135","geometry":{"type":"Point","coordinates":[-97.966869,30.327959]},"properties":{"monday_item_id":"12457850919","district_type":"INDEPENDENT","school_name":"LAKE TRAVIS HIGH SCHOOL","school_district":"LAKE TRAVIS ISD","scouting_district":"Unassigned","county":"TRAVIS COUNTY","address":"3324 RANCH RD 620 S, AUSTIN, TX, USA","recruitment_status":"Planning in Progress","jsn_date":"","unit":"Post 1969","source":"CAC Schools monday.com table, joined to mapped recruitment-school coordinates"}},{"type":"Feature","id":"school-136","geometry":{"type":"Point","coordinates":[-98.0516,30.746425]},"properties":{"monday_item_id":"12457805740","district_type":"INDEPENDENT","school_name":"BERTRAM EL","school_district":"BURNET CISD","scouting_district":"Hill Country","county":"BURNET COUNTY","address":"315 MAIN, BERTRAM, TX, USA","recruitment_status":"Planning in Progress","jsn_date":"","unit":"Pack 0282","source":"CAC Schools monday.com table, joined to mapped recruitment-school coordinates"}},{"type":"Feature","id":"school-137","geometry":{"type":"Point","coordinates":[-98.421757,30.105346]},"properties":{"monday_item_id":"12457850634","district_type":"INDEPENDENT","school_name":"BLANCO EL","school_district":"BLANCO ISD","scouting_district":"Hill Country","county":"BLANCO COUNTY","address":"814 11TH ST, BLANCO, TX, USA","recruitment_status":"Planning in Progress","jsn_date":"","unit":"Pack 0497","source":"CAC Schools monday.com table, joined to mapped recruitment-school coordinates"}},{"type":"Feature","id":"school-138","geometry":{"type":"Point","coordinates":[-98.421757,30.105346]},"properties":{"monday_item_id":"12457851640","district_type":"INDEPENDENT","school_name":"BLANCO H S","school_district":"BLANCO ISD","scouting_district":"Hill Country","county":"BLANCO COUNTY","address":"814 11TH ST, BLANCO, TX, USA","recruitment_status":"Planning in Progress","jsn_date":"","unit":"Troop 0497","source":"CAC Schools monday.com table, joined to mapped recruitment-school coordinates"}},{"type":"Feature","id":"school-139","geometry":{"type":"Point","coordinates":[-98.421757,30.105346]},"properties":{"monday_item_id":"12457851709","district_type":"INDEPENDENT","school_name":"BLANCO MIDDLE","school_district":"BLANCO ISD","scouting_district":"Hill Country","county":"BLANCO COUNTY","address":"814 11TH ST, BLANCO, TX, USA","recruitment_status":"Planning in Progress","jsn_date":"","unit":"Troop 0497","source":"CAC Schools monday.com table, joined to mapped recruitment-school coordinates"}},{"type":"Feature","id":"school-140","geometry":{"type":"Point","coordinates":[-98.225246,30.777916]},"properties":{"monday_item_id":"12457851792","district_type":"INDEPENDENT","school_name":"BURNET H S","school_district":"BURNET CISD","scouting_district":"Hill Country","county":"BURNET COUNTY","address":"1000 THE GREEN MILE, BURNET, TX, USA","recruitment_status":"Planning in Progress","jsn_date":"","unit":"Troop 0282","source":"CAC Schools monday.com table, joined to mapped recruitment-school coordinates"}},{"type":"Feature","id":"school-141","geometry":{"type":"Point","coordinates":[-98.230497,30.774446]},"properties":{"monday_item_id":"12457851957","district_type":"INDEPENDENT","school_name":"BURNET MIDDLE","school_district":"BURNET CISD","scouting_district":"Hill Country","county":"BURNET COUNTY","address":"1401 N MAIN, BURNET, TX, USA","recruitment_status":"Planning in Progress","jsn_date":"","unit":"Troop 0282","source":"CAC Schools monday.com table, joined to mapped recruitment-school coordinates"}},{"type":"Feature","id":"school-142","geometry":{"type":"Point","coordinates":[-98.241786,30.597561]},"properties":{"monday_item_id":"12457851142","district_type":"INDEPENDENT","school_name":"COLT EL","school_district":"MARBLE FALLS ISD","scouting_district":"Hill Country","county":"BURNET COUNTY","address":"2200 MANZANO MILE, MARBLE FALLS, TX, USA","recruitment_status":"Planning in Progress","jsn_date":"","unit":"Pack 0284","source":"CAC Schools monday.com table, joined to mapped recruitment-school coordinates"}},{"type":"Feature","id":"school-143","geometry":{"type":"Point","coordinates":[-98.274781,30.59381]},"properties":{"monday_item_id":"12457850922","district_type":"INDEPENDENT","school_name":"FALLS CAREER H S","school_district":"MARBLE FALLS ISD","scouting_district":"Hill Country","county":"BURNET COUNTY","address":"1800 COLT CIR, MARBLE FALLS, TX, USA","recruitment_status":"Planning in Progress","jsn_date":"","unit":"Troop 2840","source":"CAC Schools monday.com table, joined to mapped recruitment-school coordinates"}},{"type":"Feature","id":"school-144","geometry":{"type":"Point","coordinates":[-98.856682,30.28937]},"properties":{"monday_item_id":"12457850181","district_type":"INDEPENDENT","school_name":"FREDERICKSBURG EL","school_district":"FREDERICKSBURG ISD","scouting_district":"Hill Country","county":"GILLESPIE COUNTY","address":"1608 N ADAMS, FREDERICKSBURG, TX, USA","recruitment_status":"Planning in Progress","jsn_date":"","unit":"Pack 0135","source":"CAC Schools monday.com table, joined to mapped recruitment-school coordinates"}},{"type":"Feature","id":"school-145","geometry":{"type":"Point","coordinates":[-98.881777,30.260366]},"properties":{"monday_item_id":"12457851395","district_type":"INDEPENDENT","school_name":"FREDERICKSBURG H S","school_district":"FREDERICKSBURG ISD","scouting_district":"Hill Country","county":"GILLESPIE COUNTY","address":"1107 HWY 16 S, FREDERICKSBURG, TX, USA","recruitment_status":"Planning in Progress","jsn_date":"","unit":"Troop 0137, Troop 0135","source":"CAC Schools monday.com table, joined to mapped recruitment-school coordinates"}},{"type":"Feature","id":"school-146","geometry":{"type":"Point","coordinates":[-98.869642,30.279513]},"properties":{"monday_item_id":"12457805842","district_type":"INDEPENDENT","school_name":"FREDERICKSBURG MIDDLE","school_district":"FREDERICKSBURG ISD","scouting_district":"Hill Country","county":"GILLESPIE COUNTY","address":"1401 POST OAK RD, FREDERICKSBURG, TX, USA","recruitment_status":"Planning in Progress","jsn_date":"","unit":"Troop 0135, Troop 0137","source":"CAC Schools monday.com table, joined to mapped recruitment-school coordinates"}},{"type":"Feature","id":"school-147","geometry":{"type":"Point","coordinates":[-98.8792,30.26]},"properties":{"monday_item_id":"12457850412","district_type":"INDEPENDENT","school_name":"FREDERICKSBURG PRI","school_district":"FREDERICKSBURG ISD","scouting_district":"Hill Country","county":"GILLESPIE COUNTY","address":"1110 S ADAMS ST, FREDERICKSBURG, TX, USA","recruitment_status":"Planning in Progress","jsn_date":"","unit":"Pack 1135","source":"CAC Schools monday.com table, joined to mapped recruitment-school coordinates"}},{"type":"Feature","id":"school-148","geometry":{"type":"Point","coordinates":[-98.8792,30.26]},"properties":{"monday_item_id":"12457805651","district_type":"INDEPENDENT","school_name":"GILLESPIE COUNTY H S","school_district":"FREDERICKSBURG ISD","scouting_district":"Hill Country","county":"GILLESPIE COUNTY","address":"234 FRIENDSHIP LN, FREDERICKSBURG, TX, USA","recruitment_status":"Planning in Progress","jsn_date":"","unit":"Troop 0135","source":"CAC Schools monday.com table, joined to mapped recruitment-school coordinates"}},{"type":"Feature","id":"school-149","geometry":{"type":"Point","coordinates":[-98.370953,30.60878]},"properties":{"monday_item_id":"12457851188","district_type":"INDEPENDENT","school_name":"HIGHLAND LAKES EL","school_district":"MARBLE FALLS ISD","scouting_district":"Hill Country","county":"BURNET COUNTY","address":"8200 W FM 1431, GRANITE SHOALS, TX, USA","recruitment_status":"Planning in Progress","jsn_date":"","unit":"Pack 0284","source":"CAC Schools monday.com table, joined to mapped recruitment-school coordinates"}},{"type":"Feature","id":"school-150","geometry":{"type":"Point","coordinates":[-98.673963,30.742091]},"properties":{"monday_item_id":"12457851475","district_type":"INDEPENDENT","school_name":"LLANO EL","school_district":"LLANO ISD","scouting_district":"Hill Country","county":"LLANO COUNTY","address":"1600 OATMAN ST, LLANO, TX, USA","recruitment_status":"Planning in Progress","jsn_date":"","unit":"Pack 0301","source":"CAC Schools monday.com table, joined to mapped recruitment-school coordinates"}},{"type":"Feature","id":"school-151","geometry":{"type":"Point","coordinates":[-98.285911,30.583712]},"properties":{"monday_item_id":"12457851075","district_type":"INDEPENDENT","school_name":"MARBLE FALLS EL","school_district":"MARBLE FALLS ISD","scouting_district":"Hill Country","county":"BURNET COUNTY","address":"901 AVE U, MARBLE FALLS, TX, USA","recruitment_status":"Planning in Progress","jsn_date":"","unit":"Pack 0284","source":"CAC Schools monday.com table, joined to mapped recruitment-school coordinates"}},{"type":"Feature","id":"school-152","geometry":{"type":"Point","coordinates":[-98.2522,30.5834]},"properties":{"monday_item_id":"12457850347","district_type":"INDEPENDENT","school_name":"MARBLE FALLS H S","school_district":"MARBLE FALLS ISD","scouting_district":"Hill Country","county":"BURNET COUNTY","address":"2101 MUSTANG DR, MARBLE FALLS, TX, USA","recruitment_status":"Planning in Progress","jsn_date":"","unit":"Troop 0284","source":"CAC Schools monday.com table, joined to mapped recruitment-school coordinates"}},{"type":"Feature","id":"school-153","geometry":{"type":"Point","coordinates":[-98.2786,30.584]},"properties":{"monday_item_id":"12457851019","district_type":"INDEPENDENT","school_name":"MARBLE FALLS MIDDLE","school_district":"MARBLE FALLS ISD","scouting_district":"Hill Country","county":"BURNET COUNTY","address":"1511 PONY CIR, MARBLE FALLS, TX, USA","recruitment_status":"Planning in Progress","jsn_date":"","unit":"Troop 2840","source":"CAC Schools monday.com table, joined to mapped recruitment-school coordinates"}},{"type":"Feature","id":"school-154","geometry":{"type":"Point","coordinates":[-99.239729,30.743677]},"properties":{"monday_item_id":"12457851789","district_type":"INDEPENDENT","school_name":"MASON EL","school_district":"MASON ISD","scouting_district":"Hill Country","county":"MASON COUNTY","address":"807 W COLLEGE AVE, MASON, TX, USA","recruitment_status":"Planning in Progress","jsn_date":"","unit":"Pack 0281","source":"CAC Schools monday.com table, joined to mapped recruitment-school coordinates"}},{"type":"Feature","id":"school-155","geometry":{"type":"Point","coordinates":[-99.241911,30.743288]},"properties":{"monday_item_id":"12457851636","district_type":"INDEPENDENT","school_name":"MASON H S","school_district":"MASON ISD","scouting_district":"Hill Country","county":"MASON COUNTY","address":"1105 W COLLEGE AVE, MASON, TX, USA","recruitment_status":"Planning in Progress","jsn_date":"","unit":"Troop 0281","source":"CAC Schools monday.com table, joined to mapped recruitment-school coordinates"}},{"type":"Feature","id":"school-156","geometry":{"type":"Point","coordinates":[-99.240325,30.743482]},"properties":{"monday_item_id":"12457851706","district_type":"INDEPENDENT","school_name":"MASON J H","school_district":"MASON ISD","scouting_district":"Hill Country","county":"MASON COUNTY","address":"807 W COLLEGE AVE, MASON, TX, USA","recruitment_status":"Planning in Progress","jsn_date":"","unit":"Troop 0281","source":"CAC Schools monday.com table, joined to mapped recruitment-school coordinates"}},{"type":"Feature","id":"school-157","geometry":{"type":"Point","coordinates":[-98.4443,30.6531]},"properties":{"monday_item_id":"12457851560","district_type":"INDEPENDENT","school_name":"PACKSADDLE EL","school_district":"LLANO ISD","scouting_district":"Hill Country","county":"LLANO COUNTY","address":"150 PIONEER LN, KINGSLAND, TX, USA","recruitment_status":"Planning in Progress","jsn_date":"","unit":"Pack 0301","source":"CAC Schools monday.com table, joined to mapped recruitment-school coordinates"}},{"type":"Feature","id":"school-158","geometry":{"type":"Point","coordinates":[-98.225246,30.777916]},"properties":{"monday_item_id":"12457851861","district_type":"INDEPENDENT","school_name":"QUEST H S","school_district":"BURNET CISD","scouting_district":"Hill Country","county":"BURNET COUNTY","address":"1000 THE GREEN MILE, BURNET, TX, USA","recruitment_status":"Planning in Progress","jsn_date":"","unit":"Troop 0282","source":"CAC Schools monday.com table, joined to mapped recruitment-school coordinates"}},{"type":"Feature","id":"school-159","geometry":{"type":"Point","coordinates":[-98.224896,30.770426]},"properties":{"monday_item_id":"12457829686","district_type":"INDEPENDENT","school_name":"RJ RICHEY EL","school_district":"BURNET CISD","scouting_district":"Hill Country","county":"BURNET COUNTY","address":"500 E GRAVES, BURNET, TX, USA","recruitment_status":"Planning in Progress","jsn_date":"","unit":"Pack 0282","source":"CAC Schools monday.com table, joined to mapped recruitment-school coordinates"}},{"type":"Feature","id":"school-160","geometry":{"type":"Point","coordinates":[-98.216781,30.76993]},"properties":{"monday_item_id":"12457805563","district_type":"INDEPENDENT","school_name":"SHADY GROVE EL","school_district":"BURNET CISD","scouting_district":"Hill Country","county":"BURNET COUNTY","address":"111 SHADY GROVE RD, BURNET, TX, USA","recruitment_status":"Planning in Progress","jsn_date":"","unit":"Pack 0282","source":"CAC Schools monday.com table, joined to mapped recruitment-school coordinates"}},{"type":"Feature","id":"school-161","geometry":{"type":"Point","coordinates":[-98.155351,30.469764]},"properties":{"monday_item_id":"12457851267","district_type":"INDEPENDENT","school_name":"SPICEWOOD EL","school_district":"MARBLE FALLS ISD","scouting_district":"Hill Country","county":"BURNET COUNTY","address":"1005 SPUR 191, SPICEWOOD, TX, USA","recruitment_status":"Planning in Progress","jsn_date":"","unit":"Pack 0284","source":"CAC Schools monday.com table, joined to mapped recruitment-school coordinates"}},{"type":"Feature","id":"school-162","geometry":{"type":"Point","coordinates":[-98.6627,30.2372]},"properties":{"monday_item_id":"12457850307","district_type":"INDEPENDENT","school_name":"STONEWALL EL","school_district":"FREDERICKSBURG ISD","scouting_district":"Hill Country","county":"GILLESPIE COUNTY","address":"220 PEACH ST, STONEWALL, TX, USA","recruitment_status":"Planning in Progress","jsn_date":"","unit":"Pack 0135","source":"CAC Schools monday.com table, joined to mapped recruitment-school coordinates"}},{"type":"Feature","id":"school-163","geometry":{"type":"Point","coordinates":[-97.618625,30.001068]},"properties":{"monday_item_id":"12457850820","district_type":"INDEPENDENT","school_name":"ALMA BREWER STRAWN EL","school_district":"LOCKHART ISD","scouting_district":"Live Oak","county":"CALDWELL COUNTY","address":"9000 FM 1854, DALE, TX, USA","recruitment_status":"Planning in Progress","jsn_date":"","unit":"Pack 0109","source":"CAC Schools monday.com table, joined to mapped recruitment-school coordinates"}},{"type":"Feature","id":"school-164","geometry":{"type":"Point","coordinates":[-97.69505,29.879146]},"properties":{"monday_item_id":"12457850741","district_type":"INDEPENDENT","school_name":"BLUEBONNET EL","school_district":"LOCKHART ISD","scouting_district":"Live Oak","county":"CALDWELL COUNTY","address":"211 S MOCKINGBIRD LN, LOCKHART, TX, USA","recruitment_status":"Planning in Progress","jsn_date":"","unit":"Pack 0109","source":"CAC Schools monday.com table, joined to mapped recruitment-school coordinates"}},{"type":"Feature","id":"school-165","geometry":{"type":"Point","coordinates":[-97.6825,29.8753]},"properties":{"monday_item_id":"12457850349","district_type":"INDEPENDENT","school_name":"CLEAR FORK EL","school_district":"LOCKHART ISD","scouting_district":"Live Oak","county":"CALDWELL COUNTY","address":"1102 CLEAR FORK ST, LOCKHART, TX, USA","recruitment_status":"Planning in Progress","jsn_date":"","unit":"Pack 0109","source":"CAC Schools monday.com table, joined to mapped recruitment-school coordinates"}},{"type":"Feature","id":"school-166","geometry":{"type":"Point","coordinates":[-97.65395,29.678862]},"properties":{"monday_item_id":"12457851045","district_type":"INDEPENDENT","school_name":"GILBERT GERDES J H","school_district":"LULING ISD","scouting_district":"Live Oak","county":"CALDWELL COUNTY","address":"115 W BOWIE ST, LULING, TX, USA","recruitment_status":"Planning in Progress","jsn_date":"","unit":"Troop 0103","source":"CAC Schools monday.com table, joined to mapped recruitment-school coordinates"}},{"type":"Feature","id":"school-167","geometry":{"type":"Point","coordinates":[-97.438677,29.508926]},"properties":{"monday_item_id":"12457850712","district_type":"INDEPENDENT","school_name":"GONZALES EL","school_district":"GONZALES ISD","scouting_district":"Live Oak","county":"GONZALES COUNTY","address":"1600 ST ANDREWS ST, GONZALES, TX, USA","recruitment_status":"Planning in Progress","jsn_date":"","unit":"Pack 0261","source":"CAC Schools monday.com table, joined to mapped recruitment-school coordinates"}},{"type":"Feature","id":"school-168","geometry":{"type":"Point","coordinates":[-97.455172,29.508241]},"properties":{"monday_item_id":"12457850784","district_type":"INDEPENDENT","school_name":"GONZALES NORTH AVENUE","school_district":"GONZALES ISD","scouting_district":"Live Oak","county":"GONZALES COUNTY","address":"1032 ST JOSEPH ST, GONZALES, TX, USA","recruitment_status":"Planning in Progress","jsn_date":"","unit":"Pack 0261","source":"CAC Schools monday.com table, joined to mapped recruitment-school coordinates"}},{"type":"Feature","id":"school-169","geometry":{"type":"Point","coordinates":[-97.450625,29.498894]},"properties":{"monday_item_id":"12457850855","district_type":"INDEPENDENT","school_name":"GONZALES PRI ACADEMY","school_district":"GONZALES ISD","scouting_district":"Live Oak","county":"GONZALES COUNTY","address":"222 ST JOSEPH ST, GONZALES, TX, USA","recruitment_status":"Planning in Progress","jsn_date":"","unit":"Pack 0261","source":"CAC Schools monday.com table, joined to mapped recruitment-school coordinates"}},{"type":"Feature","id":"school-170","geometry":{"type":"Point","coordinates":[-97.655531,29.676731]},"properties":{"monday_item_id":"12457851079","district_type":"INDEPENDENT","school_name":"LEONARD SHANKLIN EL","school_district":"LULING ISD","scouting_district":"Live Oak","county":"CALDWELL COUNTY","address":"115 W BOWIE ST, LULING, TX, USA","recruitment_status":"Planning in Progress","jsn_date":"","unit":"Pack 0103","source":"CAC Schools monday.com table, joined to mapped recruitment-school coordinates"}},{"type":"Feature","id":"school-171","geometry":{"type":"Point","coordinates":[-97.677491,29.872823]},"properties":{"monday_item_id":"12457805741","district_type":"INDEPENDENT","school_name":"LOCKHART H S","school_district":"LOCKHART ISD","scouting_district":"Live Oak","county":"CALDWELL COUNTY","address":"#1 LION COUNTRY DR, LOCKHART, TX, USA","recruitment_status":"Planning in Progress","jsn_date":"","unit":"Troop 1109, Troop 0109","source":"CAC Schools monday.com table, joined to mapped recruitment-school coordinates"}},{"type":"Feature","id":"school-172","geometry":{"type":"Point","coordinates":[-97.701272,29.87377]},"properties":{"monday_item_id":"12457850208","district_type":"INDEPENDENT","school_name":"LOCKHART J H","school_district":"LOCKHART ISD","scouting_district":"Live Oak","county":"CALDWELL COUNTY","address":"500 CITY LINE RD, LOCKHART, TX, USA","recruitment_status":"Planning in Progress","jsn_date":"","unit":"Troop 0109, Troop 1109","source":"CAC Schools monday.com table, joined to mapped recruitment-school coordinates"}},{"type":"Feature","id":"school-173","geometry":{"type":"Point","coordinates":[-97.678091,29.887409]},"properties":{"monday_item_id":"12457829683","district_type":"INDEPENDENT","school_name":"LOCKHART PRIDE H S","school_district":"LOCKHART ISD","scouting_district":"Live Oak","county":"CALDWELL COUNTY","address":"500 N PECOS, LOCKHART, TX, USA","recruitment_status":"Planning in Progress","jsn_date":"","unit":"Troop 0109, Troop 1109","source":"CAC Schools monday.com table, joined to mapped recruitment-school coordinates"}},{"type":"Feature","id":"school-174","geometry":{"type":"Point","coordinates":[-97.654091,29.677746]},"properties":{"monday_item_id":"12457850958","district_type":"INDEPENDENT","school_name":"LULING H S","school_district":"LULING ISD","scouting_district":"Live Oak","county":"CALDWELL COUNTY","address":"115 W BOWIE ST, LULING, TX, USA","recruitment_status":"Planning in Progress","jsn_date":"","unit":"Troop 0103","source":"CAC Schools monday.com table, joined to mapped recruitment-school coordinates"}},{"type":"Feature","id":"school-175","geometry":{"type":"Point","coordinates":[-97.681008,29.873018]},"properties":{"monday_item_id":"12457850391","district_type":"INDEPENDENT","school_name":"NAVARRO EL","school_district":"LOCKHART ISD","scouting_district":"Live Oak","county":"CALDWELL COUNTY","address":"715 MEDINA ST, LOCKHART, TX, USA","recruitment_status":"Planning in Progress","jsn_date":"","unit":"Pack 0109","source":"CAC Schools monday.com table, joined to mapped recruitment-school coordinates"}},{"type":"Feature","id":"school-176","geometry":{"type":"Point","coordinates":[-97.666093,29.892364]},"properties":{"monday_item_id":"12457850694","district_type":"INDEPENDENT","school_name":"PLUM CREEK EL","school_district":"LOCKHART ISD","scouting_district":"Live Oak","county":"CALDWELL COUNTY","address":"710 FLORES ST, LOCKHART, TX, USA","recruitment_status":"Planning in Progress","jsn_date":"","unit":"Pack 0109","source":"CAC Schools monday.com table, joined to mapped recruitment-school coordinates"}},{"type":"Feature","id":"school-177","geometry":{"type":"Point","coordinates":[-97.14591,29.286355]},"properties":{"monday_item_id":"12457805561","district_type":"INDEPENDENT","school_name":"YOAKUM ANNEX","school_district":"YOAKUM ISD","scouting_district":"Live Oak","county":"DEWITT COUNTY","address":"412 SIMPSON ST, YOAKUM, TX, USA","recruitment_status":"Planning in Progress","jsn_date":"","unit":"Pack 0224","source":"CAC Schools monday.com table, joined to mapped recruitment-school coordinates"}},{"type":"Feature","id":"school-178","geometry":{"type":"Point","coordinates":[-97.788545,30.521626]},"properties":{"monday_item_id":"12457876432","district_type":"INDEPENDENT","school_name":"ARTIE L HENRY MIDDLE","school_district":"LEANDER ISD","scouting_district":"North Shore","county":"WILLIAMSON COUNTY","address":"100 N VISTA RDG BLVD, CEDAR PARK, TX, USA","recruitment_status":"Planning in Progress","jsn_date":"","unit":"","source":"CAC Schools monday.com table, joined to mapped recruitment-school coordinates"}},{"type":"Feature","id":"school-179","geometry":{"type":"Point","coordinates":[-97.902949,30.365046]},"properties":{"monday_item_id":"12457876448","district_type":"INDEPENDENT","school_name":"CANYON RIDGE MIDDLE","school_district":"LEANDER ISD","scouting_district":"North Shore","county":"WILLIAMSON COUNTY","address":"12601 COUNTRY TRAILS LN, AUSTIN, TX, USA","recruitment_status":"Planning in Progress","jsn_date":"","unit":"","source":"CAC Schools monday.com table, joined to mapped recruitment-school coordinates"}},{"type":"Feature","id":"school-180","geometry":{"type":"Point","coordinates":[-97.843371,30.471867]},"properties":{"monday_item_id":"12457851937","district_type":"INDEPENDENT","school_name":"CEDAR PARK H S","school_district":"LEANDER ISD","scouting_district":"North Shore","county":"WILLIAMSON COUNTY","address":"2150 CYPRESS CREEK RD, CEDAR PARK, TX, USA","recruitment_status":"Planning in Progress","jsn_date":"","unit":"","source":"CAC Schools monday.com table, joined to mapped recruitment-school coordinates"}},{"type":"Feature","id":"school-181","geometry":{"type":"Point","coordinates":[-97.83588,30.475099]},"properties":{"monday_item_id":"12457850918","district_type":"INDEPENDENT","school_name":"CEDAR PARK MIDDLE","school_district":"LEANDER ISD","scouting_district":"North Shore","county":"WILLIAMSON COUNTY","address":"2100 SUN CHASE BLVD, CEDAR PARK, TX, USA","recruitment_status":"Planning in Progress","jsn_date":"","unit":"","source":"CAC Schools monday.com table, joined to mapped recruitment-school coordinates"}},{"type":"Feature","id":"school-182","geometry":{"type":"Point","coordinates":[-97.88011,30.603365]},"properties":{"monday_item_id":"12457850203","district_type":"INDEPENDENT","school_name":"DANIELSON MIDDLE","school_district":"LEANDER ISD","scouting_district":"North Shore","county":"WILLIAMSON COUNTY","address":"1061 COLLABORATIVE WAY, LEANDER, TX, USA","recruitment_status":"Planning in Progress","jsn_date":"","unit":"","source":"CAC Schools monday.com table, joined to mapped recruitment-school coordinates"}},{"type":"Feature","id":"school-183","geometry":{"type":"Point","coordinates":[-97.8507,30.587921]},"properties":{"monday_item_id":"12457850815","district_type":"INDEPENDENT","school_name":"EARLY COLLEGE H S","school_district":"LEANDER ISD","scouting_district":"North Shore","county":"WILLIAMSON COUNTY","address":"696 MAIN ST BUILDING 10, LEANDER, TX, USA","recruitment_status":"Planning in Progress","jsn_date":"","unit":"","source":"CAC Schools monday.com table, joined to mapped recruitment-school coordinates"}},{"type":"Feature","id":"school-184","geometry":{"type":"Point","coordinates":[-97.829746,30.396705]},"properties":{"monday_item_id":"12457876480","district_type":"INDEPENDENT","school_name":"FOUR POINTS MIDDLE","school_district":"LEANDER ISD","scouting_district":"North Shore","county":"WILLIAMSON COUNTY","address":"9700 MCNEIL DR, AUSTIN, TX, USA","recruitment_status":"Planning in Progress","jsn_date":"","unit":"","source":"CAC Schools monday.com table, joined to mapped recruitment-school coordinates"}},{"type":"Feature","id":"school-185","geometry":{"type":"Point","coordinates":[-97.882821,30.59897]},"properties":{"monday_item_id":"12457876217","district_type":"INDEPENDENT","school_name":"GLENN H S","school_district":"LEANDER ISD","scouting_district":"North Shore","county":"WILLIAMSON COUNTY","address":"1320 COLLABORATIVE WAY, LEANDER, TX, USA","recruitment_status":"Planning in Progress","jsn_date":"","unit":"","source":"CAC Schools monday.com table, joined to mapped recruitment-school coordinates"}},{"type":"Feature","id":"school-186","geometry":{"type":"Point","coordinates":[-97.818462,30.567125]},"properties":{"monday_item_id":"12457876465","district_type":"INDEPENDENT","school_name":"KNOX WILEY MIDDLE","school_district":"LEANDER ISD","scouting_district":"North Shore","county":"WILLIAMSON COUNTY","address":"1526 RAIDER WAY, LEANDER, TX, USA","recruitment_status":"Planning in Progress","jsn_date":"","unit":"","source":"CAC Schools monday.com table, joined to mapped recruitment-school coordinates"}},{"type":"Feature","id":"school-187","geometry":{"type":"Point","coordinates":[-97.854595,30.576139]},"properties":{"monday_item_id":"12457851589","district_type":"INDEPENDENT","school_name":"LEANDER EXTENDED OPPORTUNITY","school_district":"LEANDER ISD","scouting_district":"North Shore","county":"WILLIAMSON COUNTY","address":"300 S W DR, LEANDER, TX, USA","recruitment_status":"Planning in Progress","jsn_date":"","unit":"","source":"CAC Schools monday.com table, joined to mapped recruitment-school coordinates"}},{"type":"Feature","id":"school-188","geometry":{"type":"Point","coordinates":[-97.851136,30.537572]},"properties":{"monday_item_id":"12457851855","district_type":"INDEPENDENT","school_name":"LEANDER H S","school_district":"LEANDER ISD","scouting_district":"North Shore","county":"WILLIAMSON COUNTY","address":"3301 S BAGDAD RD, LEANDER, TX, USA","recruitment_status":"Planning in Progress","jsn_date":"","unit":"","source":"CAC Schools monday.com table, joined to mapped recruitment-school coordinates"}},{"type":"Feature","id":"school-189","geometry":{"type":"Point","coordinates":[-97.852851,30.573231]},"properties":{"monday_item_id":"12457851084","district_type":"INDEPENDENT","school_name":"LEANDER MIDDLE","school_district":"LEANDER ISD","scouting_district":"North Shore","county":"WILLIAMSON COUNTY","address":"410 S W ST, LEANDER, TX, USA","recruitment_status":"Planning in Progress","jsn_date":"","unit":"","source":"CAC Schools monday.com table, joined to mapped recruitment-school coordinates"}},{"type":"Feature","id":"school-190","geometry":{"type":"Point","coordinates":[-97.854505,30.573837]},"properties":{"monday_item_id":"12457851416","district_type":"INDEPENDENT","school_name":"NEW HOPE H S","school_district":"LEANDER ISD","scouting_district":"North Shore","county":"WILLIAMSON COUNTY","address":"401 S W DR, LEANDER, TX, USA","recruitment_status":"Planning in Progress","jsn_date":"","unit":"","source":"CAC Schools monday.com table, joined to mapped recruitment-school coordinates"}},{"type":"Feature","id":"school-191","geometry":{"type":"Point","coordinates":[-97.819875,30.571515]},"properties":{"monday_item_id":"12457876163","district_type":"INDEPENDENT","school_name":"ROUSE H S","school_district":"LEANDER ISD","scouting_district":"North Shore","county":"WILLIAMSON COUNTY","address":"1222 RAIDER WAY, LEANDER, TX, USA","recruitment_status":"Planning in Progress","jsn_date":"","unit":"","source":"CAC Schools monday.com table, joined to mapped recruitment-school coordinates"}},{"type":"Feature","id":"school-192","geometry":{"type":"Point","coordinates":[-97.860584,30.530944]},"properties":{"monday_item_id":"12457876400","district_type":"INDEPENDENT","school_name":"RUNNING BRUSHY MIDDLE","school_district":"LEANDER ISD","scouting_district":"North Shore","county":"WILLIAMSON COUNTY","address":"2303 N LAKELINE BLVD, CEDAR PARK, TX, USA","recruitment_status":"Planning in Progress","jsn_date":"","unit":"","source":"CAC Schools monday.com table, joined to mapped recruitment-school coordinates"}},{"type":"Feature","id":"school-193","geometry":{"type":"Point","coordinates":[-97.786159,30.516798]},"properties":{"monday_item_id":"12457852016","district_type":"INDEPENDENT","school_name":"VISTA RIDGE H S","school_district":"LEANDER ISD","scouting_district":"North Shore","county":"WILLIAMSON COUNTY","address":"200 S VISTA RDG BLVD, LEANDER, TX, USA","recruitment_status":"Planning in Progress","jsn_date":"","unit":"","source":"CAC Schools monday.com table, joined to mapped recruitment-school coordinates"}},{"type":"Feature","id":"school-194","geometry":{"type":"Point","coordinates":[-97.891158,30.094632]},"properties":{"monday_item_id":"12457850263","district_type":"INDEPENDENT","school_name":"ALTER IMPACT CTR","school_district":"HAYS CISD","scouting_district":"Sacred Springs","county":"HAYS COUNTY","address":"4125B F M 967, BUDA, TX, USA","recruitment_status":"Planning in Progress","jsn_date":"","unit":"","source":"CAC Schools monday.com table, joined to mapped recruitment-school coordinates"}},{"type":"Feature","id":"school-195","geometry":{"type":"Point","coordinates":[-97.833,30.021]},"properties":{"monday_item_id":"12457850957","district_type":"INDEPENDENT","school_name":"ARMANDO CHAPA MIDDLE","school_district":"HAYS CISD","scouting_district":"Sacred Springs","county":"HAYS COUNTY","address":"3311 DACY LN, KYLE, TX, USA","recruitment_status":"Planning in Progress","jsn_date":"","unit":"","source":"CAC Schools monday.com table, joined to mapped recruitment-school coordinates"}},{"type":"Feature","id":"school-196","geometry":{"type":"Point","coordinates":[-97.828637,29.945591]},"properties":{"monday_item_id":"12457851069","district_type":"INDEPENDENT","school_name":"D J RED SIMON MIDDLE","school_district":"HAYS CISD","scouting_district":"Sacred Springs","county":"HAYS COUNTY","address":"3839 E FM 150, KYLE, TX, USA","recruitment_status":"Planning in Progress","jsn_date":"","unit":"","source":"CAC Schools monday.com table, joined to mapped recruitment-school coordinates"}},{"type":"Feature","id":"school-197","geometry":{"type":"Point","coordinates":[-98.113491,30.003071]},"properties":{"monday_item_id":"12457829684","district_type":"INDEPENDENT","school_name":"DANFORTH J H","school_district":"WIMBERLEY ISD","scouting_district":"Sacred Springs","county":"HAYS COUNTY","address":"200 TEXAN BLVD, WIMBERLEY, TX, USA","recruitment_status":"Planning in Progress","jsn_date":"","unit":"","source":"CAC Schools monday.com table, joined to mapped recruitment-school coordinates"}},{"type":"Feature","id":"school-198","geometry":{"type":"Point","coordinates":[-97.82404,30.054397]},"properties":{"monday_item_id":"12457851141","district_type":"INDEPENDENT","school_name":"DR T C MCCORMICK JR MIDDLE","school_district":"HAYS CISD","scouting_district":"Sacred Springs","county":"HAYS COUNTY","address":"5700 DACY LN, KYLE, TX, USA","recruitment_status":"Planning in Progress","jsn_date":"","unit":"","source":"CAC Schools monday.com table, joined to mapped recruitment-school coordinates"}},{"type":"Feature","id":"school-199","geometry":{"type":"Point","coordinates":[-97.8822,30.0973]},"properties":{"monday_item_id":"12457850737","district_type":"INDEPENDENT","school_name":"ERIC DAHLSTROM MIDDLE","school_district":"HAYS CISD","scouting_district":"Sacred Springs","county":"HAYS COUNTY","address":"3600 F M 967, BUDA, TX, USA","recruitment_status":"Planning in Progress","jsn_date":"","unit":"","source":"CAC Schools monday.com table, joined to mapped recruitment-school coordinates"}},{"type":"Feature","id":"school-200","geometry":{"type":"Point","coordinates":[-97.827346,29.943667]},"properties":{"monday_item_id":"12457851790","district_type":"INDEPENDENT","school_name":"HEMPHILL EL","school_district":"HAYS CISD","scouting_district":"Sacred Springs","county":"HAYS COUNTY","address":"3995 E FM 150, KYLE, TX, USA","recruitment_status":"Planning in Progress","jsn_date":"","unit":"","source":"CAC Schools monday.com table, joined to mapped recruitment-school coordinates"}},{"type":"Feature","id":"school-201","geometry":{"type":"Point","coordinates":[-97.889957,30.031437]},"properties":{"monday_item_id":"12457850176","district_type":"INDEPENDENT","school_name":"JACK C HAYS H S","school_district":"HAYS CISD","scouting_district":"Sacred Springs","county":"HAYS COUNTY","address":"4800 JACK C HAYS TRL, BUDA, TX, USA","recruitment_status":"Planning in Progress","jsn_date":"","unit":"","source":"CAC Schools monday.com table, joined to mapped recruitment-school coordinates"}},{"type":"Feature","id":"school-202","geometry":{"type":"Point","coordinates":[-97.8788,29.9915]},"properties":{"monday_item_id":"12457851215","district_type":"INDEPENDENT","school_name":"KYLE EL","school_district":"HAYS CISD","scouting_district":"Sacred Springs","county":"HAYS COUNTY","address":"500 W BLANCO ST, KYLE, TX, USA","recruitment_status":"Planning in Progress","jsn_date":"","unit":"Pack 0125","source":"CAC Schools monday.com table, joined to mapped recruitment-school coordinates"}},{"type":"Feature","id":"school-203","geometry":{"type":"Point","coordinates":[-97.827746,29.970611]},"properties":{"monday_item_id":"12457851950","district_type":"INDEPENDENT","school_name":"LAMONT RAMAGE EL","school_district":"HAYS CISD","scouting_district":"Sacred Springs","county":"HAYS COUNTY","address":"21003 INTERSTATE 35, KYLE, TX, USA","recruitment_status":"Planning in Progress","jsn_date":"","unit":"","source":"CAC Schools monday.com table, joined to mapped recruitment-school coordinates"}},{"type":"Feature","id":"school-204","geometry":{"type":"Point","coordinates":[-97.8897,29.9914]},"properties":{"monday_item_id":"12457850852","district_type":"INDEPENDENT","school_name":"LAURA B WALLACE MIDDLE","school_district":"HAYS CISD","scouting_district":"Sacred Springs","county":"HAYS COUNTY","address":"1500 W CENTER ST, KYLE, TX, USA","recruitment_status":"Planning in Progress","jsn_date":"","unit":"","source":"CAC Schools monday.com table, joined to mapped recruitment-school coordinates"}},{"type":"Feature","id":"school-205","geometry":{"type":"Point","coordinates":[-97.84763,29.9952]},"properties":{"monday_item_id":"12457850501","district_type":"INDEPENDENT","school_name":"LEHMAN H S","school_district":"HAYS CISD","scouting_district":"Sacred Springs","county":"HAYS COUNTY","address":"1700 LEHMAN RD, KYLE, TX, USA","recruitment_status":"Planning in Progress","jsn_date":"","unit":"","source":"CAC Schools monday.com table, joined to mapped recruitment-school coordinates"}},{"type":"Feature","id":"school-206","geometry":{"type":"Point","coordinates":[-97.8898,30.03]},"properties":{"monday_item_id":"12457850388","district_type":"INDEPENDENT","school_name":"LIVE OAK ACADEMY","school_district":"HAYS CISD","scouting_district":"Sacred Springs","county":"HAYS COUNTY","address":"4820 JACK C HAYS TRL, BUDA, TX, USA","recruitment_status":"Planning in Progress","jsn_date":"","unit":"","source":"CAC Schools monday.com table, joined to mapped recruitment-school coordinates"}},{"type":"Feature","id":"school-207","geometry":{"type":"Point","coordinates":[-97.892564,30.099326]},"properties":{"monday_item_id":"12457850587","district_type":"INDEPENDENT","school_name":"MOE AND GENE JOHNSON H S","school_district":"HAYS CISD","scouting_district":"Sacred Springs","county":"HAYS COUNTY","address":"4260 RR 967, BUDA, TX, USA","recruitment_status":"Planning in Progress","jsn_date":"","unit":"","source":"CAC Schools monday.com table, joined to mapped recruitment-school coordinates"}},{"type":"Feature","id":"school-208","geometry":{"type":"Point","coordinates":[-97.89094,30.027405]},"properties":{"monday_item_id":"12457850689","district_type":"INDEPENDENT","school_name":"R C BARTON MIDDLE","school_district":"HAYS CISD","scouting_district":"Sacred Springs","county":"HAYS COUNTY","address":"4950 JACK C HAYS TRL, BUDA, TX, USA","recruitment_status":"Planning in Progress","jsn_date":"","unit":"","source":"CAC Schools monday.com table, joined to mapped recruitment-school coordinates"}},{"type":"Feature","id":"school-209","geometry":{"type":"Point","coordinates":[-97.937631,29.856159]},"properties":{"monday_item_id":"12457797600","district_type":"INDEPENDENT","school_name":"SAN MARCOS EXCEL ACADEMY","school_district":"SAN MARCOS CISD","scouting_district":"Sacred Springs","county":"HAYS COUNTY","address":"121 DE ZAVALA DR, SAN MARCOS, TX, USA","recruitment_status":"Planning in Progress","jsn_date":"","unit":"","source":"CAC Schools monday.com table, joined to mapped recruitment-school coordinates"}},{"type":"Feature","id":"school-210","geometry":{"type":"Point","coordinates":[-97.860658,30.00254]},"properties":{"monday_item_id":"12457851578","district_type":"INDEPENDENT","school_name":"SUSIE FUENTES EL","school_district":"HAYS CISD","scouting_district":"Sacred Springs","county":"HAYS COUNTY","address":"901 PHILOMENA DR, KYLE, TX, USA","recruitment_status":"Planning in Progress","jsn_date":"","unit":"Pack 0125","source":"CAC Schools monday.com table, joined to mapped recruitment-school coordinates"}},{"type":"Feature","id":"school-211","geometry":{"type":"Point","coordinates":[-97.8609,29.9751]},"properties":{"monday_item_id":"12457851896","district_type":"INDEPENDENT","school_name":"TOBIAS EL","school_district":"HAYS CISD","scouting_district":"Sacred Springs","county":"HAYS COUNTY","address":"1005 E FM150, KYLE, TX, USA","recruitment_status":"Planning in Progress","jsn_date":"","unit":"Pack 0125","source":"CAC Schools monday.com table, joined to mapped recruitment-school coordinates"}},{"type":"Feature","id":"school-212","geometry":{"type":"Point","coordinates":[-98.117104,30.005117]},"properties":{"monday_item_id":"12457805742","district_type":"INDEPENDENT","school_name":"WIMBERLEY H S","school_district":"WIMBERLEY ISD","scouting_district":"Sacred Springs","county":"HAYS COUNTY","address":"100 CARNEY LN, WIMBERLEY, TX, USA","recruitment_status":"Planning in Progress","jsn_date":"","unit":"","source":"CAC Schools monday.com table, joined to mapped recruitment-school coordinates"}},{"type":"Feature","id":"school-213","geometry":{"type":"Point","coordinates":[-97.665842,30.627471]},"properties":{"monday_item_id":"12457876117","district_type":"INDEPENDENT","school_name":"ANNIE PURL EL","school_district":"GEORGETOWN ISD","scouting_district":"San Gabriel","county":"WILLIAMSON COUNTY","address":"1953 MAPLE ST, GEORGETOWN, TX, USA","recruitment_status":"Planning in Progress","jsn_date":"","unit":"Pack 0151","source":"CAC Schools monday.com table, joined to mapped recruitment-school coordinates"}},{"type":"Feature","id":"school-214","geometry":{"type":"Point","coordinates":[-97.642391,30.61939]},"properties":{"monday_item_id":"12457876469","district_type":"INDEPENDENT","school_name":"JAMES E MITCHELL EL","school_district":"GEORGETOWN ISD","scouting_district":"San Gabriel","county":"WILLIAMSON COUNTY","address":"1601 ROCKRIDE LN, GEORGETOWN, TX, USA","recruitment_status":"Planning in Progress","jsn_date":"","unit":"Pack 0151","source":"CAC Schools monday.com table, joined to mapped recruitment-school coordinates"}},{"type":"Feature","id":"school-215","geometry":{"type":"Point","coordinates":[-97.728865,30.688487]},"properties":{"monday_item_id":"12457876449","district_type":"INDEPENDENT","school_name":"JO ANN FORD EL","school_district":"GEORGETOWN ISD","scouting_district":"San Gabriel","county":"WILLIAMSON COUNTY","address":"210 WOODLAKE DR, GEORGETOWN, TX, USA","recruitment_status":"Planning in Progress","jsn_date":"","unit":"Pack 2338","source":"CAC Schools monday.com table, joined to mapped recruitment-school coordinates"}},{"type":"Feature","id":"school-216","geometry":{"type":"Point","coordinates":[-97.650142,30.661079]},"properties":{"monday_item_id":"12457876303","district_type":"INDEPENDENT","school_name":"PAT COOPER EL","school_district":"GEORGETOWN ISD","scouting_district":"San Gabriel","county":"WILLIAMSON COUNTY","address":"1921 NE INNER LOOP, GEORGETOWN, TX, USA","recruitment_status":"Planning in Progress","jsn_date":"","unit":"Pack 0151","source":"CAC Schools monday.com table, joined to mapped recruitment-school coordinates"}},{"type":"Feature","id":"school-217","geometry":{"type":"Point","coordinates":[-97.713902,30.698421]},"properties":{"monday_item_id":"12457876431","district_type":"INDEPENDENT","school_name":"VILLAGE EL","school_district":"GEORGETOWN ISD","scouting_district":"San Gabriel","county":"WILLIAMSON COUNTY","address":"400 VILLAGE COMMONS, GEORGETOWN, TX, USA","recruitment_status":"Planning in Progress","jsn_date":"","unit":"Pack 2338","source":"CAC Schools monday.com table, joined to mapped recruitment-school coordinates"}},{"type":"Feature","id":"school-218","geometry":{"type":"Point","coordinates":[-97.85202,30.15406]},"properties":{"monday_item_id":"12457850920","district_type":"INDEPENDENT","school_name":"BARANOFF EL","school_district":"AUSTIN ISD","scouting_district":"Thunderbird","county":"TRAVIS COUNTY","address":"12009 BUCKINGHAM GATE RD, AUSTIN, TX, USA","recruitment_status":"Planning in Progress","jsn_date":"","unit":"Pack 0082","source":"CAC Schools monday.com table, joined to mapped recruitment-school coordinates"}},{"type":"Feature","id":"school-219","geometry":{"type":"Point","coordinates":[-97.909483,30.170778]},"properties":{"monday_item_id":"12457851866","district_type":"INDEPENDENT","school_name":"BEAR CREEK EL","school_district":"AUSTIN ISD","scouting_district":"Thunderbird","county":"TRAVIS COUNTY","address":"12801 ESCARPMENT BLVD, AUSTIN, TX, USA","recruitment_status":"Planning in Progress","jsn_date":"","unit":"Pack 0535","source":"CAC Schools monday.com table, joined to mapped recruitment-school coordinates"}},{"type":"Feature","id":"school-220","geometry":{"type":"Point","coordinates":[-97.814857,30.176906]},"properties":{"monday_item_id":"12457851114","district_type":"INDEPENDENT","school_name":"CASEY EL","school_district":"AUSTIN ISD","scouting_district":"Thunderbird","county":"TRAVIS COUNTY","address":"9400 TEXAS OAKS DR, AUSTIN, TX, USA","recruitment_status":"Planning in Progress","jsn_date":"","unit":"Pack 0081","source":"CAC Schools monday.com table, joined to mapped recruitment-school coordinates"}},{"type":"Feature","id":"school-221","geometry":{"type":"Point","coordinates":[-97.906497,30.195105]},"properties":{"monday_item_id":"12457851561","district_type":"INDEPENDENT","school_name":"CLAYTON EL","school_district":"AUSTIN ISD","scouting_district":"Thunderbird","county":"TRAVIS COUNTY","address":"7525 LA CROSSE AVE, AUSTIN, TX, USA","recruitment_status":"Planning in Progress","jsn_date":"","unit":"Pack 0012","source":"CAC Schools monday.com table, joined to mapped recruitment-school coordinates"}},{"type":"Feature","id":"school-222","geometry":{"type":"Point","coordinates":[-97.833538,30.18874]},"properties":{"monday_item_id":"12457851001","district_type":"INDEPENDENT","school_name":"COWAN EL","school_district":"AUSTIN ISD","scouting_district":"Thunderbird","county":"TRAVIS COUNTY","address":"2817 KENTISH DR, AUSTIN, TX, USA","recruitment_status":"Planning in Progress","jsn_date":"","unit":"Pack 0320","source":"CAC Schools monday.com table, joined to mapped recruitment-school coordinates"}},{"type":"Feature","id":"school-223","geometry":{"type":"Point","coordinates":[-97.790413,30.227976]},"properties":{"monday_item_id":"12457851417","district_type":"INDEPENDENT","school_name":"JOSLIN EL","school_district":"AUSTIN ISD","scouting_district":"Thunderbird","county":"TRAVIS COUNTY","address":"4500 MANCHACA RD, AUSTIN, TX, USA","recruitment_status":"Planning in Progress","jsn_date":"","unit":"Pack 0021","source":"CAC Schools monday.com table, joined to mapped recruitment-school coordinates"}},{"type":"Feature","id":"school-224","geometry":{"type":"Point","coordinates":[-97.881246,30.191536]},"properties":{"monday_item_id":"12457852020","district_type":"INDEPENDENT","school_name":"KIKER EL","school_district":"AUSTIN ISD","scouting_district":"Thunderbird","county":"TRAVIS COUNTY","address":"5913 LA CROSSE AVE, AUSTIN, TX, USA","recruitment_status":"Planning in Progress","jsn_date":"","unit":"Pack 0535","source":"CAC Schools monday.com table, joined to mapped recruitment-school coordinates"}},{"type":"Feature","id":"school-225","geometry":{"type":"Point","coordinates":[-97.834894,30.177985]},"properties":{"monday_item_id":"12457851041","district_type":"INDEPENDENT","school_name":"KOCUREK EL","school_district":"AUSTIN ISD","scouting_district":"Thunderbird","county":"TRAVIS COUNTY","address":"9800 CURLEW DR, AUSTIN, TX, USA","recruitment_status":"Planning in Progress","jsn_date":"","unit":"Pack 0081","source":"CAC Schools monday.com table, joined to mapped recruitment-school coordinates"}},{"type":"Feature","id":"school-226","geometry":{"type":"Point","coordinates":[-97.878234,30.210955]},"properties":{"monday_item_id":"12457876196","district_type":"INDEPENDENT","school_name":"MILLS EL","school_district":"AUSTIN ISD","scouting_district":"Thunderbird","county":"TRAVIS COUNTY","address":"6201 DAVIS LN, AUSTIN, TX, USA","recruitment_status":"Planning in Progress","jsn_date":"","unit":"Pack 0446","source":"CAC Schools monday.com table, joined to mapped recruitment-school coordinates"}},{"type":"Feature","id":"school-227","geometry":{"type":"Point","coordinates":[-97.858644,30.238018]},"properties":{"monday_item_id":"12457876498","district_type":"INDEPENDENT","school_name":"OAK HILL EL","school_district":"AUSTIN ISD","scouting_district":"Thunderbird","county":"TRAVIS COUNTY","address":"6101 PATTON RANCH RD, AUSTIN, TX, USA","recruitment_status":"Planning in Progress","jsn_date":"","unit":"Pack 0446","source":"CAC Schools monday.com table, joined to mapped recruitment-school coordinates"}},{"type":"Feature","id":"school-228","geometry":{"type":"Point","coordinates":[-97.845238,30.23173]},"properties":{"monday_item_id":"12457876479","district_type":"INDEPENDENT","school_name":"PATTON EL","school_district":"AUSTIN ISD","scouting_district":"Thunderbird","county":"TRAVIS COUNTY","address":"6001 WESTCREEK DR, AUSTIN, TX, USA","recruitment_status":"Planning in Progress","jsn_date":"","unit":"Pack 0395","source":"CAC Schools monday.com table, joined to mapped recruitment-school coordinates"}},{"type":"Feature","id":"school-229","geometry":{"type":"Point","coordinates":[-97.77348,30.221865]},"properties":{"monday_item_id":"12457876462","district_type":"INDEPENDENT","school_name":"ST ELMO EL","school_district":"AUSTIN ISD","scouting_district":"Thunderbird","county":"TRAVIS COUNTY","address":"600 W ST ELMO RD, AUSTIN, TX, USA","recruitment_status":"Planning in Progress","jsn_date":"","unit":"Pack 0021","source":"CAC Schools monday.com table, joined to mapped recruitment-school coordinates"}},{"type":"Feature","id":"school-230","geometry":{"type":"Point","coordinates":[-97.743424,30.164853]},"properties":{"monday_item_id":"12457851491","district_type":"INDEPENDENT","school_name":"PALM EL","school_district":"AUSTIN ISD","scouting_district":"Thunderbird","county":"TRAVIS COUNTY","address":"7601 DIXIE DR, AUSTIN, TX, USA","recruitment_status":"Planning in Progress","jsn_date":"","unit":"Pack 0021","source":"CAC Schools monday.com table, joined to mapped recruitment-school coordinates"}},{"type":"Feature","id":"school-231","geometry":{"type":"Point","coordinates":[-97.691591,30.236175]},"properties":{"monday_item_id":"12457851820","district_type":"INDEPENDENT","school_name":"ALLISON EL","school_district":"AUSTIN ISD","scouting_district":"Unassigned","county":"TRAVIS COUNTY","address":"515 VARGAS RD, AUSTIN, TX, USA","recruitment_status":"Planning in Progress","jsn_date":"","unit":"Pack 0515","source":"CAC Schools monday.com table, joined to mapped recruitment-school coordinates"}},{"type":"Feature","id":"school-232","geometry":{"type":"Point","coordinates":[-97.720692,30.091073]},"properties":{"monday_item_id":"12457850179","district_type":"INDEPENDENT","school_name":"CREEDMOOR EL","school_district":"DEL VALLE ISD","scouting_district":"Thunderbird","county":"TRAVIS COUNTY","address":"5604 FM 1327, CREEDMOOR, TX, USA","recruitment_status":"Planning in Progress","jsn_date":"","unit":"Pack 0001","source":"CAC Schools monday.com table, joined to mapped recruitment-school coordinates"}},{"type":"Feature","id":"school-233","geometry":{"type":"Point","coordinates":[-97.642635,30.31125]},"properties":{"monday_item_id":"12457851710","district_type":"INDEPENDENT","school_name":"GARCIA YMLA","school_district":"AUSTIN ISD","scouting_district":"Armadillo","county":"TRAVIS COUNTY","address":"7414 JOHNNY MORRIS RD, AUSTIN, TX, USA","recruitment_status":"Planning in Progress","jsn_date":"","unit":"Troop 7414","source":"CAC Schools monday.com table, joined to mapped recruitment-school coordinates"}},{"type":"Feature","id":"school-234","geometry":{"type":"Point","coordinates":[-97.698951,30.263842]},"properties":{"monday_item_id":"12457876433","district_type":"INDEPENDENT","school_name":"GOVALLE EL","school_district":"AUSTIN ISD","scouting_district":"Unassigned","county":"TRAVIS COUNTY","address":"3601 GOVALLE AVE, AUSTIN, TX, USA","recruitment_status":"Planning in Progress","jsn_date":"","unit":"Pack 0022","source":"CAC Schools monday.com table, joined to mapped recruitment-school coordinates"}},{"type":"Feature","id":"school-235","geometry":{"type":"Point","coordinates":[-97.743424,30.164853]},"properties":{"monday_item_id":"12457851394","district_type":"INDEPENDENT","school_name":"LANGFORD EL","school_district":"AUSTIN ISD","scouting_district":"Thunderbird","county":"TRAVIS COUNTY","address":"7601 DIXIE DR, AUSTIN, TX, USA","recruitment_status":"Planning in Progress","jsn_date":"","unit":"Pack 0750","source":"CAC Schools monday.com table, joined to mapped recruitment-school coordinates"}},{"type":"Feature","id":"school-236","geometry":{"type":"Point","coordinates":[-97.635962,30.280925]},"properties":{"monday_item_id":"12457851314","district_type":"INDEPENDENT","school_name":"OAK MEADOWS EL","school_district":"MANOR ISD","scouting_district":"Unassigned","county":"TRAVIS COUNTY","address":"5600 DECKER LN, MANOR, TX, USA","recruitment_status":"Planning in Progress","jsn_date":"","unit":"Pack 0724","source":"CAC Schools monday.com table, joined to mapped recruitment-school coordinates"}},{"type":"Feature","id":"school-237","geometry":{"type":"Point","coordinates":[-97.70478,30.271787]},"properties":{"monday_item_id":"12457876450","district_type":"INDEPENDENT","school_name":"OAK SPRINGS EL","school_district":"AUSTIN ISD","scouting_district":"Unassigned","county":"TRAVIS COUNTY","address":"3601 WEBBERVILLE RD, AUSTIN, TX, USA","recruitment_status":"Planning in Progress","jsn_date":"","unit":"Pack 3601","source":"CAC Schools monday.com table, joined to mapped recruitment-school coordinates"}},{"type":"Feature","id":"school-238","geometry":{"type":"Point","coordinates":[-97.684399,30.270031]},"properties":{"monday_item_id":"12457876466","district_type":"INDEPENDENT","school_name":"ORTEGA EL","school_district":"AUSTIN ISD","scouting_district":"Unassigned","county":"TRAVIS COUNTY","address":"1135 GARLAND AVE, AUSTIN, TX, USA","recruitment_status":"Planning in Progress","jsn_date":"","unit":"Pack 1135","source":"CAC Schools monday.com table, joined to mapped recruitment-school coordinates"}},{"type":"Feature","id":"school-239","geometry":{"type":"Point","coordinates":[-97.756564,30.170422]},"properties":{"monday_item_id":"12457850533","district_type":"INDEPENDENT","school_name":"PEREZ EL","school_district":"AUSTIN ISD","scouting_district":"Thunderbird","county":"TRAVIS COUNTY","address":"7500 S PLEASANT VLY RD, AUSTIN, TX, USA","recruitment_status":"Planning in Progress","jsn_date":"","unit":"Pack 0220","source":"CAC Schools monday.com table, joined to mapped recruitment-school coordinates"}},{"type":"Feature","id":"school-240","geometry":{"type":"Point","coordinates":[-97.747035,30.200525]},"properties":{"monday_item_id":"12457851671","district_type":"INDEPENDENT","school_name":"RODRIGUEZ EL","school_district":"AUSTIN ISD","scouting_district":"Unassigned","county":"TRAVIS COUNTY","address":"4400 FRANKLIN PARK DR, AUSTIN, TX, USA","recruitment_status":"Planning in Progress","jsn_date":"","unit":"Pack 2424","source":"CAC Schools monday.com table, joined to mapped recruitment-school coordinates"}},{"type":"Feature","id":"school-241","geometry":{"type":"Point","coordinates":[-97.801206,30.14988]},"properties":{"monday_item_id":"12457805845","district_type":"INDEPENDENT","school_name":"AKINS EARLY COLLEGE H S","school_district":"AUSTIN ISD","scouting_district":"Unassigned","county":"TRAVIS COUNTY","address":"10701 S 1ST ST, AUSTIN, TX, USA","recruitment_status":"Not Scheduled","jsn_date":"","unit":"","source":"CAC Schools monday.com table, joined to mapped recruitment-school coordinates"}},{"type":"Feature","id":"school-242","geometry":{"type":"Point","coordinates":[-97.697161,30.256059]},"properties":{"monday_item_id":"12457850735","district_type":"INDEPENDENT","school_name":"ALTERNATIVE LEARNING CENTER","school_district":"AUSTIN ISD","scouting_district":"Unassigned","county":"TRAVIS COUNTY","address":"5106 VILLAGE SQUARE DR, AUSTIN, TX, USA","recruitment_status":"Not Scheduled","jsn_date":"","unit":"","source":"CAC Schools monday.com table, joined to mapped recruitment-school coordinates"}},{"type":"Feature","id":"school-243","geometry":{"type":"Point","coordinates":[-97.753617,30.375754]},"properties":{"monday_item_id":"12457850693","district_type":"INDEPENDENT","school_name":"ANDERSON H S","school_district":"AUSTIN ISD","scouting_district":"Unassigned","county":"TRAVIS COUNTY","address":"8403 MESA DR, AUSTIN, TX, USA","recruitment_status":"Not Scheduled","jsn_date":"","unit":"","source":"CAC Schools monday.com table, joined to mapped recruitment-school coordinates"}},{"type":"Feature","id":"school-244","geometry":{"type":"Point","coordinates":[-97.680186,30.317783]},"properties":{"monday_item_id":"12457850662","district_type":"INDEPENDENT","school_name":"ANDREWS EL","school_district":"AUSTIN ISD","scouting_district":"Unassigned","county":"TRAVIS COUNTY","address":"6801 NORTHEAST DR, AUSTIN, TX, USA","recruitment_status":"Not Scheduled","jsn_date":"","unit":"","source":"CAC Schools monday.com table, joined to mapped recruitment-school coordinates"}},{"type":"Feature","id":"school-245","geometry":{"type":"Point","coordinates":[-97.767439,30.274013]},"properties":{"monday_item_id":"12457851478","district_type":"INDEPENDENT","school_name":"AUSTIN H S","school_district":"AUSTIN ISD","scouting_district":"Unassigned","county":"TRAVIS COUNTY","address":"1715 W CESAR CHAVEZ, AUSTIN, TX, USA","recruitment_status":"Not Scheduled","jsn_date":"","unit":"","source":"CAC Schools monday.com table, joined to mapped recruitment-school coordinates"}},{"type":"Feature","id":"school-246","geometry":{"type":"Point","coordinates":[-97.719967,30.280355]},"properties":{"monday_item_id":"12457851821","district_type":"INDEPENDENT","school_name":"AUSTIN ISD PREK PARTNERSHIP (PKP)","school_district":"AUSTIN ISD","scouting_district":"Unassigned","county":"TRAVIS COUNTY","address":"2000 E MARTIN LUTHER KING JR BLVD, AUSTIN, TX, USA","recruitment_status":"Not Scheduled","jsn_date":"","unit":"","source":"CAC Schools monday.com table, joined to mapped recruitment-school coordinates"}},{"type":"Feature","id":"school-247","geometry":{"type":"Point","coordinates":[-97.735323,30.314379]},"properties":{"monday_item_id":"12457850713","district_type":"INDEPENDENT","school_name":"AUSTIN ST HOSPITAL","school_district":"AUSTIN ISD","scouting_district":"Unassigned","county":"TRAVIS COUNTY","address":"4110 GUADALUPE ST BUILDING #785, AUSTIN, TX, USA","recruitment_status":"Not Scheduled","jsn_date":"","unit":"","source":"CAC Schools monday.com table, joined to mapped recruitment-school coordinates"}},{"type":"Feature","id":"school-248","geometry":{"type":"Point","coordinates":[-97.834888,30.623074]},"properties":{"monday_item_id":"12457851115","district_type":"INDEPENDENT","school_name":"BAR W EL","school_district":"LIBERTY HILL ISD","scouting_district":"San Gabriel","county":"WILLIAMSON COUNTY","address":"2100 STAMP IRON AVE, LEANDER, TX, USA","recruitment_status":"Not Scheduled","jsn_date":"","unit":"","source":"CAC Schools monday.com table, joined to mapped recruitment-school coordinates"}},{"type":"Feature","id":"school-249","geometry":{"type":"Point","coordinates":[-97.713072,30.227016]},"properties":{"monday_item_id":"12457851953","district_type":"INDEPENDENT","school_name":"BATY EL","school_district":"DEL VALLE ISD","scouting_district":"Armadillo","county":"TRAVIS COUNTY","address":"2101 FARO DR, AUSTIN, TX, USA","recruitment_status":"Not Scheduled","jsn_date":"","unit":"","source":"CAC Schools monday.com table, joined to mapped recruitment-school coordinates"}},{"type":"Feature","id":"school-250","geometry":{"type":"Point","coordinates":[-97.889127,30.66125]},"properties":{"monday_item_id":"12457876269","district_type":"INDEPENDENT","school_name":"BILL BURDEN EL","school_district":"LIBERTY HILL ISD","scouting_district":"San Gabriel","county":"WILLIAMSON COUNTY","address":"315 STONEWALL PKWY, LIBERTY HILL, TX, USA","recruitment_status":"Not Scheduled","jsn_date":"","unit":"","source":"CAC Schools monday.com table, joined to mapped recruitment-school coordinates"}},{"type":"Feature","id":"school-251","geometry":{"type":"Point","coordinates":[-97.722184,30.267237]},"properties":{"monday_item_id":"12457850787","district_type":"INDEPENDENT","school_name":"BLACKSHEAR EL","school_district":"AUSTIN ISD","scouting_district":"Unassigned","county":"TRAVIS COUNTY","address":"1712 E 11TH ST, AUSTIN, TX, USA","recruitment_status":"Not Scheduled","jsn_date":"","unit":"","source":"CAC Schools monday.com table, joined to mapped recruitment-school coordinates"}},{"type":"Feature","id":"school-252","geometry":{"type":"Point","coordinates":[-97.570727,30.426817]},"properties":{"monday_item_id":"12457850895","district_type":"INDEPENDENT","school_name":"BOHLS MIDDLE","school_district":"PFLUGERVILLE ISD","scouting_district":"Armadillo","county":"TRAVIS COUNTY","address":"5104 PLEASANTON PKWY, PFLUGERVILLE, TX, USA","recruitment_status":"Not Scheduled","jsn_date":"","unit":"","source":"CAC Schools monday.com table, joined to mapped recruitment-school coordinates"}},{"type":"Feature","id":"school-253","geometry":{"type":"Point","coordinates":[-97.709081,30.344778]},"properties":{"monday_item_id":"12457851013","district_type":"INDEPENDENT","school_name":"BROWN EL","school_district":"AUSTIN ISD","scouting_district":"Unassigned","county":"TRAVIS COUNTY","address":"7801 GUADALUPE ST, AUSTIN, TX, USA","recruitment_status":"Not Scheduled","jsn_date":"","unit":"","source":"CAC Schools monday.com table, joined to mapped recruitment-school coordinates"}},{"type":"Feature","id":"school-254","geometry":{"type":"Point","coordinates":[-97.725828,30.364556]},"properties":{"monday_item_id":"12457805614","district_type":"INDEPENDENT","school_name":"BURNET MIDDLE","school_district":"AUSTIN ISD","scouting_district":"Unassigned","county":"TRAVIS COUNTY","address":"8401 HATHAWAY ST, AUSTIN, TX, USA","recruitment_status":"Not Scheduled","jsn_date":"","unit":"","source":"CAC Schools monday.com table, joined to mapped recruitment-school coordinates"}},{"type":"Feature","id":"school-255","geometry":{"type":"Point","coordinates":[-97.655189,30.468387]},"properties":{"monday_item_id":"12457850413","district_type":"INDEPENDENT","school_name":"CALDWELL EL","school_district":"PFLUGERVILLE ISD","scouting_district":"Armadillo","county":"TRAVIS COUNTY","address":"1718 PICADILLY DR, ROUND ROCK, TX, USA","recruitment_status":"Not Scheduled","jsn_date":"","unit":"","source":"CAC Schools monday.com table, joined to mapped recruitment-school coordinates"}},{"type":"Feature","id":"school-256","geometry":{"type":"Point","coordinates":[-97.713839,30.282561]},"properties":{"monday_item_id":"12457850456","district_type":"INDEPENDENT","school_name":"CAMPBELL EL","school_district":"AUSTIN ISD","scouting_district":"Unassigned","county":"TRAVIS COUNTY","address":"2613 ROGERS AVE, AUSTIN, TX, USA","recruitment_status":"Not Scheduled","jsn_date":"","unit":"","source":"CAC Schools monday.com table, joined to mapped recruitment-school coordinates"}},{"type":"Feature","id":"school-257","geometry":{"type":"Point","coordinates":[-97.754741,30.236591]},"properties":{"monday_item_id":"12457805839","district_type":"INDEPENDENT","school_name":"CARPENTER EL","school_district":"PFLUGERVILLE ISD","scouting_district":"Armadillo","county":"TRAVIS COUNTY","address":"1401 W PECAN ST, PFLUGERVILLE, TX, USA","recruitment_status":"Not Scheduled","jsn_date":"","unit":"","source":"CAC Schools monday.com table, joined to mapped recruitment-school coordinates"}},{"type":"Feature","id":"school-258","geometry":{"type":"Point","coordinates":[-97.548457,30.458047]},"properties":{"monday_item_id":"12457850823","district_type":"INDEPENDENT","school_name":"CELE MIDDLE","school_district":"PFLUGERVILLE ISD","scouting_district":"Armadillo","county":"TRAVIS COUNTY","address":"6000 CELE RD, PFLUGERVILLE, TX, USA","recruitment_status":"Not Scheduled","jsn_date":"","unit":"","source":"CAC Schools monday.com table, joined to mapped recruitment-school coordinates"}},{"type":"Feature","id":"school-259","geometry":{"type":"Point","coordinates":[-97.704836,30.377944]},"properties":{"monday_item_id":"12457805448","district_type":"INDEPENDENT","school_name":"COOK EL","school_district":"AUSTIN ISD","scouting_district":"Unassigned","county":"TRAVIS COUNTY","address":"1511 CRIPPLE CREEK DR, AUSTIN, TX, USA","recruitment_status":"Not Scheduled","jsn_date":"","unit":"","source":"CAC Schools monday.com table, joined to mapped recruitment-school coordinates"}},{"type":"Feature","id":"school-260","geometry":{"type":"Point","coordinates":[-97.659892,30.388269]},"properties":{"monday_item_id":"12457850209","district_type":"INDEPENDENT","school_name":"COPPERFIELD EL","school_district":"PFLUGERVILLE ISD","scouting_district":"Armadillo","county":"TRAVIS COUNTY","address":"12135 THOMPKINS DR, AUSTIN, TX, USA","recruitment_status":"Not Scheduled","jsn_date":"","unit":"","source":"CAC Schools monday.com table, joined to mapped recruitment-school coordinates"}},{"type":"Feature","id":"school-261","geometry":{"type":"Point","coordinates":[-97.796551,30.213911]},"properties":{"monday_item_id":"12457850633","district_type":"INDEPENDENT","school_name":"CROCKETT EARLY COLLEGE H S","school_district":"AUSTIN ISD","scouting_district":"Unassigned","county":"TRAVIS COUNTY","address":"5601 MANCHACA RD, AUSTIN, TX, USA","recruitment_status":"Not Scheduled","jsn_date":"","unit":"","source":"CAC Schools monday.com table, joined to mapped recruitment-school coordinates"}},{"type":"Feature","id":"school-262","geometry":{"type":"Point","coordinates":[-97.5898,30.243437]},"properties":{"monday_item_id":"12457851498","district_type":"INDEPENDENT","school_name":"DAILEY MIDDLE","school_district":"DEL VALLE ISD","scouting_district":"Armadillo","county":"TRAVIS COUNTY","address":"14000 WESTALL ST, AUSTIN, TX, USA","recruitment_status":"Not Scheduled","jsn_date":"","unit":"","source":"CAC Schools monday.com table, joined to mapped recruitment-school coordinates"}},{"type":"Feature","id":"school-263","geometry":{"type":"Point","coordinates":[-97.621527,30.310664]},"properties":{"monday_item_id":"12457850415","district_type":"INDEPENDENT","school_name":"DECKER MIDDLE","school_district":"MANOR ISD","scouting_district":"Armadillo","county":"TRAVIS COUNTY","address":"8104 DECKER LN, MANOR, TX, USA","recruitment_status":"Not Scheduled","jsn_date":"","unit":"","source":"CAC Schools monday.com table, joined to mapped recruitment-school coordinates"}},{"type":"Feature","id":"school-264","geometry":{"type":"Point","coordinates":[-97.712593,30.190596]},"properties":{"monday_item_id":"12457851305","district_type":"INDEPENDENT","school_name":"DEL VALLE DAEP","school_district":"DEL VALLE ISD","scouting_district":"Armadillo","county":"TRAVIS COUNTY","address":"4305 MCKINNEY FALLS PKWY, AUSTIN, TX, USA","recruitment_status":"Not Scheduled","jsn_date":"","unit":"","source":"CAC Schools monday.com table, joined to mapped recruitment-school coordinates"}},{"type":"Feature","id":"school-265","geometry":{"type":"Point","coordinates":[-97.621592,30.175075]},"properties":{"monday_item_id":"12457851044","district_type":"INDEPENDENT","school_name":"DEL VALLE EL","school_district":"DEL VALLE ISD","scouting_district":"Armadillo","county":"TRAVIS COUNTY","address":"5400 ROSS RD, DEL VALLE, TX, USA","recruitment_status":"Not Scheduled","jsn_date":"","unit":"","source":"CAC Schools monday.com table, joined to mapped recruitment-school coordinates"}},{"type":"Feature","id":"school-266","geometry":{"type":"Point","coordinates":[-97.612372,30.1799]},"properties":{"monday_item_id":"12457851992","district_type":"INDEPENDENT","school_name":"DEL VALLE H S","school_district":"DEL VALLE ISD","scouting_district":"Armadillo","county":"TRAVIS COUNTY","address":"5201 ROSS RD, DEL VALLE, TX, USA","recruitment_status":"Not Scheduled","jsn_date":"","unit":"","source":"CAC Schools monday.com table, joined to mapped recruitment-school coordinates"}},{"type":"Feature","id":"school-267","geometry":{"type":"Point","coordinates":[-97.623506,30.173615]},"properties":{"monday_item_id":"12457851391","district_type":"INDEPENDENT","school_name":"DEL VALLE MIDDLE","school_district":"DEL VALLE ISD","scouting_district":"Armadillo","county":"TRAVIS COUNTY","address":"5500 ROSS RD, DEL VALLE, TX, USA","recruitment_status":"Not Scheduled","jsn_date":"","unit":"","source":"CAC Schools monday.com table, joined to mapped recruitment-school coordinates"}},{"type":"Feature","id":"school-268","geometry":{"type":"Point","coordinates":[-97.612237,30.176336]},"properties":{"monday_item_id":"12457851218","district_type":"INDEPENDENT","school_name":"DEL VALLE OPPORTUNITY CTR","school_district":"DEL VALLE ISD","scouting_district":"Armadillo","county":"TRAVIS COUNTY","address":"5301 ROSS ROAD#B, DEL VALLE, TX, USA","recruitment_status":"Not Scheduled","jsn_date":"","unit":"","source":"CAC Schools monday.com table, joined to mapped recruitment-school coordinates"}},{"type":"Feature","id":"school-269","geometry":{"type":"Point","coordinates":[-97.643312,30.39868]},"properties":{"monday_item_id":"12457850709","district_type":"INDEPENDENT","school_name":"DESSAU MIDDLE","school_district":"PFLUGERVILLE ISD","scouting_district":"Armadillo","county":"TRAVIS COUNTY","address":"12900 DESSAU RD, AUSTIN, TX, USA","recruitment_status":"Not Scheduled","jsn_date":"","unit":"","source":"CAC Schools monday.com table, joined to mapped recruitment-school coordinates"}},{"type":"Feature","id":"school-270","geometry":{"type":"Point","coordinates":[-97.680109,30.35418]},"properties":{"monday_item_id":"12457805381","district_type":"INDEPENDENT","school_name":"DOBIE MIDDLE","school_district":"AUSTIN ISD","scouting_district":"Unassigned","county":"TRAVIS COUNTY","address":"1200 E RUNDBERG LN, AUSTIN, TX, USA","recruitment_status":"Not Scheduled","jsn_date":"","unit":"","source":"CAC Schools monday.com table, joined to mapped recruitment-school coordinates"}},{"type":"Feature","id":"school-271","geometry":{"type":"Point","coordinates":[-97.708744,30.269214]},"properties":{"monday_item_id":"12457850302","district_type":"INDEPENDENT","school_name":"EASTSIDE EARLY COLLEGE H S","school_district":"AUSTIN ISD","scouting_district":"Unassigned","county":"TRAVIS COUNTY","address":"900 THOMPSON ST, AUSTIN, TX, USA","recruitment_status":"Not Scheduled","jsn_date":"","unit":"","source":"CAC Schools monday.com table, joined to mapped recruitment-school coordinates"}},{"type":"Feature","id":"school-272","geometry":{"type":"Point","coordinates":[-97.721187,30.277524]},"properties":{"monday_item_id":"12457805622","district_type":"INDEPENDENT","school_name":"GARZA INDEPENDENCE H S","school_district":"AUSTIN ISD","scouting_district":"Unassigned","county":"TRAVIS COUNTY","address":"1600 CHICON, AUSTIN, TX, USA","recruitment_status":"Not Scheduled","jsn_date":"","unit":"","source":"CAC Schools monday.com table, joined to mapped recruitment-school coordinates"}},{"type":"Feature","id":"school-273","geometry":{"type":"Point","coordinates":[-97.69456,30.296428]},"properties":{"monday_item_id":"12457850588","district_type":"INDEPENDENT","school_name":"GENERAL MARSHALL MIDDLE","school_district":"AUSTIN ISD","scouting_district":"Unassigned","county":"TRAVIS COUNTY","address":"4401 TILLEY ST, AUSTIN, TX, USA","recruitment_status":"Not Scheduled","jsn_date":"","unit":"","source":"CAC Schools monday.com table, joined to mapped recruitment-school coordinates"}},{"type":"Feature","id":"school-274","geometry":{"type":"Point","coordinates":[-97.669252,30.372511]},"properties":{"monday_item_id":"12457797603","district_type":"INDEPENDENT","school_name":"GRAHAM EL","school_district":"AUSTIN ISD","scouting_district":"Unassigned","county":"TRAVIS COUNTY","address":"11211 TOM ADAMS DR, AUSTIN, TX, USA","recruitment_status":"Not Scheduled","jsn_date":"","unit":"","source":"CAC Schools monday.com table, joined to mapped recruitment-school coordinates"}},{"type":"Feature","id":"school-275","geometry":{"type":"Point","coordinates":[-97.678233,30.332817]},"properties":{"monday_item_id":"12457850502","district_type":"INDEPENDENT","school_name":"GREENLEAF NCC","school_district":"AUSTIN ISD","scouting_district":"Unassigned","county":"TRAVIS COUNTY","address":"8001 CENTRE PARK DRIVE STE 130, AUSTIN, TX, USA","recruitment_status":"Not Scheduled","jsn_date":"","unit":"","source":"CAC Schools monday.com table, joined to mapped recruitment-school coordinates"}},{"type":"Feature","id":"school-276","geometry":{"type":"Point","coordinates":[-97.691655,30.363864]},"properties":{"monday_item_id":"12457851673","district_type":"INDEPENDENT","school_name":"GUERRERO THOMPSON","school_district":"AUSTIN ISD","scouting_district":"Unassigned","county":"TRAVIS COUNTY","address":"102 E RUNDBERG, AUSTIN, TX, USA","recruitment_status":"Not Scheduled","jsn_date":"","unit":"","source":"CAC Schools monday.com table, joined to mapped recruitment-school coordinates"}},{"type":"Feature","id":"school-277","geometry":{"type":"Point","coordinates":[-97.686067,30.279469]},"properties":{"monday_item_id":"12457851365","district_type":"INDEPENDENT","school_name":"HARRIS EL","school_district":"AUSTIN ISD","scouting_district":"Unassigned","county":"TRAVIS COUNTY","address":"6105 BERKMAN DR, AUSTIN, TX, USA","recruitment_status":"Not Scheduled","jsn_date":"","unit":"","source":"CAC Schools monday.com table, joined to mapped recruitment-school coordinates"}},{"type":"Feature","id":"school-278","geometry":{"type":"Point","coordinates":[-97.688729,30.342492]},"properties":{"monday_item_id":"12457850527","district_type":"INDEPENDENT","school_name":"HART EL","school_district":"AUSTIN ISD","scouting_district":"Unassigned","county":"TRAVIS COUNTY","address":"8301 FURNESS, AUSTIN, TX, USA","recruitment_status":"Not Scheduled","jsn_date":"","unit":"","source":"CAC Schools monday.com table, joined to mapped recruitment-school coordinates"}},{"type":"Feature","id":"school-279","geometry":{"type":"Point","coordinates":[-97.588671,30.464251]},"properties":{"monday_item_id":"12457851083","district_type":"INDEPENDENT","school_name":"HENDRICKSON H S","school_district":"PFLUGERVILLE ISD","scouting_district":"Armadillo","county":"TRAVIS COUNTY","address":"19201 COLORODO SAND DR, PFLUGERVILLE, TX, USA","recruitment_status":"Not Scheduled","jsn_date":"","unit":"","source":"CAC Schools monday.com table, joined to mapped recruitment-school coordinates"}},{"type":"Feature","id":"school-280","geometry":{"type":"Point","coordinates":[-97.729117,30.165654]},"properties":{"monday_item_id":"12457851859","district_type":"INDEPENDENT","school_name":"HILLCREST EL","school_district":"DEL VALLE ISD","scouting_district":"Armadillo","county":"TRAVIS COUNTY","address":"6910 E WILLIAM CANNON DR, AUSTIN, TX, USA","recruitment_status":"Not Scheduled","jsn_date":"","unit":"","source":"CAC Schools monday.com table, joined to mapped recruitment-school coordinates"}},{"type":"Feature","id":"school-281","geometry":{"type":"Point","coordinates":[-97.587487,30.247887]},"properties":{"monday_item_id":"12457852015","district_type":"INDEPENDENT","school_name":"HORNSBY-DUNLAP EL","school_district":"DEL VALLE ISD","scouting_district":"Armadillo","county":"TRAVIS COUNTY","address":"13901 F M RD 969, AUSTIN, TX, USA","recruitment_status":"Not Scheduled","jsn_date":"","unit":"","source":"CAC Schools monday.com table, joined to mapped recruitment-school coordinates"}},{"type":"Feature","id":"school-282","geometry":{"type":"Point","coordinates":[-97.691048,30.324213]},"properties":{"monday_item_id":"12457850354","district_type":"INDEPENDENT","school_name":"INTERNATIONAL H S","school_district":"AUSTIN ISD","scouting_district":"Unassigned","county":"TRAVIS COUNTY","address":"7104 BERKMAN DR, AUSTIN, TX, USA","recruitment_status":"Not Scheduled","jsn_date":"","unit":"","source":"CAC Schools monday.com table, joined to mapped recruitment-school coordinates"}},{"type":"Feature","id":"school-283","geometry":{"type":"Point","coordinates":[-97.676317,30.419084]},"properties":{"monday_item_id":"12457851018","district_type":"INDEPENDENT","school_name":"JOHN B CONNALLY H S","school_district":"PFLUGERVILLE ISD","scouting_district":"Armadillo","county":"TRAVIS COUNTY","address":"13212 N LAMAR, AUSTIN, TX, USA","recruitment_status":"Not Scheduled","jsn_date":"","unit":"","source":"CAC Schools monday.com table, joined to mapped recruitment-school coordinates"}},{"type":"Feature","id":"school-284","geometry":{"type":"Point","coordinates":[-97.712593,30.190596]},"properties":{"monday_item_id":"12457851447","district_type":"INDEPENDENT","school_name":"JOHN P OJEDA MIDDLE","school_district":"DEL VALLE ISD","scouting_district":"Armadillo","county":"TRAVIS COUNTY","address":"4900 MCKINNEY FALLS PKWY, AUSTIN, TX, USA","recruitment_status":"Not Scheduled","jsn_date":"","unit":"","source":"CAC Schools monday.com table, joined to mapped recruitment-school coordinates"}},{"type":"Feature","id":"school-285","geometry":{"type":"Point","coordinates":[-97.646833,30.301161]},"properties":{"monday_item_id":"12457850818","district_type":"INDEPENDENT","school_name":"JORDAN EL","school_district":"AUSTIN ISD","scouting_district":"Unassigned","county":"TRAVIS COUNTY","address":"6711 JOHNNY MORRIS RD, AUSTIN, TX, USA","recruitment_status":"Not Scheduled","jsn_date":"","unit":"","source":"CAC Schools monday.com table, joined to mapped recruitment-school coordinates"}},{"type":"Feature","id":"school-286","geometry":{"type":"Point","coordinates":[-97.593006,30.258069]},"properties":{"monday_item_id":"12457851076","district_type":"INDEPENDENT","school_name":"JOSEPH GILBERT EL","school_district":"DEL VALLE ISD","scouting_district":"Armadillo","county":"TRAVIS COUNTY","address":"5412 GILBERT RD, AUSTIN, TX, USA","recruitment_status":"Not Scheduled","jsn_date":"","unit":"","source":"CAC Schools monday.com table, joined to mapped recruitment-school coordinates"}},{"type":"Feature","id":"school-287","geometry":{"type":"Point","coordinates":[-97.721557,30.27111]},"properties":{"monday_item_id":"12457828391","district_type":"INDEPENDENT","school_name":"KEALING MIDDLE","school_district":"AUSTIN ISD","scouting_district":"Unassigned","county":"TRAVIS COUNTY","address":"1607 PENNSYLVANIA AVE, AUSTIN, TX, USA","recruitment_status":"Not Scheduled","jsn_date":"","unit":"","source":"CAC Schools monday.com table, joined to mapped recruitment-school coordinates"}},{"type":"Feature","id":"school-288","geometry":{"type":"Point","coordinates":[-97.585503,30.463267]},"properties":{"monday_item_id":"12457850696","district_type":"INDEPENDENT","school_name":"KELLY LANE MIDDLE","school_district":"PFLUGERVILLE ISD","scouting_district":"Armadillo","county":"TRAVIS COUNTY","address":"18900 FALCON POINTE, PFLUGERVILLE, TX, USA","recruitment_status":"Not Scheduled","jsn_date":"","unit":"","source":"CAC Schools monday.com table, joined to mapped recruitment-school coordinates"}},{"type":"Feature","id":"school-289","geometry":{"type":"Point","coordinates":[-97.740384,30.337669]},"properties":{"monday_item_id":"12457805388","district_type":"INDEPENDENT","school_name":"LAMAR MIDDLE","school_district":"AUSTIN ISD","scouting_district":"Unassigned","county":"TRAVIS COUNTY","address":"6201 WYNONA ST, AUSTIN, TX, USA","recruitment_status":"Not Scheduled","jsn_date":"","unit":"","source":"CAC Schools monday.com table, joined to mapped recruitment-school coordinates"}},{"type":"Feature","id":"school-290","geometry":{"type":"Point","coordinates":[-97.681252,30.257825]},"properties":{"monday_item_id":"12457850183","district_type":"INDEPENDENT","school_name":"LASA H S","school_district":"AUSTIN ISD","scouting_district":"Unassigned","county":"TRAVIS COUNTY","address":"1012 ARTHUR STILES RD, AUSTIN, TX, USA","recruitment_status":"Not Scheduled","jsn_date":"","unit":"","source":"CAC Schools monday.com table, joined to mapped recruitment-school coordinates"}},{"type":"Feature","id":"school-291","geometry":{"type":"Point","coordinates":[-97.656643,30.313221]},"properties":{"monday_item_id":"12457805449","district_type":"INDEPENDENT","school_name":"LBJ EARLY COLLEGE H S","school_district":"AUSTIN ISD","scouting_district":"Unassigned","county":"TRAVIS COUNTY","address":"7309 LAZY CREEK DR, AUSTIN, TX, USA","recruitment_status":"Not Scheduled","jsn_date":"","unit":"","source":"CAC Schools monday.com table, joined to mapped recruitment-school coordinates"}},{"type":"Feature","id":"school-292","geometry":{"type":"Point","coordinates":[-97.754741,30.236591]},"properties":{"monday_item_id":"12457850417","district_type":"INDEPENDENT","school_name":"LEADERSHIP ACADEMY","school_district":"AUSTIN ISD","scouting_district":"Unassigned","county":"TRAVIS COUNTY","address":"2515 S CONGRESS, AUSTIN, TX, USA","recruitment_status":"Not Scheduled","jsn_date":"","unit":"","source":"CAC Schools monday.com table, joined to mapped recruitment-school coordinates"}},{"type":"Feature","id":"school-293","geometry":{"type":"Point","coordinates":[-97.727387,30.293424]},"properties":{"monday_item_id":"12457851473","district_type":"INDEPENDENT","school_name":"LEE EL","school_district":"AUSTIN ISD","scouting_district":"Unassigned","county":"TRAVIS COUNTY","address":"3308 HAMPTON RD, AUSTIN, TX, USA","recruitment_status":"Not Scheduled","jsn_date":"","unit":"","source":"CAC Schools monday.com table, joined to mapped recruitment-school coordinates"}},{"type":"Feature","id":"school-294","geometry":{"type":"Point","coordinates":[-97.874466,30.672074]},"properties":{"monday_item_id":"12457850997","district_type":"INDEPENDENT","school_name":"LEGACY RANCH H S","school_district":"LIBERTY HILL ISD","scouting_district":"San Gabriel","county":"WILLIAMSON COUNTY","address":"450 COUNTY RD 258, LIBERTY HILL, TX, USA","recruitment_status":"Not Scheduled","jsn_date":"","unit":"","source":"CAC Schools monday.com table, joined to mapped recruitment-school coordinates"}},{"type":"Feature","id":"school-295","geometry":{"type":"Point","coordinates":[-97.924891,30.668138]},"properties":{"monday_item_id":"12457851042","district_type":"INDEPENDENT","school_name":"LIBERTY HILL EL","school_district":"LIBERTY HILL ISD","scouting_district":"San Gabriel","county":"WILLIAMSON COUNTY","address":"1400 LOOP 332, LIBERTY HILL, TX, USA","recruitment_status":"Not Scheduled","jsn_date":"","unit":"","source":"CAC Schools monday.com table, joined to mapped recruitment-school coordinates"}},{"type":"Feature","id":"school-296","geometry":{"type":"Point","coordinates":[-97.953559,30.682475]},"properties":{"monday_item_id":"12457850714","district_type":"INDEPENDENT","school_name":"LIBERTY HILL H S","school_district":"LIBERTY HILL ISD","scouting_district":"San Gabriel","county":"WILLIAMSON COUNTY","address":"16500 W STATE HWY 29, LIBERTY HILL, TX, USA","recruitment_status":"Not Scheduled","jsn_date":"","unit":"","source":"CAC Schools monday.com table, joined to mapped recruitment-school coordinates"}},{"type":"Feature","id":"school-297","geometry":{"type":"Point","coordinates":[-97.90231,30.661179]},"properties":{"monday_item_id":"12457850785","district_type":"INDEPENDENT","school_name":"LIBERTY HILL MIDDLE","school_district":"LIBERTY HILL ISD","scouting_district":"San Gabriel","county":"WILLIAMSON COUNTY","address":"13125 W STATE HWY 29, LIBERTY HILL, TX, USA","recruitment_status":"Not Scheduled","jsn_date":"","unit":"","source":"CAC Schools monday.com table, joined to mapped recruitment-school coordinates"}},{"type":"Feature","id":"school-298","geometry":{"type":"Point","coordinates":[-97.750522,30.243909]},"properties":{"monday_item_id":"12457850505","district_type":"INDEPENDENT","school_name":"LIVELY MIDDLE","school_district":"AUSTIN ISD","scouting_district":"Unassigned","county":"TRAVIS COUNTY","address":"201 E MARY ST, AUSTIN, TX, USA","recruitment_status":"Not Scheduled","jsn_date":"","unit":"","source":"CAC Schools monday.com table, joined to mapped recruitment-school coordinates"}},{"type":"Feature","id":"school-299","geometry":{"type":"Point","coordinates":[-97.908055,30.663707]},"properties":{"monday_item_id":"12457851078","district_type":"INDEPENDENT","school_name":"LOUINE NOBLE EL","school_district":"LIBERTY HILL ISD","scouting_district":"San Gabriel","county":"WILLIAMSON COUNTY","address":"101 LOOP 332, LIBERTY HILL, TX, USA","recruitment_status":"Not Scheduled","jsn_date":"","unit":"","source":"CAC Schools monday.com table, joined to mapped recruitment-school coordinates"}},{"type":"Feature","id":"school-300","geometry":{"type":"Point","coordinates":[-97.581459,30.331993]},"properties":{"monday_item_id":"12457850205","district_type":"INDEPENDENT","school_name":"MANOR EXCEL ACADEMY","school_district":"MANOR ISD","scouting_district":"Armadillo","county":"TRAVIS COUNTY","address":"10400 WILDHORSE RANCH TRAIL, MANOR, TX, USA","recruitment_status":"Not Scheduled","jsn_date":"","unit":"","source":"CAC Schools monday.com table, joined to mapped recruitment-school coordinates"}},{"type":"Feature","id":"school-301","geometry":{"type":"Point","coordinates":[-97.562329,30.353329]},"properties":{"monday_item_id":"12457805846","district_type":"INDEPENDENT","school_name":"MANOR H S","school_district":"MANOR ISD","scouting_district":"Armadillo","county":"TRAVIS COUNTY","address":"14832 N FM 973, MANOR, TX, USA","recruitment_status":"Not Scheduled","jsn_date":"","unit":"","source":"CAC Schools monday.com table, joined to mapped recruitment-school coordinates"}},{"type":"Feature","id":"school-302","geometry":{"type":"Point","coordinates":[-97.562683,30.357579]},"properties":{"monday_item_id":"12457850308","district_type":"INDEPENDENT","school_name":"MANOR MIDDLE","school_district":"MANOR ISD","scouting_district":"Armadillo","county":"TRAVIS COUNTY","address":"12900 GREGG MANOR RD, MANOR, TX, USA","recruitment_status":"Not Scheduled","jsn_date":"","unit":"","source":"CAC Schools monday.com table, joined to mapped recruitment-school coordinates"}},{"type":"Feature","id":"school-303","geometry":{"type":"Point","coordinates":[-97.729761,30.252742]},"properties":{"monday_item_id":"12457805748","district_type":"INDEPENDENT","school_name":"MARTIN MIDDLE","school_district":"AUSTIN ISD","scouting_district":"Unassigned","county":"TRAVIS COUNTY","address":"1601 HASKELL ST, AUSTIN, TX, USA","recruitment_status":"Not Scheduled","jsn_date":"","unit":"","source":"CAC Schools monday.com table, joined to mapped recruitment-school coordinates"}},{"type":"Feature","id":"school-304","geometry":{"type":"Point","coordinates":[-97.760888,30.278332]},"properties":{"monday_item_id":"12457851553","district_type":"INDEPENDENT","school_name":"MATHEWS EL","school_district":"AUSTIN ISD","scouting_district":"Unassigned","county":"TRAVIS COUNTY","address":"906 W LYNN ST, AUSTIN, TX, USA","recruitment_status":"Not Scheduled","jsn_date":"","unit":"","source":"CAC Schools monday.com table, joined to mapped recruitment-school coordinates"}},{"type":"Feature","id":"school-305","geometry":{"type":"Point","coordinates":[-97.691057,30.383225]},"properties":{"monday_item_id":"12457828394","district_type":"INDEPENDENT","school_name":"MCBEE EL","school_district":"AUSTIN ISD","scouting_district":"Armadillo","county":"TRAVIS COUNTY","address":"1001 W BRAKER LN, AUSTIN, TX, USA","recruitment_status":"Not Scheduled","jsn_date":"","unit":"","source":"CAC Schools monday.com table, joined to mapped recruitment-school coordinates"}},{"type":"Feature","id":"school-306","geometry":{"type":"Point","coordinates":[-97.729715,30.326565]},"properties":{"monday_item_id":"12457851265","district_type":"INDEPENDENT","school_name":"MCCALLUM H S","school_district":"AUSTIN ISD","scouting_district":"Unassigned","county":"TRAVIS COUNTY","address":"5600 SUNSHINE DR, AUSTIN, TX, USA","recruitment_status":"Not Scheduled","jsn_date":"","unit":"","source":"CAC Schools monday.com table, joined to mapped recruitment-school coordinates"}},{"type":"Feature","id":"school-307","geometry":{"type":"Point","coordinates":[-97.708042,30.360598]},"properties":{"monday_item_id":"12457851558","district_type":"INDEPENDENT","school_name":"NAVARRO EARLY COLLEGE H S","school_district":"AUSTIN ISD","scouting_district":"Unassigned","county":"TRAVIS COUNTY","address":"1201 PAYTON GIN RD, AUSTIN, TX, USA","recruitment_status":"Not Scheduled","jsn_date":"","unit":"","source":"CAC Schools monday.com table, joined to mapped recruitment-school coordinates"}},{"type":"Feature","id":"school-308","geometry":{"type":"Point","coordinates":[-97.713626,30.153059]},"properties":{"monday_item_id":"12457851120","district_type":"INDEPENDENT","school_name":"NEWTON COLLINS EL","school_district":"DEL VALLE ISD","scouting_district":"Armadillo","county":"TRAVIS COUNTY","address":"7609 APOGEE BLVD, AUSTIN, TX, USA","recruitment_status":"Not Scheduled","jsn_date":"","unit":"","source":"CAC Schools monday.com table, joined to mapped recruitment-school coordinates"}},{"type":"Feature","id":"school-309","geometry":{"type":"Point","coordinates":[-97.673945,30.278392]},"properties":{"monday_item_id":"12457828389","district_type":"INDEPENDENT","school_name":"NORMAN-SIMS EL","school_district":"AUSTIN ISD","scouting_district":"Unassigned","county":"TRAVIS COUNTY","address":"4001 TANNEHILL LN, AUSTIN, TX, USA","recruitment_status":"Not Scheduled","jsn_date":"","unit":"","source":"CAC Schools monday.com table, joined to mapped recruitment-school coordinates"}},{"type":"Feature","id":"school-310","geometry":{"type":"Point","coordinates":[-97.691048,30.324213]},"properties":{"monday_item_id":"12457851306","district_type":"INDEPENDENT","school_name":"NORTHEAST EARLY COLLEGE H S","school_district":"AUSTIN ISD","scouting_district":"Unassigned","county":"TRAVIS COUNTY","address":"7104 BERKMAN DR, AUSTIN, TX, USA","recruitment_status":"Not Scheduled","jsn_date":"","unit":"","source":"CAC Schools monday.com table, joined to mapped recruitment-school coordinates"}},{"type":"Feature","id":"school-311","geometry":{"type":"Point","coordinates":[-97.676044,30.431891]},"properties":{"monday_item_id":"12457851490","district_type":"INDEPENDENT","school_name":"NORTHWEST EL","school_district":"PFLUGERVILLE ISD","scouting_district":"Armadillo","county":"TRAVIS COUNTY","address":"14014 THERMAL DR, AUSTIN, TX, USA","recruitment_status":"Not Scheduled","jsn_date":"","unit":"","source":"CAC Schools monday.com table, joined to mapped recruitment-school coordinates"}},{"type":"Feature","id":"school-312","geometry":{"type":"Point","coordinates":[-97.774089,30.285755]},"properties":{"monday_item_id":"12457805658","district_type":"INDEPENDENT","school_name":"O HENRY MIDDLE","school_district":"AUSTIN ISD","scouting_district":"Unassigned","county":"TRAVIS COUNTY","address":"2610 W 10TH ST, AUSTIN, TX, USA","recruitment_status":"Not Scheduled","jsn_date":"","unit":"","source":"CAC Schools monday.com table, joined to mapped recruitment-school coordinates"}},{"type":"Feature","id":"school-313","geometry":{"type":"Point","coordinates":[-97.636023,30.300327]},"properties":{"monday_item_id":"12457851750","district_type":"INDEPENDENT","school_name":"OVERTON EL","school_district":"AUSTIN ISD","scouting_district":"Unassigned","county":"TRAVIS COUNTY","address":"7201 COLONY LOOP DR, AUSTIN, TX, USA","recruitment_status":"Not Scheduled","jsn_date":"","unit":"","source":"CAC Schools monday.com table, joined to mapped recruitment-school coordinates"}},{"type":"Feature","id":"school-314","geometry":{"type":"Point","coordinates":[-97.720215,30.37379]},"properties":{"monday_item_id":"12457851708","district_type":"INDEPENDENT","school_name":"PADRON EL","school_district":"AUSTIN ISD","scouting_district":"Unassigned","county":"TRAVIS COUNTY","address":"2011 W RUNDBERG LN, AUSTIN, TX, USA","recruitment_status":"Not Scheduled","jsn_date":"","unit":"","source":"CAC Schools monday.com table, joined to mapped recruitment-school coordinates"}},{"type":"Feature","id":"school-315","geometry":{"type":"Point","coordinates":[-97.618423,30.4566]},"properties":{"monday_item_id":"12457850664","district_type":"INDEPENDENT","school_name":"PARK CREST MIDDLE","school_district":"PFLUGERVILLE ISD","scouting_district":"Armadillo","county":"TRAVIS COUNTY","address":"1500 N RAILROAD AVE, PFLUGERVILLE, TX, USA","recruitment_status":"Not Scheduled","jsn_date":"","unit":"","source":"CAC Schools monday.com table, joined to mapped recruitment-school coordinates"}},{"type":"Feature","id":"school-316","geometry":{"type":"Point","coordinates":[-97.691705,30.414805]},"properties":{"monday_item_id":"12457851372","district_type":"INDEPENDENT","school_name":"PARMER LANE EL","school_district":"PFLUGERVILLE ISD","scouting_district":"Armadillo","county":"TRAVIS COUNTY","address":"1806 PARMER LN, AUSTIN, TX, USA","recruitment_status":"Not Scheduled","jsn_date":"","unit":"","source":"CAC Schools monday.com table, joined to mapped recruitment-school coordinates"}},{"type":"Feature","id":"school-317","geometry":{"type":"Point","coordinates":[-97.665365,30.313921]},"properties":{"monday_item_id":"12457851571","district_type":"INDEPENDENT","school_name":"PECAN SPRINGS EL","school_district":"AUSTIN ISD","scouting_district":"Unassigned","county":"TRAVIS COUNTY","address":"3500 SUSQUEHANNA LN, AUSTIN, TX, USA","recruitment_status":"Not Scheduled","jsn_date":"","unit":"","source":"CAC Schools monday.com table, joined to mapped recruitment-school coordinates"}},{"type":"Feature","id":"school-318","geometry":{"type":"Point","coordinates":[-97.640855,30.44262]},"properties":{"monday_item_id":"12457850530","district_type":"INDEPENDENT","school_name":"PFLUGERVILLE MIDDLE","school_district":"PFLUGERVILLE ISD","scouting_district":"Armadillo","county":"TRAVIS COUNTY","address":"1600 W SETTLERS VLY DR, PFLUGERVILLE, TX, USA","recruitment_status":"Not Scheduled","jsn_date":"","unit":"","source":"CAC Schools monday.com table, joined to mapped recruitment-school coordinates"}},{"type":"Feature","id":"school-319","geometry":{"type":"Point","coordinates":[-97.693792,30.333049]},"properties":{"monday_item_id":"12457850630","district_type":"INDEPENDENT","school_name":"PICKLE EL","school_district":"AUSTIN ISD","scouting_district":"Unassigned","county":"TRAVIS COUNTY","address":"1101 WHEATLEY, AUSTIN, TX, USA","recruitment_status":"Not Scheduled","jsn_date":"","unit":"","source":"CAC Schools monday.com table, joined to mapped recruitment-school coordinates"}},{"type":"Feature","id":"school-320","geometry":{"type":"Point","coordinates":[-97.733212,30.369199]},"properties":{"monday_item_id":"12457805383","district_type":"INDEPENDENT","school_name":"PILLOW EL","school_district":"AUSTIN ISD","scouting_district":"Unassigned","county":"TRAVIS COUNTY","address":"3025 CROSSCREEK DR, AUSTIN, TX, USA","recruitment_status":"Not Scheduled","jsn_date":"","unit":"","source":"CAC Schools monday.com table, joined to mapped recruitment-school coordinates"}},{"type":"Feature","id":"school-321","geometry":{"type":"Point","coordinates":[-97.643912,30.157842]},"properties":{"monday_item_id":"12457851592","district_type":"INDEPENDENT","school_name":"POPHAM EL","school_district":"DEL VALLE ISD","scouting_district":"Armadillo","county":"TRAVIS COUNTY","address":"7014 ELROY RD, DEL VALLE, TX, USA","recruitment_status":"Not Scheduled","jsn_date":"","unit":"","source":"CAC Schools monday.com table, joined to mapped recruitment-school coordinates"}},{"type":"Feature","id":"school-322","geometry":{"type":"Point","coordinates":[-97.815863,30.632214]},"properties":{"monday_item_id":"12457876380","district_type":"INDEPENDENT","school_name":"RANCHO SIENNA EL","school_district":"LIBERTY HILL ISD","scouting_district":"San Gabriel","county":"WILLIAMSON COUNTY","address":"751 BONNET BLVD, GEORGETOWN, TX, USA","recruitment_status":"Not Scheduled","jsn_date":"","unit":"","source":"CAC Schools monday.com table, joined to mapped recruitment-school coordinates"}},{"type":"Feature","id":"school-323","geometry":{"type":"Point","coordinates":[-97.787861,30.237158]},"properties":{"monday_item_id":"12457797605","district_type":"INDEPENDENT","school_name":"RICHARDS SCH FOR YOUNG WOMEN LEADERS","school_district":"AUSTIN ISD","scouting_district":"Unassigned","county":"TRAVIS COUNTY","address":"2309 PANTHER TRAIL, AUSTIN, TX, USA","recruitment_status":"Not Scheduled","jsn_date":"","unit":"","source":"CAC Schools monday.com table, joined to mapped recruitment-school coordinates"}},{"type":"Feature","id":"school-324","geometry":{"type":"Point","coordinates":[-97.687098,30.408748]},"properties":{"monday_item_id":"12457805745","district_type":"INDEPENDENT","school_name":"RIVER OAKS EL","school_district":"PFLUGERVILLE ISD","scouting_district":"Armadillo","county":"TRAVIS COUNTY","address":"12401 SCOFIELD FARMS DR, AUSTIN, TX, USA","recruitment_status":"Not Scheduled","jsn_date":"","unit":"","source":"CAC Schools monday.com table, joined to mapped recruitment-school coordinates"}},{"type":"Feature","id":"school-325","geometry":{"type":"Point","coordinates":[-97.736612,30.352943]},"properties":{"monday_item_id":"12457850915","district_type":"INDEPENDENT","school_name":"ROSEDALE","school_district":"AUSTIN ISD","scouting_district":"Unassigned","county":"TRAVIS COUNTY","address":"7505 SILVERCREST DR, AUSTIN, TX, USA","recruitment_status":"Not Scheduled","jsn_date":"","unit":"","source":"CAC Schools monday.com table, joined to mapped recruitment-school coordinates"}},{"type":"Feature","id":"school-326","geometry":{"type":"Point","coordinates":[-97.647997,30.423502]},"properties":{"monday_item_id":"12457851219","district_type":"INDEPENDENT","school_name":"RUTH BARRON EL","school_district":"PFLUGERVILLE ISD","scouting_district":"Armadillo","county":"TRAVIS COUNTY","address":"14850 HARRIS RIDGE BLVD, PFLUGERVILLE, TX, USA","recruitment_status":"Not Scheduled","jsn_date":"","unit":"","source":"CAC Schools monday.com table, joined to mapped recruitment-school coordinates"}},{"type":"Feature","id":"school-327","geometry":{"type":"Point","coordinates":[-97.735104,30.258153]},"properties":{"monday_item_id":"12457851480","district_type":"INDEPENDENT","school_name":"SANCHEZ EL","school_district":"AUSTIN ISD","scouting_district":"Unassigned","county":"TRAVIS COUNTY","address":"73 SAN MARCOS ST, AUSTIN, TX, USA","recruitment_status":"Not Scheduled","jsn_date":"","unit":"","source":"CAC Schools monday.com table, joined to mapped recruitment-school coordinates"}},{"type":"Feature","id":"school-328","geometry":{"type":"Point","coordinates":[-97.920928,30.666889]},"properties":{"monday_item_id":"12457851048","district_type":"INDEPENDENT","school_name":"SANTA RITA EL","school_district":"LIBERTY HILL ISD","scouting_district":"San Gabriel","county":"WILLIAMSON COUNTY","address":"301 FORREST ST, LIBERTY HILL, TX, USA","recruitment_status":"Not Scheduled","jsn_date":"","unit":"","source":"CAC Schools monday.com table, joined to mapped recruitment-school coordinates"}},{"type":"Feature","id":"school-329","geometry":{"type":"Point","coordinates":[-97.830389,30.652136]},"properties":{"monday_item_id":"12457850888","district_type":"INDEPENDENT","school_name":"SANTA RITA MIDDLE","school_district":"LIBERTY HILL ISD","scouting_district":"San Gabriel","county":"WILLIAMSON COUNTY","address":"90 E SANTA RITA BLVD, LIBERTY HILL, TX, USA","recruitment_status":"Not Scheduled","jsn_date":"","unit":"","source":"CAC Schools monday.com table, joined to mapped recruitment-school coordinates"}},{"type":"Feature","id":"school-330","geometry":{"type":"Point","coordinates":[-97.713296,30.195916]},"properties":{"monday_item_id":"12457876115","district_type":"INDEPENDENT","school_name":"SMITH EL","school_district":"DEL VALLE ISD","scouting_district":"Armadillo","county":"TRAVIS COUNTY","address":"4209 SMITH SCHOOL RD, AUSTIN, TX, USA","recruitment_status":"Not Scheduled","jsn_date":"","unit":"","source":"CAC Schools monday.com table, joined to mapped recruitment-school coordinates"}},{"type":"Feature","id":"school-331","geometry":{"type":"Point","coordinates":[-97.645122,30.442517]},"properties":{"monday_item_id":"12457829689","district_type":"INDEPENDENT","school_name":"SPRINGHILL EL","school_district":"PFLUGERVILLE ISD","scouting_district":"Armadillo","county":"TRAVIS COUNTY","address":"600 S HEATHERWILDE BLVD, PFLUGERVILLE, TX, USA","recruitment_status":"Not Scheduled","jsn_date":"","unit":"","source":"CAC Schools monday.com table, joined to mapped recruitment-school coordinates"}},{"type":"Feature","id":"school-332","geometry":{"type":"Point","coordinates":[-97.744162,30.233019]},"properties":{"monday_item_id":"12457851369","district_type":"INDEPENDENT","school_name":"TRAVIS EARLY COLLEGE H S","school_district":"AUSTIN ISD","scouting_district":"Unassigned","county":"TRAVIS COUNTY","address":"1211 E OLTORF ST, AUSTIN, TX, USA","recruitment_status":"Not Scheduled","jsn_date":"","unit":"","source":"CAC Schools monday.com table, joined to mapped recruitment-school coordinates"}},{"type":"Feature","id":"school-333","geometry":{"type":"Point","coordinates":[-97.75555,30.202148]},"properties":{"monday_item_id":"12457850779","district_type":"INDEPENDENT","school_name":"UPHAUS EARLY CHILDHOOD CENTER","school_district":"AUSTIN ISD","scouting_district":"Unassigned","county":"TRAVIS COUNTY","address":"5200 FREIDRICH LN, AUSTIN, TX, USA","recruitment_status":"Not Scheduled","jsn_date":"","unit":"","source":"CAC Schools monday.com table, joined to mapped recruitment-school coordinates"}},{"type":"Feature","id":"school-334","geometry":{"type":"Point","coordinates":[-97.683974,30.37981]},"properties":{"monday_item_id":"12457876500","district_type":"INDEPENDENT","school_name":"WALNUT CREEK EL","school_district":"AUSTIN ISD","scouting_district":"Armadillo","county":"TRAVIS COUNTY","address":"401 W BRAKER LN, AUSTIN, TX, USA","recruitment_status":"Not Scheduled","jsn_date":"","unit":"","source":"CAC Schools monday.com table, joined to mapped recruitment-school coordinates"}},{"type":"Feature","id":"school-335","geometry":{"type":"Point","coordinates":[-97.706987,30.33331]},"properties":{"monday_item_id":"12457828387","district_type":"INDEPENDENT","school_name":"WEBB MIDDLE","school_district":"AUSTIN ISD","scouting_district":"Unassigned","county":"TRAVIS COUNTY","address":"601 E ST JOHNS AVE, AUSTIN, TX, USA","recruitment_status":"Not Scheduled","jsn_date":"","unit":"","source":"CAC Schools monday.com table, joined to mapped recruitment-school coordinates"}},{"type":"Feature","id":"school-336","geometry":{"type":"Point","coordinates":[-97.566508,30.429265]},"properties":{"monday_item_id":"12457850458","district_type":"INDEPENDENT","school_name":"WEISS H S","school_district":"PFLUGERVILLE ISD","scouting_district":"Armadillo","county":"TRAVIS COUNTY","address":"5201 WOLF PACK DR, PFLUGERVILLE, TX, USA","recruitment_status":"Not Scheduled","jsn_date":"","unit":"","source":"CAC Schools monday.com table, joined to mapped recruitment-school coordinates"}},{"type":"Feature","id":"school-337","geometry":{"type":"Point","coordinates":[-97.689348,30.416792]},"properties":{"monday_item_id":"12457850626","district_type":"INDEPENDENT","school_name":"WESTVIEW MIDDLE","school_district":"PFLUGERVILLE ISD","scouting_district":"Armadillo","county":"TRAVIS COUNTY","address":"1805 SCOFIELD LN, AUSTIN, TX, USA","recruitment_status":"Not Scheduled","jsn_date":"","unit":"","source":"CAC Schools monday.com table, joined to mapped recruitment-school coordinates"}},{"type":"Feature","id":"school-338","geometry":{"type":"Point","coordinates":[-97.639131,30.422569]},"properties":{"monday_item_id":"12457851174","district_type":"INDEPENDENT","school_name":"WIELAND EL","school_district":"PFLUGERVILLE ISD","scouting_district":"Armadillo","county":"TRAVIS COUNTY","address":"900 TUDOR HOUSE RD, PFLUGERVILLE, TX, USA","recruitment_status":"Not Scheduled","jsn_date":"","unit":"","source":"CAC Schools monday.com table, joined to mapped recruitment-school coordinates"}},{"type":"Feature","id":"school-339","geometry":{"type":"Point","coordinates":[-97.645334,30.399955]},"properties":{"monday_item_id":"12457850351","district_type":"INDEPENDENT","school_name":"WILHELMINA DELCO EL","school_district":"PFLUGERVILLE ISD","scouting_district":"Armadillo","county":"TRAVIS COUNTY","address":"12900 A DESSAU RD, AUSTIN, TX, USA","recruitment_status":"Not Scheduled","jsn_date":"","unit":"","source":"CAC Schools monday.com table, joined to mapped recruitment-school coordinates"}},{"type":"Feature","id":"school-340","geometry":{"type":"Point","coordinates":[-97.643655,30.465132]},"properties":{"monday_item_id":"12457805618","district_type":"INDEPENDENT","school_name":"WINDERMERE EL","school_district":"PFLUGERVILLE ISD","scouting_district":"Armadillo","county":"TRAVIS COUNTY","address":"429 GRAND AVE PKWY, PFLUGERVILLE, TX, USA","recruitment_status":"Not Scheduled","jsn_date":"","unit":"","source":"CAC Schools monday.com table, joined to mapped recruitment-school coordinates"}},{"type":"Feature","id":"school-341","geometry":{"type":"Point","coordinates":[-97.709836,30.364872]},"properties":{"monday_item_id":"12457805450","district_type":"INDEPENDENT","school_name":"WOOLDRIDGE EL","school_district":"AUSTIN ISD","scouting_district":"Unassigned","county":"TRAVIS COUNTY","address":"1412 NORSEMAN TER, AUSTIN, TX, USA","recruitment_status":"Not Scheduled","jsn_date":"","unit":"","source":"CAC Schools monday.com table, joined to mapped recruitment-school coordinates"}},{"type":"Feature","id":"school-342","geometry":{"type":"Point","coordinates":[-97.7205,30.258431]},"properties":{"monday_item_id":"12457851474","district_type":"INDEPENDENT","school_name":"ZAVALA EL","school_district":"AUSTIN ISD","scouting_district":"Unassigned","county":"TRAVIS COUNTY","address":"310 ROBERT MARTINEZ JR ST, AUSTIN, TX, USA","recruitment_status":"Not Scheduled","jsn_date":"","unit":"","source":"CAC Schools monday.com table, joined to mapped recruitment-school coordinates"}},{"type":"Feature","id":"school-343","geometry":{"type":"Point","coordinates":[-97.99873,30.311952]},"properties":{"monday_item_id":"12457851170","district_type":"INDEPENDENT","school_name":"BEE CAVE MIDDLE","school_district":"LAKE TRAVIS ISD","scouting_district":"Bee Cave","county":"TRAVIS COUNTY","address":"5400 VAIL DIVIDE, AUSTIN, TX, USA","recruitment_status":"Planning in Progress","jsn_date":"","unit":"","source":"CAC Schools monday.com table, joined to mapped recruitment-school coordinates"}},{"type":"Feature","id":"school-344","geometry":{"type":"Point","coordinates":[-97.803365,30.271104]},"properties":{"monday_item_id":"12457851392","district_type":"INDEPENDENT","school_name":"HILL COUNTRY MIDDLE","school_district":"EANES ISD","scouting_district":"Bee Cave","county":"TRAVIS COUNTY","address":"1300 WALSH TARLETON RD, AUSTIN, TX, USA","recruitment_status":"Planning in Progress","jsn_date":"","unit":"","source":"CAC Schools monday.com table, joined to mapped recruitment-school coordinates"}},{"type":"Feature","id":"school-345","geometry":{"type":"Point","coordinates":[-97.754741,30.236591]},"properties":{"monday_item_id":"12457851080","district_type":"INDEPENDENT","school_name":"HUDSON BEND MIDDLE","school_district":"LAKE TRAVIS ISD","scouting_district":"Bee Cave","county":"TRAVIS COUNTY","address":"3322 RANCH RD 620 S, AUSTIN, TX, USA","recruitment_status":"Planning in Progress","jsn_date":"","unit":"","source":"CAC Schools monday.com table, joined to mapped recruitment-school coordinates"}},{"type":"Feature","id":"school-346","geometry":{"type":"Point","coordinates":[-97.966869,30.327959]},"properties":{"monday_item_id":"12457850995","district_type":"INDEPENDENT","school_name":"LAKE TRAVIS H S","school_district":"LAKE TRAVIS ISD","scouting_district":"Bee Cave","county":"TRAVIS COUNTY","address":"3324 RANCH RD 620 S, AUSTIN, TX, USA","recruitment_status":"Planning in Progress","jsn_date":"","unit":"","source":"CAC Schools monday.com table, joined to mapped recruitment-school coordinates"}},{"type":"Feature","id":"school-347","geometry":{"type":"Point","coordinates":[-98.031072,30.337595]},"properties":{"monday_item_id":"12457851043","district_type":"INDEPENDENT","school_name":"LAKE TRAVIS MIDDLE","school_district":"LAKE TRAVIS ISD","scouting_district":"Bee Cave","county":"TRAVIS COUNTY","address":"4932 BEE CREEK RD, SPICEWOOD, TX, USA","recruitment_status":"Planning in Progress","jsn_date":"","unit":"","source":"CAC Schools monday.com table, joined to mapped recruitment-school coordinates"}},{"type":"Feature","id":"school-348","geometry":{"type":"Point","coordinates":[-97.81465,30.276354]},"properties":{"monday_item_id":"12457851303","district_type":"INDEPENDENT","school_name":"WESTLAKE H S","school_district":"EANES ISD","scouting_district":"Bee Cave","county":"TRAVIS COUNTY","address":"4100 WESTBANK DR, AUSTIN, TX, USA","recruitment_status":"Planning in Progress","jsn_date":"","unit":"","source":"CAC Schools monday.com table, joined to mapped recruitment-school coordinates"}},{"type":"Feature","id":"school-349","geometry":{"type":"Point","coordinates":[-97.682097,30.511138]},"properties":{"monday_item_id":"12457805844","district_type":"INDEPENDENT","school_name":"C D FULKES MIDDLE","school_district":"ROUND ROCK ISD","scouting_district":"Chisholm Trail","county":"WILLIAMSON COUNTY","address":"300 W ANDERSON AVE, ROUND ROCK, TX, USA","recruitment_status":"Planning in Progress","jsn_date":"","unit":"","source":"CAC Schools monday.com table, joined to mapped recruitment-school coordinates"}},{"type":"Feature","id":"school-350","geometry":{"type":"Point","coordinates":[-97.784492,30.428187]},"properties":{"monday_item_id":"12457850385","district_type":"INDEPENDENT","school_name":"CANYON VISTA MIDDLE","school_district":"ROUND ROCK ISD","scouting_district":"Chisholm Trail","county":"WILLIAMSON COUNTY","address":"8455 SPICEWOOD SPRINGS RD, AUSTIN, TX, USA","recruitment_status":"Planning in Progress","jsn_date":"","unit":"","source":"CAC Schools monday.com table, joined to mapped recruitment-school coordinates"}},{"type":"Feature","id":"school-351","geometry":{"type":"Point","coordinates":[-97.641309,30.493231]},"properties":{"monday_item_id":"12457805385","district_type":"INDEPENDENT","school_name":"CEDAR RIDGE H S","school_district":"ROUND ROCK ISD","scouting_district":"Chisholm Trail","county":"WILLIAMSON COUNTY","address":"2801 GATTIS SCHOOL RD, ROUND ROCK, TX, USA","recruitment_status":"Planning in Progress","jsn_date":"","unit":"","source":"CAC Schools monday.com table, joined to mapped recruitment-school coordinates"}},{"type":"Feature","id":"school-352","geometry":{"type":"Point","coordinates":[-97.734198,30.492108]},"properties":{"monday_item_id":"12457876487","district_type":"INDEPENDENT","school_name":"CEDAR VALLEY MIDDLE","school_district":"ROUND ROCK ISD","scouting_district":"Chisholm Trail","county":"WILLIAMSON COUNTY","address":"8139 RACINE TRL, AUSTIN, TX, USA","recruitment_status":"Planning in Progress","jsn_date":"","unit":"","source":"CAC Schools monday.com table, joined to mapped recruitment-school coordinates"}},{"type":"Feature","id":"school-353","geometry":{"type":"Point","coordinates":[-97.702571,30.502682]},"properties":{"monday_item_id":"12457850265","district_type":"INDEPENDENT","school_name":"CHISHOLM TRAIL MIDDLE","school_district":"ROUND ROCK ISD","scouting_district":"Chisholm Trail","county":"WILLIAMSON COUNTY","address":"500 OAKRIDGE DR, ROUND ROCK, TX, USA","recruitment_status":"Planning in Progress","jsn_date":"","unit":"","source":"CAC Schools monday.com table, joined to mapped recruitment-school coordinates"}},{"type":"Feature","id":"school-354","geometry":{"type":"Point","coordinates":[-97.772945,30.452562]},"properties":{"monday_item_id":"12457850738","district_type":"INDEPENDENT","school_name":"DEERPARK MIDDLE","school_district":"ROUND ROCK ISD","scouting_district":"Chisholm Trail","county":"WILLIAMSON COUNTY","address":"8849 ANDERSON MILL RD, AUSTIN, TX, USA","recruitment_status":"Planning in Progress","jsn_date":"","unit":"","source":"CAC Schools monday.com table, joined to mapped recruitment-school coordinates"}},{"type":"Feature","id":"school-355","geometry":{"type":"Point","coordinates":[-97.543001,30.51616]},"properties":{"monday_item_id":"12457876307","district_type":"INDEPENDENT","school_name":"FARLEY MIDDLE","school_district":"HUTTO ISD","scouting_district":"Chisholm Trail","county":"WILLIAMSON COUNTY","address":"303 CR 137, HUTTO, TX, USA","recruitment_status":"Planning in Progress","jsn_date":"","unit":"","source":"CAC Schools monday.com table, joined to mapped recruitment-school coordinates"}},{"type":"Feature","id":"school-356","geometry":{"type":"Point","coordinates":[-97.589218,30.546743]},"properties":{"monday_item_id":"12457876387","district_type":"INDEPENDENT","school_name":"GUS ALMQUIST","school_district":"HUTTO ISD","scouting_district":"Chisholm Trail","county":"WILLIAMSON COUNTY","address":"1000 HAYBARN LN, HUTTO, TX, USA","recruitment_status":"Planning in Progress","jsn_date":"","unit":"","source":"CAC Schools monday.com table, joined to mapped recruitment-school coordinates"}},{"type":"Feature","id":"school-357","geometry":{"type":"Point","coordinates":[-97.658849,30.552108]},"properties":{"monday_item_id":"12457850952","district_type":"INDEPENDENT","school_name":"HOPEWELL MIDDLE","school_district":"ROUND ROCK ISD","scouting_district":"Chisholm Trail","county":"WILLIAMSON COUNTY","address":"1535 GULF WAY, ROUND ROCK, TX, USA","recruitment_status":"Planning in Progress","jsn_date":"","unit":"","source":"CAC Schools monday.com table, joined to mapped recruitment-school coordinates"}},{"type":"Feature","id":"school-358","geometry":{"type":"Point","coordinates":[-97.562299,30.536524]},"properties":{"monday_item_id":"12457876166","district_type":"INDEPENDENT","school_name":"HUTTO H S","school_district":"HUTTO ISD","scouting_district":"Chisholm Trail","county":"WILLIAMSON COUNTY","address":"101 CHRIS KELLEY BLVD, HUTTO, TX, USA","recruitment_status":"Planning in Progress","jsn_date":"","unit":"","source":"CAC Schools monday.com table, joined to mapped recruitment-school coordinates"}},{"type":"Feature","id":"school-359","geometry":{"type":"Point","coordinates":[-97.553231,30.552669]},"properties":{"monday_item_id":"12457876257","district_type":"INDEPENDENT","school_name":"HUTTO MIDDLE","school_district":"HUTTO ISD","scouting_district":"Chisholm Trail","county":"WILLIAMSON COUNTY","address":"1005 EXCHANGE BLVD, HUTTO, TX, USA","recruitment_status":"Planning in Progress","jsn_date":"","unit":"","source":"CAC Schools monday.com table, joined to mapped recruitment-school coordinates"}},{"type":"Feature","id":"school-360","geometry":{"type":"Point","coordinates":[-97.545352,30.581191]},"properties":{"monday_item_id":"12457876213","district_type":"INDEPENDENT","school_name":"HUTTO NINTH GRADE CENTER","school_district":"HUTTO ISD","scouting_district":"Chisholm Trail","county":"WILLIAMSON COUNTY","address":"301 DESTINY LN, HUTTO, TX, USA","recruitment_status":"Planning in Progress","jsn_date":"","unit":"","source":"CAC Schools monday.com table, joined to mapped recruitment-school coordinates"}},{"type":"Feature","id":"school-361","geometry":{"type":"Point","coordinates":[-97.733949,30.5349]},"properties":{"monday_item_id":"12457876503","district_type":"INDEPENDENT","school_name":"JAMES GARLAND WALSH MIDDLE","school_district":"ROUND ROCK ISD","scouting_district":"Chisholm Trail","county":"WILLIAMSON COUNTY","address":"3850 WALSH RANCH BLVD, ROUND ROCK, TX, USA","recruitment_status":"Planning in Progress","jsn_date":"","unit":"","source":"CAC Schools monday.com table, joined to mapped recruitment-school coordinates"}},{"type":"Feature","id":"school-362","geometry":{"type":"Point","coordinates":[-97.732611,30.449115]},"properties":{"monday_item_id":"12457797608","district_type":"INDEPENDENT","school_name":"MCNEIL H S","school_district":"ROUND ROCK ISD","scouting_district":"Chisholm Trail","county":"WILLIAMSON COUNTY","address":"5720 MCNEIL DR, AUSTIN, TX, USA","recruitment_status":"Planning in Progress","jsn_date":"","unit":"","source":"CAC Schools monday.com table, joined to mapped recruitment-school coordinates"}},{"type":"Feature","id":"school-363","geometry":{"type":"Point","coordinates":[-97.807044,30.456814]},"properties":{"monday_item_id":"12457850180","district_type":"INDEPENDENT","school_name":"NOEL GRISHAM MIDDLE","school_district":"ROUND ROCK ISD","scouting_district":"Chisholm Trail","county":"WILLIAMSON COUNTY","address":"10805 SCHOOL HOUSE LN, AUSTIN, TX, USA","recruitment_status":"Planning in Progress","jsn_date":"","unit":"","source":"CAC Schools monday.com table, joined to mapped recruitment-school coordinates"}},{"type":"Feature","id":"school-364","geometry":{"type":"Point","coordinates":[-97.749922,30.496193]},"properties":{"monday_item_id":"12457876507","district_type":"INDEPENDENT","school_name":"PEARSON RANCH MIDDLE","school_district":"ROUND ROCK ISD","scouting_district":"Chisholm Trail","county":"WILLIAMSON COUNTY","address":"8901 PEARSON RANCH RD, ROUND ROCK, TX, USA","recruitment_status":"Planning in Progress","jsn_date":"","unit":"","source":"CAC Schools monday.com table, joined to mapped recruitment-school coordinates"}},{"type":"Feature","id":"school-365","geometry":{"type":"Point","coordinates":[-97.666183,30.529704]},"properties":{"monday_item_id":"12457876505","district_type":"INDEPENDENT","school_name":"PFC ROBERT P HERNANDEZ MIDDLE","school_district":"ROUND ROCK ISD","scouting_district":"Chisholm Trail","county":"WILLIAMSON COUNTY","address":"1901 SUNRISE RD, ROUND ROCK, TX, USA","recruitment_status":"Planning in Progress","jsn_date":"","unit":"","source":"CAC Schools monday.com table, joined to mapped recruitment-school coordinates"}},{"type":"Feature","id":"school-366","geometry":{"type":"Point","coordinates":[-97.624954,30.499891]},"properties":{"monday_item_id":"12457876499","district_type":"INDEPENDENT","school_name":"RIDGEVIEW MIDDLE","school_district":"ROUND ROCK ISD","scouting_district":"Chisholm Trail","county":"WILLIAMSON COUNTY","address":"2000 VIA SONOMA TRL, ROUND ROCK, TX, USA","recruitment_status":"Planning in Progress","jsn_date":"","unit":"","source":"CAC Schools monday.com table, joined to mapped recruitment-school coordinates"}},{"type":"Feature","id":"school-367","geometry":{"type":"Point","coordinates":[-97.699443,30.509167]},"properties":{"monday_item_id":"12457851172","district_type":"INDEPENDENT","school_name":"ROUND ROCK H S","school_district":"ROUND ROCK ISD","scouting_district":"Chisholm Trail","county":"WILLIAMSON COUNTY","address":"201 DEEPWOOD DR, ROUND ROCK, TX, USA","recruitment_status":"Planning in Progress","jsn_date":"","unit":"","source":"CAC Schools monday.com table, joined to mapped recruitment-school coordinates"}},{"type":"Feature","id":"school-368","geometry":{"type":"Point","coordinates":[-97.675801,30.546901]},"properties":{"monday_item_id":"12457851270","district_type":"INDEPENDENT","school_name":"ROUND ROCK OPPORT CTR DAEP","school_district":"ROUND ROCK ISD","scouting_district":"Chisholm Trail","county":"WILLIAMSON COUNTY","address":"931 LUTHER PETERSON PL, ROUND ROCK, TX, USA","recruitment_status":"Planning in Progress","jsn_date":"","unit":"","source":"CAC Schools monday.com table, joined to mapped recruitment-school coordinates"}},{"type":"Feature","id":"school-369","geometry":{"type":"Point","coordinates":[-97.65684,30.562169]},"properties":{"monday_item_id":"12457805718","district_type":"INDEPENDENT","school_name":"RRISD EARLY COLLEGE H S","school_district":"ROUND ROCK ISD","scouting_district":"Chisholm Trail","county":"WILLIAMSON COUNTY","address":"4400 COLLEGE PARK DR, ROUND ROCK, TX, USA","recruitment_status":"Planning in Progress","jsn_date":"","unit":"","source":"CAC Schools monday.com table, joined to mapped recruitment-school coordinates"}},{"type":"Feature","id":"school-370","geometry":{"type":"Point","coordinates":[-97.697025,30.511455]},"properties":{"monday_item_id":"12457829687","district_type":"INDEPENDENT","school_name":"RRISDPK3P","school_district":"ROUND ROCK ISD","scouting_district":"Chisholm Trail","county":"WILLIAMSON COUNTY","address":"1311 ROUND ROCK AVE, ROUND ROCK, TX, USA","recruitment_status":"Planning in Progress","jsn_date":"","unit":"","source":"CAC Schools monday.com table, joined to mapped recruitment-school coordinates"}},{"type":"Feature","id":"school-371","geometry":{"type":"Point","coordinates":[-97.661605,30.530346]},"properties":{"monday_item_id":"12457828390","district_type":"INDEPENDENT","school_name":"STONY POINT H S","school_district":"ROUND ROCK ISD","scouting_district":"Chisholm Trail","county":"WILLIAMSON COUNTY","address":"1801 TIGER TRAIL, ROUND ROCK, TX, USA","recruitment_status":"Planning in Progress","jsn_date":"","unit":"","source":"CAC Schools monday.com table, joined to mapped recruitment-school coordinates"}},{"type":"Feature","id":"school-372","geometry":{"type":"Point","coordinates":[-97.671789,30.496048]},"properties":{"monday_item_id":"12457805567","district_type":"INDEPENDENT","school_name":"SUCCESS H S","school_district":"ROUND ROCK ISD","scouting_district":"Chisholm Trail","county":"WILLIAMSON COUNTY","address":"500 GATTIS SCHOOL RD, ROUND ROCK, TX, USA","recruitment_status":"Planning in Progress","jsn_date":"","unit":"","source":"CAC Schools monday.com table, joined to mapped recruitment-school coordinates"}},{"type":"Feature","id":"school-373","geometry":{"type":"Point","coordinates":[-97.431017,30.548148]},"properties":{"monday_item_id":"12457851595","district_type":"INDEPENDENT","school_name":"TAYLOR H S","school_district":"TAYLOR ISD","scouting_district":"Chisholm Trail","county":"WILLIAMSON COUNTY","address":"355 FM 973, TAYLOR, TX, USA","recruitment_status":"Planning in Progress","jsn_date":"","unit":"","source":"CAC Schools monday.com table, joined to mapped recruitment-school coordinates"}},{"type":"Feature","id":"school-374","geometry":{"type":"Point","coordinates":[-97.428583,30.598763]},"properties":{"monday_item_id":"12457851675","district_type":"INDEPENDENT","school_name":"TAYLOR MIDDLE","school_district":"TAYLOR ISD","scouting_district":"Chisholm Trail","county":"WILLIAMSON COUNTY","address":"304 CARLOS PARKER BLVD NW, TAYLOR, TX, USA","recruitment_status":"Planning in Progress","jsn_date":"","unit":"","source":"CAC Schools monday.com table, joined to mapped recruitment-school coordinates"}},{"type":"Feature","id":"school-375","geometry":{"type":"Point","coordinates":[-97.798071,30.45603]},"properties":{"monday_item_id":"12457828386","district_type":"INDEPENDENT","school_name":"WESTWOOD H S","school_district":"ROUND ROCK ISD","scouting_district":"Chisholm Trail","county":"WILLIAMSON COUNTY","address":"12400 MELLOW MEADOW DR, AUSTIN, TX, USA","recruitment_status":"Planning in Progress","jsn_date":"","unit":"","source":"CAC Schools monday.com table, joined to mapped recruitment-school coordinates"}},{"type":"Feature","id":"school-376","geometry":{"type":"Point","coordinates":[-97.381839,30.105492]},"properties":{"monday_item_id":"12457851816","district_type":"INDEPENDENT","school_name":"ADELTON EL","school_district":"BASTROP ISD","scouting_district":"Colorado River","county":"BASTROP COUNTY","address":"119 BLUME DR, BASTROP, TX, USA","recruitment_status":"Not Scheduled","jsn_date":"","unit":"","source":"CAC Schools monday.com table, joined to mapped recruitment-school coordinates"}},{"type":"Feature","id":"school-377","geometry":{"type":"Point","coordinates":[-97.311598,30.117982]},"properties":{"monday_item_id":"12457851318","district_type":"INDEPENDENT","school_name":"BASTROP H S","school_district":"BASTROP ISD","scouting_district":"Colorado River","county":"BASTROP COUNTY","address":"1614 CHAMBERS ST, BASTROP, TX, USA","recruitment_status":"Not Scheduled","jsn_date":"","unit":"","source":"CAC Schools monday.com table, joined to mapped recruitment-school coordinates"}},{"type":"Feature","id":"school-378","geometry":{"type":"Point","coordinates":[-97.34301,30.112805]},"properties":{"monday_item_id":"12457851574","district_type":"INDEPENDENT","school_name":"BASTROP MIDDLE","school_district":"BASTROP ISD","scouting_district":"Colorado River","county":"BASTROP COUNTY","address":"725 OLD AUSTIN HWY, BASTROP, TX, USA","recruitment_status":"Not Scheduled","jsn_date":"","unit":"","source":"CAC Schools monday.com table, joined to mapped recruitment-school coordinates"}},{"type":"Feature","id":"school-379","geometry":{"type":"Point","coordinates":[-97.4301,30.132427]},"properties":{"monday_item_id":"12457851573","district_type":"INDEPENDENT","school_name":"BLUEBONNET EL","school_district":"BASTROP ISD","scouting_district":"Colorado River","county":"BASTROP COUNTY","address":"416 FM 1209, BASTROP, TX, USA","recruitment_status":"Planning in Progress","jsn_date":"","unit":"Pack 0180","source":"CAC Schools monday.com table, joined to mapped recruitment-school coordinates"}},{"type":"Feature","id":"school-380","geometry":{"type":"Point","coordinates":[-97.3654,30.3418]},"properties":{"monday_item_id":"12457876451","district_type":"INDEPENDENT","school_name":"BOOKER T WASHINGTON EL","school_district":"ELGIN ISD","scouting_district":"Colorado River","county":"BASTROP COUNTY","address":"510 MLK, ELGIN, TX, USA","recruitment_status":"Not Scheduled","jsn_date":"","unit":"","source":"CAC Schools monday.com table, joined to mapped recruitment-school coordinates"}},{"type":"Feature","id":"school-381","geometry":{"type":"Point","coordinates":[-97.316052,30.113146]},"properties":{"monday_item_id":"12457851746","district_type":"INDEPENDENT","school_name":"CAMINO REAL EL","school_district":"BASTROP ISD","scouting_district":"Colorado River","county":"BASTROP COUNTY","address":"906 FARM ST, BASTROP, TX, USA","recruitment_status":"Not Scheduled","jsn_date":"","unit":"","source":"CAC Schools monday.com table, joined to mapped recruitment-school coordinates"}},{"type":"Feature","id":"school-382","geometry":{"type":"Point","coordinates":[-97.500006,30.084121]},"properties":{"monday_item_id":"12457851748","district_type":"INDEPENDENT","school_name":"CEDAR CREEK EL","school_district":"BASTROP ISD","scouting_district":"Colorado River","county":"BASTROP COUNTY","address":"5582 FM 535, CEDAR CREEK, TX, USA","recruitment_status":"Planning in Progress","jsn_date":"","unit":"Pack 0180","source":"CAC Schools monday.com table, joined to mapped recruitment-school coordinates"}},{"type":"Feature","id":"school-383","geometry":{"type":"Point","coordinates":[-97.471641,30.13835]},"properties":{"monday_item_id":"12457851409","district_type":"INDEPENDENT","school_name":"CEDAR CREEK H S","school_district":"BASTROP ISD","scouting_district":"Colorado River","county":"BASTROP COUNTY","address":"793 UNION CHAPEL RD, CEDAR CREEK, TX, USA","recruitment_status":"Not Scheduled","jsn_date":"","unit":"","source":"CAC Schools monday.com table, joined to mapped recruitment-school coordinates"}},{"type":"Feature","id":"school-384","geometry":{"type":"Point","coordinates":[-97.479935,30.09513]},"properties":{"monday_item_id":"12457851147","district_type":"INDEPENDENT","school_name":"CEDAR CREEK MIDDLE","school_district":"BASTROP ISD","scouting_district":"Colorado River","county":"BASTROP COUNTY","address":"125 VOSS PKWY, CEDAR CREEK, TX, USA","recruitment_status":"Not Scheduled","jsn_date":"","unit":"","source":"CAC Schools monday.com table, joined to mapped recruitment-school coordinates"}},{"type":"Feature","id":"school-385","geometry":{"type":"Point","coordinates":[-97.316052,30.113146]},"properties":{"monday_item_id":"12457851701","district_type":"INDEPENDENT","school_name":"COLONY OAKS EL","school_district":"BASTROP ISD","scouting_district":"Colorado River","county":"BASTROP COUNTY","address":"906 FARM ST, BASTROP, TX, USA","recruitment_status":"Not Scheduled","jsn_date":"","unit":"","source":"CAC Schools monday.com table, joined to mapped recruitment-school coordinates"}},{"type":"Feature","id":"school-386","geometry":{"type":"Point","coordinates":[-97.315688,30.11742]},"properties":{"monday_item_id":"12457851449","district_type":"INDEPENDENT","school_name":"COLORADO RIVER COLLEGIATE ACADEMY","school_district":"BASTROP ISD","scouting_district":"Colorado River","county":"BASTROP COUNTY","address":"1602 HILL ST, BASTROP, TX, USA","recruitment_status":"Not Scheduled","jsn_date":"","unit":"","source":"CAC Schools monday.com table, joined to mapped recruitment-school coordinates"}},{"type":"Feature","id":"school-387","geometry":{"type":"Point","coordinates":[-97.47955,30.098996]},"properties":{"monday_item_id":"12457851495","district_type":"INDEPENDENT","school_name":"CREEKSIDE MIDDLE","school_district":"BASTROP ISD","scouting_district":"Colorado River","county":"BASTROP COUNTY","address":"151 VOSS PKWY, CEDAR CREEK, TX, USA","recruitment_status":"Not Scheduled","jsn_date":"","unit":"","source":"CAC Schools monday.com table, joined to mapped recruitment-school coordinates"}},{"type":"Feature","id":"school-388","geometry":{"type":"Point","coordinates":[-97.379744,30.349566]},"properties":{"monday_item_id":"12457876467","district_type":"INDEPENDENT","school_name":"ELGIN EL","school_district":"ELGIN ISD","scouting_district":"Colorado River","county":"BASTROP COUNTY","address":"1005 W 2ND ST, ELGIN, TX, USA","recruitment_status":"Not Scheduled","jsn_date":"","unit":"","source":"CAC Schools monday.com table, joined to mapped recruitment-school coordinates"}},{"type":"Feature","id":"school-389","geometry":{"type":"Point","coordinates":[-97.404222,30.366377]},"properties":{"monday_item_id":"12457851862","district_type":"INDEPENDENT","school_name":"ELGIN H S","school_district":"ELGIN ISD","scouting_district":"Colorado River","county":"BASTROP COUNTY","address":"14000 COUNTY LINE RD, ELGIN, TX, USA","recruitment_status":"Not Scheduled","jsn_date":"","unit":"","source":"CAC Schools monday.com table, joined to mapped recruitment-school coordinates"}},{"type":"Feature","id":"school-390","geometry":{"type":"Point","coordinates":[-97.379442,30.347643]},"properties":{"monday_item_id":"12457851307","district_type":"INDEPENDENT","school_name":"ELGIN INT","school_district":"ELGIN ISD","scouting_district":"Colorado River","county":"BASTROP COUNTY","address":"902 W 2ND ST, ELGIN, TX, USA","recruitment_status":"Not Scheduled","jsn_date":"","unit":"","source":"CAC Schools monday.com table, joined to mapped recruitment-school coordinates"}},{"type":"Feature","id":"school-391","geometry":{"type":"Point","coordinates":[-97.386889,30.358686]},"properties":{"monday_item_id":"12457851241","district_type":"INDEPENDENT","school_name":"ELGIN MIDDLE","school_district":"ELGIN ISD","scouting_district":"Colorado River","county":"BASTROP COUNTY","address":"1351 N AVE C, ELGIN, TX, USA","recruitment_status":"Not Scheduled","jsn_date":"","unit":"","source":"CAC Schools monday.com table, joined to mapped recruitment-school coordinates"}},{"type":"Feature","id":"school-392","geometry":{"type":"Point","coordinates":[-97.310006,30.106769]},"properties":{"monday_item_id":"12457851637","district_type":"INDEPENDENT","school_name":"EMILE EL","school_district":"BASTROP ISD","scouting_district":"Colorado River","county":"BASTROP COUNTY","address":"601 MLK, BASTROP, TX, USA","recruitment_status":"Planning in Progress","jsn_date":"","unit":"Pack 0180","source":"CAC Schools monday.com table, joined to mapped recruitment-school coordinates"}},{"type":"Feature","id":"school-393","geometry":{"type":"Point","coordinates":[-97.315688,30.11742]},"properties":{"monday_item_id":"12457851494","district_type":"INDEPENDENT","school_name":"GENESIS H S","school_district":"BASTROP ISD","scouting_district":"Colorado River","county":"BASTROP COUNTY","address":"1602 HILL ST, BASTROP, TX, USA","recruitment_status":"Not Scheduled","jsn_date":"","unit":"","source":"CAC Schools monday.com table, joined to mapped recruitment-school coordinates"}},{"type":"Feature","id":"school-394","geometry":{"type":"Point","coordinates":[-97.389368,30.370449]},"properties":{"monday_item_id":"12457850668","district_type":"INDEPENDENT","school_name":"HARVEST RIDGE EL","school_district":"ELGIN ISD","scouting_district":"Colorado River","county":"BASTROP COUNTY","address":"338 HARVEST RIDGE BLVD, ELGIN, TX, USA","recruitment_status":"Not Scheduled","jsn_date":"","unit":"","source":"CAC Schools monday.com table, joined to mapped recruitment-school coordinates"}},{"type":"Feature","id":"school-395","geometry":{"type":"Point","coordinates":[-97.008541,30.418122]},"properties":{"monday_item_id":"12457850177","district_type":"INDEPENDENT","school_name":"LEXINGTON EL","school_district":"LEXINGTON ISD","scouting_district":"Colorado River","county":"LEE COUNTY","address":"222 FIFTH ST, LEXINGTON, TX, USA","recruitment_status":"Not Scheduled","jsn_date":"","unit":"","source":"CAC Schools monday.com table, joined to mapped recruitment-school coordinates"}},{"type":"Feature","id":"school-396","geometry":{"type":"Point","coordinates":[-97.004756,30.414919]},"properties":{"monday_item_id":"12457852014","district_type":"INDEPENDENT","school_name":"LEXINGTON H S","school_district":"LEXINGTON ISD","scouting_district":"Colorado River","county":"LEE COUNTY","address":"8783 N HWY 77, LEXINGTON, TX, USA","recruitment_status":"Not Scheduled","jsn_date":"","unit":"","source":"CAC Schools monday.com table, joined to mapped recruitment-school coordinates"}},{"type":"Feature","id":"school-397","geometry":{"type":"Point","coordinates":[-97.005362,30.415204]},"properties":{"monday_item_id":"12457876161","district_type":"INDEPENDENT","school_name":"LEXINGTON MIDDLE","school_district":"LEXINGTON ISD","scouting_district":"Colorado River","county":"LEE COUNTY","address":"121 N HWY 77, LEXINGTON, TX, USA","recruitment_status":"Not Scheduled","jsn_date":"","unit":"","source":"CAC Schools monday.com table, joined to mapped recruitment-school coordinates"}},{"type":"Feature","id":"school-398","geometry":{"type":"Point","coordinates":[-97.280159,30.177315]},"properties":{"monday_item_id":"12457851638","district_type":"INDEPENDENT","school_name":"LOST PINES EL","school_district":"BASTROP ISD","scouting_district":"Colorado River","county":"BASTROP COUNTY","address":"151 TIGER WOODS DR, BASTROP, TX, USA","recruitment_status":"Not Scheduled","jsn_date":"","unit":"","source":"CAC Schools monday.com table, joined to mapped recruitment-school coordinates"}},{"type":"Feature","id":"school-399","geometry":{"type":"Point","coordinates":[-97.314537,30.113078]},"properties":{"monday_item_id":"12457851699","district_type":"INDEPENDENT","school_name":"MINA EL","school_district":"BASTROP ISD","scouting_district":"Colorado River","county":"BASTROP COUNTY","address":"1204 FARM ST, BASTROP, TX, USA","recruitment_status":"Planning in Progress","jsn_date":"","unit":"Pack 0180","source":"CAC Schools monday.com table, joined to mapped recruitment-school coordinates"}},{"type":"Feature","id":"school-400","geometry":{"type":"Point","coordinates":[-97.4083,30.3606]},"properties":{"monday_item_id":"12457876485","district_type":"INDEPENDENT","school_name":"NEIDIG EL","school_district":"ELGIN ISD","scouting_district":"Colorado River","county":"BASTROP COUNTY","address":"13700 COUNTY LINE RD, ELGIN, TX, USA","recruitment_status":"Not Scheduled","jsn_date":"","unit":"","source":"CAC Schools monday.com table, joined to mapped recruitment-school coordinates"}},{"type":"Feature","id":"school-401","geometry":{"type":"Point","coordinates":[-97.451251,29.958825]},"properties":{"monday_item_id":"12457851187","district_type":"INDEPENDENT","school_name":"RED ROCK EL","school_district":"BASTROP ISD","scouting_district":"Colorado River","county":"BASTROP COUNTY","address":"2401 FM 20, RED ROCK, TX, USA","recruitment_status":"Planning in Progress","jsn_date":"","unit":"Pack 2401","source":"CAC Schools monday.com table, joined to mapped recruitment-school coordinates"}},{"type":"Feature","id":"school-402","geometry":{"type":"Point","coordinates":[-97.336018,30.112573]},"properties":{"monday_item_id":"12457851850","district_type":"INDEPENDENT","school_name":"RIVERSIDE MIDDLE","school_district":"BASTROP ISD","scouting_district":"Colorado River","county":"BASTROP COUNTY","address":"509 OLD AUSTIN HWY, BASTROP, TX, USA","recruitment_status":"Not Scheduled","jsn_date":"","unit":"","source":"CAC Schools monday.com table, joined to mapped recruitment-school coordinates"}},{"type":"Feature","id":"school-403","geometry":{"type":"Point","coordinates":[-96.694803,30.072978]},"properties":{"monday_item_id":"12457851000","district_type":"INDEPENDENT","school_name":"ROUND TOP-CARMINE EL","school_district":"ROUND TOP-CARMINE ISD","scouting_district":"Colorado River","county":"FAYETTE COUNTY","address":"608 N WASHINGTON, ROUND TOP, TX, USA","recruitment_status":"Not Scheduled","jsn_date":"","unit":"","source":"CAC Schools monday.com table, joined to mapped recruitment-school coordinates"}},{"type":"Feature","id":"school-404","geometry":{"type":"Point","coordinates":[-96.903718,29.68681]},"properties":{"monday_item_id":"12457850418","district_type":"INDEPENDENT","school_name":"SCHULENBURG EL","school_district":"SCHULENBURG ISD","scouting_district":"Colorado River","county":"FAYETTE COUNTY","address":"300 BUCEK ST, SCHULENBURG, TX, USA","recruitment_status":"Not Scheduled","jsn_date":"","unit":"","source":"CAC Schools monday.com table, joined to mapped recruitment-school coordinates"}},{"type":"Feature","id":"school-405","geometry":{"type":"Point","coordinates":[-96.905657,29.685507]},"properties":{"monday_item_id":"12457850383","district_type":"INDEPENDENT","school_name":"SCHULENBURG SECONDARY","school_district":"SCHULENBURG ISD","scouting_district":"Colorado River","county":"FAYETTE COUNTY","address":"503 COLLEGE ST, SCHULENBURG, TX, USA","recruitment_status":"Not Scheduled","jsn_date":"","unit":"","source":"CAC Schools monday.com table, joined to mapped recruitment-school coordinates"}},{"type":"Feature","id":"school-406","geometry":{"type":"Point","coordinates":[-98.6819,30.733]},"properties":{"monday_item_id":"12457850350","district_type":"INDEPENDENT","school_name":"LLANO H S","school_district":"LLANO ISD","scouting_district":"Hill Country","county":"LLANO COUNTY","address":"2509 S STATE HWY 16, LLANO, TX, USA","recruitment_status":"Planning in Progress","jsn_date":"","unit":"","source":"CAC Schools monday.com table, joined to mapped recruitment-school coordinates"}},{"type":"Feature","id":"school-407","geometry":{"type":"Point","coordinates":[-98.6735,30.7354]},"properties":{"monday_item_id":"12457850390","district_type":"INDEPENDENT","school_name":"LLANO J H","school_district":"LLANO ISD","scouting_district":"Hill Country","county":"LLANO COUNTY","address":"400 HWY 71 E, LLANO, TX, USA","recruitment_status":"Planning in Progress","jsn_date":"","unit":"","source":"CAC Schools monday.com table, joined to mapped recruitment-school coordinates"}},{"type":"Feature","id":"school-408","geometry":{"type":"Point","coordinates":[-97.27499,29.089393]},"properties":{"monday_item_id":"12457876267","district_type":"INDEPENDENT","school_name":"CUERO H S","school_district":"CUERO ISD","scouting_district":"Live Oak","county":"DEWITT COUNTY","address":"920 E BROADWAY, CUERO, TX, USA","recruitment_status":"Not Scheduled","jsn_date":"","unit":"","source":"CAC Schools monday.com table, joined to mapped recruitment-school coordinates"}},{"type":"Feature","id":"school-409","geometry":{"type":"Point","coordinates":[-97.272767,29.092838]},"properties":{"monday_item_id":"12457876309","district_type":"INDEPENDENT","school_name":"CUERO J H","school_district":"CUERO ISD","scouting_district":"Live Oak","county":"DEWITT COUNTY","address":"608 JUNIOR HIGH DR, CUERO, TX, USA","recruitment_status":"Not Scheduled","jsn_date":"","unit":"","source":"CAC Schools monday.com table, joined to mapped recruitment-school coordinates"}},{"type":"Feature","id":"school-410","geometry":{"type":"Point","coordinates":[-96.900098,29.280716]},"properties":{"monday_item_id":"12457851411","district_type":"INDEPENDENT","school_name":"EZZELL SCHOOL","school_district":"EZZELL ISD","scouting_district":"Live Oak","county":"LAVACA COUNTY","address":"20500 FM 531, HALLETTSVILLE, TX, USA","recruitment_status":"Not Scheduled","jsn_date":"","unit":"","source":"CAC Schools monday.com table, joined to mapped recruitment-school coordinates"}},{"type":"Feature","id":"school-411","geometry":{"type":"Point","coordinates":[-97.664954,29.888199]},"properties":{"monday_item_id":"12457850892","district_type":"INDEPENDENT","school_name":"GEORGE W CARVER EARLY EDUCATION CENTER","school_district":"LOCKHART ISD","scouting_district":"Live Oak","county":"CALDWELL COUNTY","address":"371 CARVER, LOCKHART, TX, USA","recruitment_status":"Not Scheduled","jsn_date":"","unit":"","source":"CAC Schools monday.com table, joined to mapped recruitment-school coordinates"}},{"type":"Feature","id":"school-412","geometry":{"type":"Point","coordinates":[-97.439423,29.52127]},"properties":{"monday_item_id":"12457850535","district_type":"INDEPENDENT","school_name":"GONZALES H S","school_district":"GONZALES ISD","scouting_district":"Live Oak","county":"GONZALES COUNTY","address":"1801 N SARAH DEWITT DR, GONZALES, TX, USA","recruitment_status":"Not Scheduled","jsn_date":"","unit":"","source":"CAC Schools monday.com table, joined to mapped recruitment-school coordinates"}},{"type":"Feature","id":"school-413","geometry":{"type":"Point","coordinates":[-97.447049,29.50245]},"properties":{"monday_item_id":"12457850632","district_type":"INDEPENDENT","school_name":"GONZALES J H","school_district":"GONZALES ISD","scouting_district":"Live Oak","county":"GONZALES COUNTY","address":"426 N COLLEGE ST, GONZALES, TX, USA","recruitment_status":"Not Scheduled","jsn_date":"","unit":"","source":"CAC Schools monday.com table, joined to mapped recruitment-school coordinates"}},{"type":"Feature","id":"school-414","geometry":{"type":"Point","coordinates":[-96.936308,29.437975]},"properties":{"monday_item_id":"12457851245","district_type":"INDEPENDENT","school_name":"HALLETTSVILLE J H","school_district":"HALLETTSVILLE ISD","scouting_district":"Live Oak","county":"LAVACA COUNTY","address":"410 S RUSSELL ST, HALLETTSVILLE, TX, USA","recruitment_status":"Not Scheduled","jsn_date":"","unit":"","source":"CAC Schools monday.com table, joined to mapped recruitment-school coordinates"}},{"type":"Feature","id":"school-415","geometry":{"type":"Point","coordinates":[-97.274042,29.097471]},"properties":{"monday_item_id":"12457876398","district_type":"INDEPENDENT","school_name":"HUNT EL","school_district":"CUERO ISD","scouting_district":"Live Oak","county":"DEWITT COUNTY","address":"550 INDUSTRIAL BLVD, CUERO, TX, USA","recruitment_status":"Not Scheduled","jsn_date":"","unit":"","source":"CAC Schools monday.com table, joined to mapped recruitment-school coordinates"}},{"type":"Feature","id":"school-416","geometry":{"type":"Point","coordinates":[-97.281956,29.094408]},"properties":{"monday_item_id":"12457876425","district_type":"INDEPENDENT","school_name":"J C FRENCH EL","school_district":"CUERO ISD","scouting_district":"Live Oak","county":"DEWITT COUNTY","address":"611 E PRAIRIE, CUERO, TX, USA","recruitment_status":"Not Scheduled","jsn_date":"","unit":"","source":"CAC Schools monday.com table, joined to mapped recruitment-school coordinates"}},{"type":"Feature","id":"school-417","geometry":{"type":"Point","coordinates":[-97.147323,29.578764]},"properties":{"monday_item_id":"12457851046","district_type":"INDEPENDENT","school_name":"MOULTON EL","school_district":"MOULTON ISD","scouting_district":"Live Oak","county":"LAVACA COUNTY","address":"P O DRAWER C, MOULTON, TX, USA","recruitment_status":"Not Scheduled","jsn_date":"","unit":"","source":"CAC Schools monday.com table, joined to mapped recruitment-school coordinates"}},{"type":"Feature","id":"school-418","geometry":{"type":"Point","coordinates":[-97.148231,29.578816]},"properties":{"monday_item_id":"12457851273","district_type":"INDEPENDENT","school_name":"MOULTON H S","school_district":"MOULTON ISD","scouting_district":"Live Oak","county":"LAVACA COUNTY","address":"P O DRAWER C, MOULTON, TX, USA","recruitment_status":"Not Scheduled","jsn_date":"","unit":"","source":"CAC Schools monday.com table, joined to mapped recruitment-school coordinates"}},{"type":"Feature","id":"school-419","geometry":{"type":"Point","coordinates":[-97.613443,28.924967]},"properties":{"monday_item_id":"12457828393","district_type":"INDEPENDENT","school_name":"NORDHEIM SCHOOL","school_district":"NORDHEIM ISD","scouting_district":"Live Oak","county":"DEWITT COUNTY","address":"500 N BROADWAY, NORDHEIM, TX, USA","recruitment_status":"Not Scheduled","jsn_date":"","unit":"","source":"CAC Schools monday.com table, joined to mapped recruitment-school coordinates"}},{"type":"Feature","id":"school-420","geometry":{"type":"Point","coordinates":[-97.017492,29.434916]},"properties":{"monday_item_id":"12457851367","district_type":"INDEPENDENT","school_name":"VYSEHRAD EL","school_district":"VYSEHRAD ISD","scouting_district":"Live Oak","county":"LAVACA COUNTY","address":"595 COUNTY RD 182, HALLETTSVILLE, TX, USA","recruitment_status":"Not Scheduled","jsn_date":"","unit":"","source":"CAC Schools monday.com table, joined to mapped recruitment-school coordinates"}},{"type":"Feature","id":"school-421","geometry":{"type":"Point","coordinates":[-97.472357,29.191467]},"properties":{"monday_item_id":"12457850348","district_type":"INDEPENDENT","school_name":"WESTHOFF EL","school_district":"WESTHOFF ISD","scouting_district":"Live Oak","county":"DEWITT COUNTY","address":"244 LYNCH AVE, WESTHOFF, TX, USA","recruitment_status":"Not Scheduled","jsn_date":"","unit":"","source":"CAC Schools monday.com table, joined to mapped recruitment-school coordinates"}},{"type":"Feature","id":"school-422","geometry":{"type":"Point","coordinates":[-97.661364,30.588929]},"properties":{"monday_item_id":"12457876200","district_type":"INDEPENDENT","school_name":"CARVER EL","school_district":"GEORGETOWN ISD","scouting_district":"San Gabriel","county":"WILLIAMSON COUNTY","address":"4901 SCENIC LAKE DR, GEORGETOWN, TX, USA","recruitment_status":"Not Scheduled","jsn_date":"","unit":"","source":"CAC Schools monday.com table, joined to mapped recruitment-school coordinates"}},{"type":"Feature","id":"school-423","geometry":{"type":"Point","coordinates":[-97.648696,30.661663]},"properties":{"monday_item_id":"12457876272","district_type":"INDEPENDENT","school_name":"CHARLES A FORBES MIDDLE","school_district":"GEORGETOWN ISD","scouting_district":"San Gabriel","county":"WILLIAMSON COUNTY","address":"1911 NE INNER LOOP, GEORGETOWN, TX, USA","recruitment_status":"Not Scheduled","jsn_date":"","unit":"","source":"CAC Schools monday.com table, joined to mapped recruitment-school coordinates"}},{"type":"Feature","id":"school-424","geometry":{"type":"Point","coordinates":[-97.671337,30.688203]},"properties":{"monday_item_id":"12457851989","district_type":"INDEPENDENT","school_name":"CHIP RICHARTE H S","school_district":"GEORGETOWN ISD","scouting_district":"San Gabriel","county":"WILLIAMSON COUNTY","address":"5001 AIRPORT RD, GEORGETOWN, TX, USA","recruitment_status":"Not Scheduled","jsn_date":"","unit":"","source":"CAC Schools monday.com table, joined to mapped recruitment-school coordinates"}},{"type":"Feature","id":"school-425","geometry":{"type":"Point","coordinates":[-97.621413,30.841458]},"properties":{"monday_item_id":"12457850663","district_type":"INDEPENDENT","school_name":"DOUBLE CREEK EL","school_district":"JARRELL ISD","scouting_district":"San Gabriel","county":"WILLIAMSON COUNTY","address":"855 CR 307, JARRELL, TX, USA","recruitment_status":"Not Scheduled","jsn_date":"","unit":"","source":"CAC Schools monday.com table, joined to mapped recruitment-school coordinates"}},{"type":"Feature","id":"school-426","geometry":{"type":"Point","coordinates":[-97.79887,30.747522]},"properties":{"monday_item_id":"12457876195","district_type":"INDEPENDENT","school_name":"DOUGLAS BENOLD MIDDLE","school_district":"GEORGETOWN ISD","scouting_district":"San Gabriel","county":"WILLIAMSON COUNTY","address":"1401 N PARMER RANCH BLVD, GEORGETOWN, TX, USA","recruitment_status":"Not Scheduled","jsn_date":"","unit":"","source":"CAC Schools monday.com table, joined to mapped recruitment-school coordinates"}},{"type":"Feature","id":"school-427","geometry":{"type":"Point","coordinates":[-97.618821,30.642005]},"properties":{"monday_item_id":"12457876429","district_type":"INDEPENDENT","school_name":"EAST VIEW H S","school_district":"GEORGETOWN ISD","scouting_district":"San Gabriel","county":"WILLIAMSON COUNTY","address":"4490 E UNIVERSITY AVE, GEORGETOWN, TX, USA","recruitment_status":"Not Scheduled","jsn_date":"","unit":"","source":"CAC Schools monday.com table, joined to mapped recruitment-school coordinates"}},{"type":"Feature","id":"school-428","geometry":{"type":"Point","coordinates":[-97.793701,30.84527]},"properties":{"monday_item_id":"12457851858","district_type":"INDEPENDENT","school_name":"FLORENCE EL","school_district":"FLORENCE ISD","scouting_district":"San Gabriel","county":"WILLIAMSON COUNTY","address":"810 N PATTERSON AVE, FLORENCE, TX, USA","recruitment_status":"Not Scheduled","jsn_date":"","unit":"","source":"CAC Schools monday.com table, joined to mapped recruitment-school coordinates"}},{"type":"Feature","id":"school-429","geometry":{"type":"Point","coordinates":[-97.794784,30.830934]},"properties":{"monday_item_id":"12457851368","district_type":"INDEPENDENT","school_name":"FLORENCE H S","school_district":"FLORENCE ISD","scouting_district":"San Gabriel","county":"WILLIAMSON COUNTY","address":"401 FM 970, FLORENCE, TX, USA","recruitment_status":"Not Scheduled","jsn_date":"","unit":"","source":"CAC Schools monday.com table, joined to mapped recruitment-school coordinates"}},{"type":"Feature","id":"school-430","geometry":{"type":"Point","coordinates":[-97.791149,30.832146]},"properties":{"monday_item_id":"12457851815","district_type":"INDEPENDENT","school_name":"FLORENCE MIDDLE","school_district":"FLORENCE ISD","scouting_district":"San Gabriel","county":"WILLIAMSON COUNTY","address":"718 S PATTERSON, FLORENCE, TX, USA","recruitment_status":"Not Scheduled","jsn_date":"","unit":"","source":"CAC Schools monday.com table, joined to mapped recruitment-school coordinates"}},{"type":"Feature","id":"school-431","geometry":{"type":"Point","coordinates":[-97.688314,30.669967]},"properties":{"monday_item_id":"12457876251","district_type":"INDEPENDENT","school_name":"FROST EL","school_district":"GEORGETOWN ISD","scouting_district":"San Gabriel","county":"WILLIAMSON COUNTY","address":"3407 NORTHWEST BLVD, GEORGETOWN, TX, USA","recruitment_status":"Not Scheduled","jsn_date":"","unit":"","source":"CAC Schools monday.com table, joined to mapped recruitment-school coordinates"}},{"type":"Feature","id":"school-432","geometry":{"type":"Point","coordinates":[-97.640149,30.621419]},"properties":{"monday_item_id":"12457876310","district_type":"INDEPENDENT","school_name":"GEORGE WAGNER MIDDLE","school_district":"GEORGETOWN ISD","scouting_district":"San Gabriel","county":"WILLIAMSON COUNTY","address":"1621 ROCKRIDE LN, GEORGETOWN, TX, USA","recruitment_status":"Not Scheduled","jsn_date":"","unit":"","source":"CAC Schools monday.com table, joined to mapped recruitment-school coordinates"}},{"type":"Feature","id":"school-433","geometry":{"type":"Point","coordinates":[-97.613131,30.636444]},"properties":{"monday_item_id":"12457876402","district_type":"INDEPENDENT","school_name":"GEORGETOWN ALTER PROG","school_district":"GEORGETOWN ISD","scouting_district":"San Gabriel","county":"WILLIAMSON COUNTY","address":"502 PATRIOT WAY, GEORGETOWN, TX, USA","recruitment_status":"Not Scheduled","jsn_date":"","unit":"","source":"CAC Schools monday.com table, joined to mapped recruitment-school coordinates"}},{"type":"Feature","id":"school-434","geometry":{"type":"Point","coordinates":[-97.666511,30.661819]},"properties":{"monday_item_id":"12457851933","district_type":"INDEPENDENT","school_name":"GEORGETOWN H S","school_district":"GEORGETOWN ISD","scouting_district":"San Gabriel","county":"WILLIAMSON COUNTY","address":"2211 N AUSTIN AVE, GEORGETOWN, TX, USA","recruitment_status":"Not Scheduled","jsn_date":"","unit":"","source":"CAC Schools monday.com table, joined to mapped recruitment-school coordinates"}},{"type":"Feature","id":"school-435","geometry":{"type":"Point","coordinates":[-97.594936,30.79796]},"properties":{"monday_item_id":"12457850584","district_type":"INDEPENDENT","school_name":"IGO EL","school_district":"JARRELL ISD","scouting_district":"San Gabriel","county":"WILLIAMSON COUNTY","address":"1601 CR 314, JARRELL, TX, USA","recruitment_status":"Not Scheduled","jsn_date":"","unit":"","source":"CAC Schools monday.com table, joined to mapped recruitment-school coordinates"}},{"type":"Feature","id":"school-436","geometry":{"type":"Point","coordinates":[-97.699514,30.615343]},"properties":{"monday_item_id":"12457876220","district_type":"INDEPENDENT","school_name":"JAMES TIPPIT MIDDLE","school_district":"GEORGETOWN ISD","scouting_district":"San Gabriel","county":"WILLIAMSON COUNTY","address":"1601 LEANDER RD, GEORGETOWN, TX, USA","recruitment_status":"Not Scheduled","jsn_date":"","unit":"","source":"CAC Schools monday.com table, joined to mapped recruitment-school coordinates"}},{"type":"Feature","id":"school-437","geometry":{"type":"Point","coordinates":[-97.591393,30.809699]},"properties":{"monday_item_id":"12457850462","district_type":"INDEPENDENT","school_name":"JARRELL EL","school_district":"JARRELL ISD","scouting_district":"San Gabriel","county":"WILLIAMSON COUNTY","address":"1615 CR 313, JARRELL, TX, USA","recruitment_status":"Not Scheduled","jsn_date":"","unit":"","source":"CAC Schools monday.com table, joined to mapped recruitment-school coordinates"}},{"type":"Feature","id":"school-438","geometry":{"type":"Point","coordinates":[-97.62837,30.818644]},"properties":{"monday_item_id":"12457805560","district_type":"INDEPENDENT","school_name":"JARRELL H S","school_district":"JARRELL ISD","scouting_district":"San Gabriel","county":"WILLIAMSON COUNTY","address":"1100 W FM 487, JARRELL, TX, USA","recruitment_status":"Not Scheduled","jsn_date":"","unit":"","source":"CAC Schools monday.com table, joined to mapped recruitment-school coordinates"}},{"type":"Feature","id":"school-439","geometry":{"type":"Point","coordinates":[-97.606621,30.82932]},"properties":{"monday_item_id":"12457850387","district_type":"INDEPENDENT","school_name":"JARRELL MIDDLE","school_district":"JARRELL ISD","scouting_district":"San Gabriel","county":"WILLIAMSON COUNTY","address":"101 E AVE F, JARRELL, TX, USA","recruitment_status":"Not Scheduled","jsn_date":"","unit":"","source":"CAC Schools monday.com table, joined to mapped recruitment-school coordinates"}},{"type":"Feature","id":"school-440","geometry":{"type":"Point","coordinates":[-97.705586,30.693682]},"properties":{"monday_item_id":"12457876404","district_type":"INDEPENDENT","school_name":"RAYE MCCOY EL","school_district":"GEORGETOWN ISD","scouting_district":"San Gabriel","county":"WILLIAMSON COUNTY","address":"401 BELLAIRE DR, GEORGETOWN, TX, USA","recruitment_status":"Not Scheduled","jsn_date":"","unit":"","source":"CAC Schools monday.com table, joined to mapped recruitment-school coordinates"}},{"type":"Feature","id":"school-441","geometry":{"type":"Point","coordinates":[-97.659021,30.61834]},"properties":{"monday_item_id":"12457797602","district_type":"INDEPENDENT","school_name":"S T E P - C O R E","school_district":"ROUND ROCK ISD","scouting_district":"San Gabriel","county":"WILLIAMSON COUNTY","address":"200 WILCO WAY, GEORGETOWN, TX, USA","recruitment_status":"Not Scheduled","jsn_date":"","unit":"","source":"CAC Schools monday.com table, joined to mapped recruitment-school coordinates"}},{"type":"Feature","id":"school-442","geometry":{"type":"Point","coordinates":[-97.659021,30.61834]},"properties":{"monday_item_id":"12457851987","district_type":"INDEPENDENT","school_name":"S T E P - DETENTION","school_district":"GEORGETOWN ISD","scouting_district":"San Gabriel","county":"WILLIAMSON COUNTY","address":"200 WILCO WAY, GEORGETOWN, TX, USA","recruitment_status":"Not Scheduled","jsn_date":"","unit":"","source":"CAC Schools monday.com table, joined to mapped recruitment-school coordinates"}},{"type":"Feature","id":"school-443","geometry":{"type":"Point","coordinates":[-97.83022,30.673244]},"properties":{"monday_item_id":"12457851931","district_type":"INDEPENDENT","school_name":"SAN GABRIEL EL","school_district":"GEORGETOWN ISD","scouting_district":"San Gabriel","county":"WILLIAMSON COUNTY","address":"880 TIERRA ROSA BLVD, GEORGETOWN, TX, USA","recruitment_status":"Not Scheduled","jsn_date":"","unit":"","source":"CAC Schools monday.com table, joined to mapped recruitment-school coordinates"}},{"type":"Feature","id":"school-444","geometry":{"type":"Point","coordinates":[-97.295048,30.587652]},"properties":{"monday_item_id":"12457851787","district_type":"INDEPENDENT","school_name":"THRALL EL","school_district":"THRALL ISD","scouting_district":"San Gabriel","county":"WILLIAMSON COUNTY","address":"107 S BOUNDS ST, THRALL, TX, USA","recruitment_status":"Not Scheduled","jsn_date":"","unit":"","source":"CAC Schools monday.com table, joined to mapped recruitment-school coordinates"}},{"type":"Feature","id":"school-445","geometry":{"type":"Point","coordinates":[-97.295725,30.589694]},"properties":{"monday_item_id":"12457851317","district_type":"INDEPENDENT","school_name":"THRALL H S","school_district":"THRALL ISD","scouting_district":"San Gabriel","county":"WILLIAMSON COUNTY","address":"107 S BOUNDS ST, THRALL, TX, USA","recruitment_status":"Not Scheduled","jsn_date":"","unit":"","source":"CAC Schools monday.com table, joined to mapped recruitment-school coordinates"}},{"type":"Feature","id":"school-446","geometry":{"type":"Point","coordinates":[-97.295048,30.587652]},"properties":{"monday_item_id":"12457851698","district_type":"INDEPENDENT","school_name":"THRALL MIDDLE","school_district":"THRALL ISD","scouting_district":"San Gabriel","county":"WILLIAMSON COUNTY","address":"107 S BOUNDS ST, THRALL, TX, USA","recruitment_status":"Not Scheduled","jsn_date":"","unit":"","source":"CAC Schools monday.com table, joined to mapped recruitment-school coordinates"}},{"type":"Feature","id":"school-447","geometry":{"type":"Point","coordinates":[-97.831742,30.655471]},"properties":{"monday_item_id":"12457850306","district_type":"INDEPENDENT","school_name":"TIERRA ROSA EL","school_district":"LIBERTY HILL ISD","scouting_district":"San Gabriel","county":"WILLIAMSON COUNTY","address":"89 E SANTA RITA BLVD, LIBERTY HILL, TX, USA","recruitment_status":"Not Scheduled","jsn_date":"","unit":"","source":"CAC Schools monday.com table, joined to mapped recruitment-school coordinates"}},{"type":"Feature","id":"school-448","geometry":{"type":"Point","coordinates":[-97.635032,30.602727]},"properties":{"monday_item_id":"12457851819","district_type":"INDEPENDENT","school_name":"WILLIAMS EL","school_district":"GEORGETOWN ISD","scouting_district":"San Gabriel","county":"WILLIAMSON COUNTY","address":"4101 SOUTHWESTERN BLVD, GEORGETOWN, TX, USA","recruitment_status":"Not Scheduled","jsn_date":"","unit":"","source":"CAC Schools monday.com table, joined to mapped recruitment-school coordinates"}},{"type":"Feature","id":"school-449","geometry":{"type":"Point","coordinates":[-97.710658,30.626493]},"properties":{"monday_item_id":"12457876382","district_type":"INDEPENDENT","school_name":"WOLF RANCH EL","school_district":"GEORGETOWN ISD","scouting_district":"San Gabriel","county":"WILLIAMSON COUNTY","address":"1201 JAY WOLF DR, GEORGETOWN, TX, USA","recruitment_status":"Not Scheduled","jsn_date":"","unit":"","source":"CAC Schools monday.com table, joined to mapped recruitment-school coordinates"}},{"type":"Feature","id":"school-450","geometry":{"type":"Point","coordinates":[-97.872317,30.16443]},"properties":{"monday_item_id":"12457851370","district_type":"INDEPENDENT","school_name":"BAILEY MIDDLE","school_district":"AUSTIN ISD","scouting_district":"Thunderbird","county":"TRAVIS COUNTY","address":"4020 LOST OASIS HOLLOW, AUSTIN, TX, USA","recruitment_status":"Not Scheduled","jsn_date":"","unit":"","source":"CAC Schools monday.com table, joined to mapped recruitment-school coordinates"}},{"type":"Feature","id":"school-451","geometry":{"type":"Point","coordinates":[-97.923392,30.184894]},"properties":{"monday_item_id":"12457876385","district_type":"INDEPENDENT","school_name":"BALDWIN EL","school_district":"AUSTIN ISD","scouting_district":"Thunderbird","county":"TRAVIS COUNTY","address":"12200 MERIDIAN PARK BLVD, AUSTIN, TX, USA","recruitment_status":"Not Scheduled","jsn_date":"","unit":"","source":"CAC Schools monday.com table, joined to mapped recruitment-school coordinates"}},{"type":"Feature","id":"school-452","geometry":{"type":"Point","coordinates":[-97.751461,30.156173]},"properties":{"monday_item_id":"12457876249","district_type":"INDEPENDENT","school_name":"BLAZIER EL","school_district":"AUSTIN ISD","scouting_district":"Thunderbird","county":"TRAVIS COUNTY","address":"8801 VERTEX BLVD, AUSTIN, TX, USA","recruitment_status":"Not Scheduled","jsn_date":"","unit":"","source":"CAC Schools monday.com table, joined to mapped recruitment-school coordinates"}},{"type":"Feature","id":"school-453","geometry":{"type":"Point","coordinates":[-97.751461,30.156173]},"properties":{"monday_item_id":"12457851853","district_type":"INDEPENDENT","school_name":"BLAZIER PRI","school_district":"AUSTIN ISD","scouting_district":"Thunderbird","county":"TRAVIS COUNTY","address":"8601 VERTEX BLVD, AUSTIN, TX, USA","recruitment_status":"Not Scheduled","jsn_date":"","unit":"","source":"CAC Schools monday.com table, joined to mapped recruitment-school coordinates"}},{"type":"Feature","id":"school-454","geometry":{"type":"Point","coordinates":[-97.839849,30.203694]},"properties":{"monday_item_id":"12457850956","district_type":"INDEPENDENT","school_name":"BOONE EL","school_district":"AUSTIN ISD","scouting_district":"Thunderbird","county":"TRAVIS COUNTY","address":"8101 CROFTWOOD RD, AUSTIN, TX, USA","recruitment_status":"Not Scheduled","jsn_date":"","unit":"","source":"CAC Schools monday.com table, joined to mapped recruitment-school coordinates"}},{"type":"Feature","id":"school-455","geometry":{"type":"Point","coordinates":[-97.858648,30.187626]},"properties":{"monday_item_id":"12457805616","district_type":"INDEPENDENT","school_name":"BOWIE H S","school_district":"AUSTIN ISD","scouting_district":"Thunderbird","county":"TRAVIS COUNTY","address":"4103 W SLAUGHTER LN, AUSTIN, TX, USA","recruitment_status":"Not Scheduled","jsn_date":"","unit":"","source":"CAC Schools monday.com table, joined to mapped recruitment-school coordinates"}},{"type":"Feature","id":"school-456","geometry":{"type":"Point","coordinates":[-97.834284,30.212846]},"properties":{"monday_item_id":"12457851190","district_type":"INDEPENDENT","school_name":"COVINGTON MIDDLE","school_district":"AUSTIN ISD","scouting_district":"Thunderbird","county":"TRAVIS COUNTY","address":"3700 CONVICT HILL RD, AUSTIN, TX, USA","recruitment_status":"Not Scheduled","jsn_date":"","unit":"","source":"CAC Schools monday.com table, joined to mapped recruitment-school coordinates"}},{"type":"Feature","id":"school-457","geometry":{"type":"Point","coordinates":[-97.806022,30.209982]},"properties":{"monday_item_id":"12457850670","district_type":"INDEPENDENT","school_name":"CUNNINGHAM EL","school_district":"AUSTIN ISD","scouting_district":"Thunderbird","county":"TRAVIS COUNTY","address":"2200 BERKELEY AVE, AUSTIN, TX, USA","recruitment_status":"Not Scheduled","jsn_date":"","unit":"","source":"CAC Schools monday.com table, joined to mapped recruitment-school coordinates"}},{"type":"Feature","id":"school-458","geometry":{"type":"Point","coordinates":[-97.891875,30.2145]},"properties":{"monday_item_id":"12457851575","district_type":"INDEPENDENT","school_name":"GORZYCKI MIDDLE","school_district":"AUSTIN ISD","scouting_district":"Thunderbird","county":"TRAVIS COUNTY","address":"7412 W SLAUGHTER LN, AUSTIN, TX, USA","recruitment_status":"Not Scheduled","jsn_date":"","unit":"","source":"CAC Schools monday.com table, joined to mapped recruitment-school coordinates"}},{"type":"Feature","id":"school-459","geometry":{"type":"Point","coordinates":[-97.737678,30.224365]},"properties":{"monday_item_id":"12457850506","district_type":"INDEPENDENT","school_name":"LINDER EL","school_district":"AUSTIN ISD","scouting_district":"Thunderbird","county":"TRAVIS COUNTY","address":"2800 METCALFE RD, AUSTIN, TX, USA","recruitment_status":"Not Scheduled","jsn_date":"","unit":"","source":"CAC Schools monday.com table, joined to mapped recruitment-school coordinates"}},{"type":"Feature","id":"school-460","geometry":{"type":"Point","coordinates":[-97.836202,30.141147]},"properties":{"monday_item_id":"12457876484","district_type":"INDEPENDENT","school_name":"MENCHACA EL","school_district":"AUSTIN ISD","scouting_district":"Thunderbird","county":"TRAVIS COUNTY","address":"1218 W FM 1626, MANCHACA, TX, USA","recruitment_status":"Not Scheduled","jsn_date":"","unit":"","source":"CAC Schools monday.com table, joined to mapped recruitment-school coordinates"}},{"type":"Feature","id":"school-461","geometry":{"type":"Point","coordinates":[-97.743057,30.18868]},"properties":{"monday_item_id":"12457851269","district_type":"INDEPENDENT","school_name":"MENDEZ MIDDLE","school_district":"AUSTIN ISD","scouting_district":"Thunderbird","county":"TRAVIS COUNTY","address":"5106 VILLAGE SQ DR, AUSTIN, TX, USA","recruitment_status":"Not Scheduled","jsn_date":"","unit":"","source":"CAC Schools monday.com table, joined to mapped recruitment-school coordinates"}},{"type":"Feature","id":"school-462","geometry":{"type":"Point","coordinates":[-97.789623,30.205669]},"properties":{"monday_item_id":"12457805847","district_type":"INDEPENDENT","school_name":"ODOM EL","school_district":"AUSTIN ISD","scouting_district":"Thunderbird","county":"TRAVIS COUNTY","address":"1010 TURTLE CREEK BLVD, AUSTIN, TX, USA","recruitment_status":"Not Scheduled","jsn_date":"","unit":"","source":"CAC Schools monday.com table, joined to mapped recruitment-school coordinates"}},{"type":"Feature","id":"school-463","geometry":{"type":"Point","coordinates":[-97.811345,30.167471]},"properties":{"monday_item_id":"12457851493","district_type":"INDEPENDENT","school_name":"PAREDES MIDDLE","school_district":"AUSTIN ISD","scouting_district":"Thunderbird","county":"TRAVIS COUNTY","address":"10100 S MARY MOORE SEARIGHT DR, AUSTIN, TX, USA","recruitment_status":"Not Scheduled","jsn_date":"","unit":"","source":"CAC Schools monday.com table, joined to mapped recruitment-school coordinates"}},{"type":"Feature","id":"school-464","geometry":{"type":"Point","coordinates":[-97.776158,30.196451]},"properties":{"monday_item_id":"12457876444","district_type":"INDEPENDENT","school_name":"PLEASANT HILL EL","school_district":"AUSTIN ISD","scouting_district":"Thunderbird","county":"TRAVIS COUNTY","address":"6405 CIR S RD, AUSTIN, TX, USA","recruitment_status":"Not Scheduled","jsn_date":"","unit":"","source":"CAC Schools monday.com table, joined to mapped recruitment-school coordinates"}},{"type":"Feature","id":"school-465","geometry":{"type":"Point","coordinates":[-97.841595,30.233756]},"properties":{"monday_item_id":"12457851414","district_type":"INDEPENDENT","school_name":"SMALL MIDDLE","school_district":"AUSTIN ISD","scouting_district":"Thunderbird","county":"TRAVIS COUNTY","address":"4801 MONTEREY OAKS BLVD, AUSTIN, TX, USA","recruitment_status":"Not Scheduled","jsn_date":"","unit":"","source":"CAC Schools monday.com table, joined to mapped recruitment-school coordinates"}},{"type":"Feature","id":"school-466","geometry":{"type":"Point","coordinates":[-97.754741,30.236591]},"properties":{"monday_item_id":"12457797606","district_type":"INDEPENDENT","school_name":"TRAVIS COUNTY JUVENILE DETENTION CENTER","school_district":"AUSTIN ISD","scouting_district":"Thunderbird","county":"TRAVIS COUNTY","address":"2515 S CONGRESS AVE, AUSTIN, TX, USA","recruitment_status":"Not Scheduled","jsn_date":"","unit":"","source":"CAC Schools monday.com table, joined to mapped recruitment-school coordinates"}},{"type":"Feature","id":"school-467","geometry":{"type":"Point","coordinates":[-97.791519,30.18116]},"properties":{"monday_item_id":"12457850858","district_type":"INDEPENDENT","school_name":"WILLIAMS EL","school_district":"AUSTIN ISD","scouting_district":"Thunderbird","county":"TRAVIS COUNTY","address":"500 MAIRO ST, AUSTIN, TX, USA","recruitment_status":"Not Scheduled","jsn_date":"","unit":"","source":"CAC Schools monday.com table, joined to mapped recruitment-school coordinates"}},{"type":"Feature","id":"school-468","geometry":{"type":"Point","coordinates":[-97.75474,30.197779]},"properties":{"monday_item_id":"12457797607","district_type":"INDEPENDENT","school_name":"HOUSTON EL","school_district":"AUSTIN ISD","scouting_district":"Thunderbird","county":"TRAVIS COUNTY","address":"5409 PONCIANA DR, AUSTIN, TX, USA","recruitment_status":"Not Scheduled","jsn_date":"","unit":"","source":"CAC Schools monday.com table, joined to mapped recruitment-school coordinates"}},{"type":"Feature","id":"school-469","geometry":{"type":"Point","coordinates":[-97.533178,30.308949]},"properties":{"monday_item_id":"12457851072","district_type":"INDEPENDENT","school_name":"BLAKE MANOR EL","school_district":"MANOR ISD","scouting_district":"Unassigned","county":"TRAVIS COUNTY","address":"18010 BLAKE MANOR RD, MANOR, TX, USA","recruitment_status":"Not Scheduled","jsn_date":"","unit":"","source":"CAC Schools monday.com table, joined to mapped recruitment-school coordinates"}},{"type":"Feature","id":"school-470","geometry":{"type":"Point","coordinates":[-97.618503,30.351549]},"properties":{"monday_item_id":"12457850950","district_type":"INDEPENDENT","school_name":"BLUEBONNET TRAIL EL","school_district":"MANOR ISD","scouting_district":"Unassigned","county":"TRAVIS COUNTY","address":"11316 FARMHAVEN RD, AUSTIN, TX, USA","recruitment_status":"Not Scheduled","jsn_date":"","unit":"","source":"CAC Schools monday.com table, joined to mapped recruitment-school coordinates"}},{"type":"Feature","id":"school-471","geometry":{"type":"Point","coordinates":[-97.616666,30.311432]},"properties":{"monday_item_id":"12457851017","district_type":"INDEPENDENT","school_name":"DECKER EL","school_district":"MANOR ISD","scouting_district":"Unassigned","county":"TRAVIS COUNTY","address":"8500 DECKER LN, AUSTIN, TX, USA","recruitment_status":"Not Scheduled","jsn_date":"","unit":"","source":"CAC Schools monday.com table, joined to mapped recruitment-school coordinates"}},{"type":"Feature","id":"school-472","geometry":{"type":"Point","coordinates":[-97.55882,30.331053]},"properties":{"monday_item_id":"12457851415","district_type":"INDEPENDENT","school_name":"LAGOS EL","school_district":"MANOR ISD","scouting_district":"Unassigned","county":"TRAVIS COUNTY","address":"11817 MURCHISON ST, MANOR, TX, USA","recruitment_status":"Not Scheduled","jsn_date":"","unit":"","source":"CAC Schools monday.com table, joined to mapped recruitment-school coordinates"}},{"type":"Feature","id":"school-473","geometry":{"type":"Point","coordinates":[-97.573504,30.344679]},"properties":{"monday_item_id":"12457850532","district_type":"INDEPENDENT","school_name":"MANOR NEW TECHNOLOGY HIGH","school_district":"MANOR ISD","scouting_district":"Unassigned","county":"TRAVIS COUNTY","address":"10323 HWY 290E, MANOR, TX, USA","recruitment_status":"Not Scheduled","jsn_date":"","unit":"","source":"CAC Schools monday.com table, joined to mapped recruitment-school coordinates"}},{"type":"Feature","id":"school-474","geometry":{"type":"Point","coordinates":[-97.574493,30.343656]},"properties":{"monday_item_id":"12457850817","district_type":"INDEPENDENT","school_name":"MANOR NEW TECHNOLOGY MIDDLE","school_district":"MANOR ISD","scouting_district":"Unassigned","county":"TRAVIS COUNTY","address":"12116 JOYCE TURNER DR, MANOR, TX, USA","recruitment_status":"Not Scheduled","jsn_date":"","unit":"","source":"CAC Schools monday.com table, joined to mapped recruitment-school coordinates"}},{"type":"Feature","id":"school-475","geometry":{"type":"Point","coordinates":[-97.536833,30.355864]},"properties":{"monday_item_id":"12457805621","district_type":"INDEPENDENT","school_name":"MANOR RISE ACADEMY","school_district":"MANOR ISD","scouting_district":"Armadillo","county":"TRAVIS COUNTY","address":"13300 FM 973, MANOR, TX, USA","recruitment_status":"Not Scheduled","jsn_date":"","unit":"","source":"CAC Schools monday.com table, joined to mapped recruitment-school coordinates"}},{"type":"Feature","id":"school-476","geometry":{"type":"Point","coordinates":[-97.639782,30.362067]},"properties":{"monday_item_id":"12457851217","district_type":"INDEPENDENT","school_name":"PIONEER CROSSING EL","school_district":"MANOR ISD","scouting_district":"Unassigned","county":"TRAVIS COUNTY","address":"11300 SAMSUNG BLVD, AUSTIN, TX, USA","recruitment_status":"Not Scheduled","jsn_date":"","unit":"","source":"CAC Schools monday.com table, joined to mapped recruitment-school coordinates"}},{"type":"Feature","id":"school-477","geometry":{"type":"Point","coordinates":[-97.526189,30.352637]},"properties":{"monday_item_id":"12457851118","district_type":"INDEPENDENT","school_name":"PRESIDENTIAL MEADOWS EL","school_district":"MANOR ISD","scouting_district":"Unassigned","county":"TRAVIS COUNTY","address":"13252 GEORGE BUSH ST, MANOR, TX, USA","recruitment_status":"Not Scheduled","jsn_date":"","unit":"","source":"CAC Schools monday.com table, joined to mapped recruitment-school coordinates"}},{"type":"Feature","id":"school-478","geometry":{"type":"Point","coordinates":[-97.680439,30.313648]},"properties":{"monday_item_id":"12457876159","district_type":"INDEPENDENT","school_name":"SADLER MEANS YWLA","school_district":"AUSTIN ISD","scouting_district":"Unassigned","county":"TRAVIS COUNTY","address":"6401 N HAMPTON DR, AUSTIN, TX, USA","recruitment_status":"Not Scheduled","jsn_date":"","unit":"","source":"CAC Schools monday.com table, joined to mapped recruitment-school coordinates"}},{"type":"Feature","id":"school-479","geometry":{"type":"Point","coordinates":[-97.54077,30.365084]},"properties":{"monday_item_id":"12457851311","district_type":"INDEPENDENT","school_name":"SHADOWGLEN EL","school_district":"MANOR ISD","scouting_district":"Unassigned","county":"TRAVIS COUNTY","address":"12000 SHADOWGLEN TRACE, MANOR, TX, USA","recruitment_status":"Not Scheduled","jsn_date":"","unit":"","source":"CAC Schools monday.com table, joined to mapped recruitment-school coordinates"}},{"type":"Feature","id":"school-480","geometry":{"type":"Point","coordinates":[-97.706987,30.33331]},"properties":{"monday_item_id":"12457876256","district_type":"INDEPENDENT","school_name":"WOOTEN EL","school_district":"AUSTIN ISD","scouting_district":"Unassigned","county":"TRAVIS COUNTY","address":"1405 WOOTEN DR, AUSTIN, TX, USA","recruitment_status":"Not Scheduled","jsn_date":"","unit":"","source":"CAC Schools monday.com table, joined to mapped recruitment-school coordinates"}}]}
