{"type":"FeatureCollection","features":[{"type":"Feature","properties":{"district_name":"Armadillo","status":"Current assignment-derived planning region","derivation":"Assigned school-district polygons, subdivided by mapped schools only where a district spans multiple scouting districts","assignment_school_count":71,"school_district_count":4,"school_districts":"Austin ISD, Del Valle ISD, Manor ISD, Pflugerville ISD","source":"CAC Schools monday.com table","source_updated_at":"2026-08-01T10:20:02Z"},"geometry":{"type":"MultiPolygon","coordinates":[[[[-97.84444800011246,30.33625499952364],[-97.84441536549441,30.33433636947808],[-97.84435700017622,30.33090499936179],[-97.84403200009274,30.32950599939707],[-97.84266800004059,30.326220000441843],[-97.84148800005644,30.325145000296413],[-97.83989000018711,30.324347000069423],[-97.8391059994986,30.324120999880417],[-97.83587800007703,30.323921000574195],[-97.83063599966492,30.32522600051838],[-97.82566100043208,30.32907000074945],[-97.82459799961505,30.330115000210903],[-97.82421372456903,30.330565150983666],[-97.81913799989739,30.336510999945055],[-97.81895803874139,30.336706377946065],[-97.81424699986894,30.341821000334743],[-97.81244099961448,30.344134999720463],[-97.80951199983929,30.349154000474574],[-97.80693700068048,30.351498999368566],[-97.80568599964877,30.352022000452873],[-97.80407499973303,30.35227700068535],[-97.802378999731,30.35217100044457],[-97.80008899993362,30.351591000295397],[-97.79472700007895,30.348935000179978],[-97.78858200038592,30.34422300017436],[-97.78703099938026,30.343229000044033],[-97.78540542336872,30.340561117568008],[-97.78132600031684,30.333866000763198],[-97.78103900061203,30.33241599999114],[-97.77974700054195,30.330536999519527],[-97.7786009998109,30.328395999637458],[-97.77650299949383,30.323838000466072],[-97.77607199934876,30.322176999570758],[-97.7761210000547,30.32091800037911],[-97.77602099150401,30.3202901207874],[-97.77566099995445,30.318030000571703],[-97.77588400011624,30.313606000527216],[-97.77788400035733,30.308305999303386],[-97.77838100035956,30.307657000252775],[-97.77915299986552,30.306218999999896],[-97.78050499963955,30.304434999747812],[-97.78387100030982,30.300642999344966],[-97.78592099964062,30.297504999829833],[-97.78593500004041,30.296576000502714],[-97.78781399964082,30.29707500005362],[-97.78855000086706,30.297434000105753],[-97.78972399952069,30.297463000060283],[-97.79035500041499,30.29776299994225],[-97.79062699944129,30.297274000228867],[-97.79172299981052,30.296535999967244],[-97.79194199999485,30.29614000013486],[-97.79158400001499,30.29587700024006],[-97.79093799973947,30.296161999942548],[-97.79075099982488,30.296017999329887],[-97.79087200000241,30.29563900047461],[-97.7902129995435,30.294556999778077],[-97.7902989996628,30.294252000195126],[-97.79088500005952,30.29398200030141],[-97.79193800016004,30.294547000251736],[-97.79227600000502,30.29489799985029],[-97.79312600010643,30.295218999338672],[-97.79343400023986,30.295110999827987],[-97.7935839993557,30.294360999708346],[-97.79501599976392,30.293540999661545],[-97.7960039997521,30.292292999771593],[-97.79889199996957,30.291464000285217],[-97.79991500035592,30.289882999907594],[-97.7934869994349,30.28683599983103],[-97.79094400067457,30.290812999408107],[-97.78831499986138,30.289264000178697],[-97.78782800020446,30.288297999852524],[-97.78958699935475,30.285400000224183],[-97.78845240315046,30.28433375952414],[-97.78747899936569,30.28341899995683],[-97.787809000005,30.283178000550638],[-97.78790700040913,30.28324999993999],[-97.78850100018083,30.28269999987059],[-97.78888599937244,30.281787999508055],[-97.78848500034096,30.281617000365973],[-97.78882300000619,30.281012000219363],[-97.78956500046493,30.281312999877713],[-97.7897679997896,30.280979000547287],[-97.79031499971558,30.28122499967993],[-97.79099799964621,30.280117000413604],[-97.78918599953082,30.279280000580684],[-97.7873160005532,30.282601999573266],[-97.78692800071744,30.282930999391393],[-97.77714100015075,30.273722000154294],[-97.78115000007239,30.26865100005226],[-97.78103400005689,30.26864299991675],[-97.78140299991672,30.268372999913264],[-97.78062599964365,30.26725599967551],[-97.78038699996931,30.26701000052214],[-97.77795500008278,30.26832000036468],[-97.7768450004503,30.2675829995098],[-97.77713199969692,30.267165000348523],[-97.77714399923995,30.266045999967382],[-97.77654196991476,30.265098374215047],[-97.77638100052975,30.26484499995537],[-97.77586500002312,30.26468099992037],[-97.77320699991321,30.264752000258746],[-97.77316499986914,30.264402000630287],[-97.77271600063447,30.264249999996945],[-97.77269200038208,30.26402800003711],[-97.77316699972536,30.264028000594166],[-97.77294400050447,30.263643000552783],[-97.77296400017038,30.263327000204626],[-97.77381999995579,30.26340599996295],[-97.7742950007179,30.263307000513173],[-97.7756029994667,30.263529999573183],[-97.77690801893505,30.263174132362916],[-97.7781150004382,30.262844999234417],[-97.77960199984899,30.262877000308976],[-97.7808779998872,30.26255399958244],[-97.782359000432,30.261796000232934],[-97.78360400030817,30.261620999918577],[-97.7841509999433,30.2612839992865],[-97.7848229998978,30.261095999523],[-97.78537100041596,30.260654999866436],[-97.78555900029644,30.260306999976926],[-97.78518199975052,30.259924999765897],[-97.78472999993971,30.25983199963169],[-97.78433300008363,30.259537999571407],[-97.78418599989442,30.25919099996151],[-97.78427499991486,30.258697999702164],[-97.78457699923737,30.258101000390482],[-97.78517200022343,30.257509999667445],[-97.79089499937054,30.255186999709387],[-97.79382199937261,30.254176999894753],[-97.79453299998997,30.25406800047607],[-97.79577700051235,30.25335700006154],[-97.79613500060397,30.252587999201406],[-97.79607000011599,30.252273000250035],[-97.79677300004617,30.24874799934431],[-97.79667499958876,30.248148999654283],[-97.79602399943664,30.247670000671924],[-97.79348200054939,30.24804299984359],[-97.79216799954126,30.24783299938027],[-97.79093700007309,30.247081000366652],[-97.79045700045927,30.246964999891592],[-97.78947900021421,30.246395000010416],[-97.78889900032694,30.24560100031897],[-97.78870400054414,30.244455999398877],[-97.7889450001004,30.24320100034635],[-97.78980499948591,30.242137000016136],[-97.79028054296904,30.242080848650374],[-97.78196389073075,30.23987094586557],[-97.78098991912222,30.227571094665908],[-97.75883492312722,30.222514769318284],[-97.7668664757985,30.24165342929871],[-97.75767751255113,30.252749308758897],[-97.74587185975501,30.23094922161787],[-97.71676775631636,30.244691738316135],[-97.71707099971418,30.249111000452157],[-97.71676400025218,30.244637000002548],[-97.71627099988827,30.243927000581948],[-97.7219649997822,30.235008000132865],[-97.72214800026893,30.23451899967769],[-97.72301299987663,30.23332699980684],[-97.72857399954235,30.224406999835843],[-97.7310299994667,30.220691000122898],[-97.73158000035322,30.220956999235238],[-97.73226299969697,30.21961699997158],[-97.7323959999643,30.219610999941484],[-97.73245700010526,30.219258999206847],[-97.73256100084039,30.219250000192424],[-97.7332240000527,30.21776299978774],[-97.73290200027338,30.21763600031338],[-97.73475999996921,30.215764000409422],[-97.73491100018927,30.215326000134112],[-97.73545199931694,30.214551999948092],[-97.72924465036014,30.21158167799616],[-97.72390799998011,30.20902800010823],[-97.72876800019607,30.201324000353445],[-97.73296600024825,30.203286999512255],[-97.73315799985697,30.202992000563484],[-97.73307399995618,30.202805999460544],[-97.73319900020245,30.20235799983702],[-97.73754500014527,30.19534999969056],[-97.73585899910744,30.19473599981571],[-97.73112099971101,30.192317999655696],[-97.72849060845375,30.19120169281146],[-97.72675000079691,30.19046299957139],[-97.72617400017594,30.190619000327988],[-97.72546100026788,30.19148100014583],[-97.72520553796642,30.191635791411574],[-97.7241109999132,30.192299000541432],[-97.72391800038264,30.192576000438738],[-97.72382999996903,30.193661000380335],[-97.7234940003295,30.194639000131804],[-97.72314600003237,30.195071999930253],[-97.7218580000674,30.194925999978363],[-97.72152000017758,30.19466799939318],[-97.72143099969527,30.1941590001726],[-97.7217789998416,30.194007999850058],[-97.72234999978299,30.192302000207754],[-97.72230553620558,30.19201900592997],[-97.72216899953241,30.191150000342137],[-97.72258247400329,30.18871112774793],[-97.72502834484703,30.186342707437756],[-97.72877200028834,30.183578999855282],[-97.72888122047512,30.183442346930114],[-97.72941300039946,30.18277700030922],[-97.73035500043709,30.181077999330743],[-97.73100000039396,30.178643999595714],[-97.7310999992568,30.17685200014834],[-97.73123899953177,30.17641100015861],[-97.73232400064072,30.174364000367923],[-97.73237399951662,30.173663999156915],[-97.73370700063518,30.171240000409945],[-97.73382300056878,30.170395999906333],[-97.7344520003006,30.169428000499227],[-97.73527899933708,30.16910799997082],[-97.7360359996188,30.16819699977959],[-97.73604699982288,30.167927000297574],[-97.73591999975199,30.16777700005722],[-97.73453999980856,30.16774900011469],[-97.73424800045652,30.16711999995095],[-97.73407499992764,30.166578000367505],[-97.73414299966785,30.16560500051919],[-97.73515600077143,30.164889999788244],[-97.73503399991776,30.164616999465405],[-97.73436800045008,30.163987000445655],[-97.73443999972412,30.163658000128983],[-97.73435200038371,30.16345500000396],[-97.73394600092399,30.16324800007865],[-97.73395100006415,30.16273000015563],[-97.73375399918666,30.16200999976089],[-97.7338579994899,30.161236999860183],[-97.73427099964785,30.160747999874367],[-97.73527599936884,30.16068800049219],[-97.73546200044504,30.16084900009019],[-97.73569000031425,30.161518999960442],[-97.73582599954474,30.161504999722915],[-97.73609599944479,30.161036999872152],[-97.73594599949838,30.16000199991087],[-97.73596599992418,30.15894200000296],[-97.73573299973691,30.158499999641418],[-97.7353139991595,30.15834000013728],[-97.73485900064519,30.15796599961484],[-97.73472400081931,30.157694999896343],[-97.73475600015568,30.157498999426473],[-97.73598600018983,30.158080000385304],[-97.73578699961173,30.1554610000581],[-97.73518700005451,30.15447000048886],[-97.73513600021236,30.154150000316367],[-97.7368269999975,30.151477999479024],[-97.73681499946241,30.151322999676612],[-97.7374239999152,30.15060800020477],[-97.73674099985098,30.150336000503838],[-97.73660199968812,30.14850300027025],[-97.73540000032074,30.14793499980209],[-97.73987899979528,30.140718000331717],[-97.74106200053069,30.141263999711008],[-97.74123600055492,30.141507999701044],[-97.74133600064556,30.14134800017205],[-97.7465220001159,30.14374700070447],[-97.75366999981115,30.132734999865725],[-97.75589900042016,30.12885399967199],[-97.75829600031011,30.125253000475613],[-97.75873271010767,30.124542115597038],[-97.74876162608139,30.12566849339998],[-97.67615785804851,30.117392137046597],[-97.64075044873142,30.07667592312447],[-97.63920800017448,30.0782900002566],[-97.63365399925515,30.08305999994467],[-97.62613199953648,30.090040999461134],[-97.62504900001231,30.090800999596958],[-97.61422700006054,30.10045999960478],[-97.60946400065794,30.103696999994806],[-97.59745384164566,30.114644458344678],[-97.57948100032483,30.13102700012348],[-97.5763200002869,30.13371199956544],[-97.56799799995431,30.141458000062958],[-97.53066000058034,30.17538099931894],[-97.52922799962649,30.176525000577925],[-97.52646800077147,30.179189000093753],[-97.52388477919905,30.181467231848522],[-97.52164183664675,30.18344535985789],[-97.51887900065371,30.18588199973415],[-97.50557099940012,30.198260000047398],[-97.50254329525005,30.20090924189061],[-97.50027500000122,30.202894000766676],[-97.49267899989611,30.209945999805548],[-97.49248199936731,30.21001100073197],[-97.48265999990026,30.22672500000956],[-97.47277100045835,30.243892999609773],[-97.46958299937042,30.249564999525155],[-97.4619999998299,30.26174700007701],[-97.46159700038747,30.26314099982847],[-97.46087400011153,30.264445999577873],[-97.44635599997976,30.28924299983542],[-97.4465240004043,30.289934999407855],[-97.44748300035765,30.29147899952258],[-97.44772999967235,30.291779000466317],[-97.44829499960112,30.291879000363295],[-97.4482019996382,30.2921440001408],[-97.44776000074431,30.292472999639788],[-97.44771900001403,30.29285600044611],[-97.44800099985194,30.293194000090807],[-97.44854000061916,30.293247000289163],[-97.44904100018515,30.294007999676964],[-97.44944400024279,30.295322999765418],[-97.4498330003079,30.296012000338443],[-97.44983499958285,30.297067000389035],[-97.45057099920416,30.297745999987907],[-97.45090600008184,30.29783099988598],[-97.45145399977687,30.298254000464617],[-97.45164800000022,30.298522000372856],[-97.45161099960812,30.298843000370272],[-97.45103500058497,30.299282000205576],[-97.45099799910885,30.299530999859282],[-97.45150300012796,30.30007399983325],[-97.45206800081735,30.30042799988299],[-97.45206199976806,30.300817999821877],[-97.45187200007534,30.301032999886782],[-97.45209600023618,30.30156500042542],[-97.45206699985586,30.30177600029734],[-97.45168199966061,30.302372000119387],[-97.45116899998366,30.302565999944115],[-97.45083900069598,30.30298199985359],[-97.45065299973625,30.30456899984475],[-97.45025899968576,30.305045999608055],[-97.4502990001326,30.30571600011209],[-97.45097099983424,30.306618000057373],[-97.45100699965765,30.30699699982945],[-97.45020900013294,30.30724999969005],[-97.449848999566,30.308024000447844],[-97.45095800077057,30.30847799946952],[-97.45117899940065,30.308944999960687],[-97.4516219993848,30.309219999576293],[-97.45251100001757,30.309023999108916],[-97.45293299982933,30.309069000118654],[-97.45256499942906,30.30964199982869],[-97.45152200005496,30.310661000018882],[-97.45090899948434,30.31061200006716],[-97.45026500002136,30.310376999578803],[-97.44973699971723,30.31052999946332],[-97.44384299961617,30.319439999563254],[-97.45203999953024,30.319674999347054],[-97.4545569997259,30.320286999775476],[-97.45668400030739,30.321349999657674],[-97.45853700009118,30.322074000078793],[-97.4610600005726,30.32249900037106],[-97.46216199998901,30.32298300065995],[-97.46522900005047,30.32378100044332],[-97.46680000010151,30.323906999418952],[-97.46931500011559,30.32345800008461],[-97.46916799976466,30.323730999354783],[-97.47287200032028,30.32830299987539],[-97.47310900040245,30.33031300025794],[-97.46375400001178,30.345114000138814],[-97.47760600025227,30.351734999991116],[-97.48578300068905,30.355788000137395],[-97.48762300001364,30.35664300019969],[-97.48916399983557,30.357193999883343],[-97.50124400042279,30.363278999654625],[-97.49892400012934,30.3669299996476],[-97.50570500000565,30.370063999390638],[-97.50156400019264,30.37667499934749],[-97.50156100053934,30.377172000070832],[-97.5013569996388,30.37702600083079],[-97.49640700043801,30.384749999463146],[-97.49852100073737,30.38583099976405],[-97.49242599945411,30.39543799999633],[-97.49210400068219,30.39527500061798],[-97.49138999954276,30.396054000098115],[-97.49088799950685,30.396839000226365],[-97.49100099953047,30.397051000192054],[-97.49091999920525,30.39727199947239],[-97.48911700007498,30.400122999617235],[-97.4892969999884,30.40042000020438],[-97.49989800026647,30.405402999654726],[-97.50046104183727,30.404498111169353],[-97.49913399993375,30.406723000663664],[-97.4989755973393,30.406962646517677],[-97.49661299945535,30.410536999510718],[-97.49632499975938,30.41066000020243],[-97.49599599947929,30.410599999718507],[-97.49488700027757,30.41006900019961],[-97.48896500043548,30.41915599954718],[-97.49571500054427,30.422406999810864],[-97.49189299927433,30.428237000672805],[-97.49098900026038,30.42785099935832],[-97.48844399947363,30.4318230005791],[-97.48621400018875,30.430762000083064],[-97.48601899984757,30.43078800014189],[-97.48585199982877,30.430519999527075],[-97.4856559992184,30.430637999894095],[-97.48521899977017,30.43044699985945],[-97.48144600023542,30.436374000095775],[-97.46980399945666,30.430693000797334],[-97.46700800025486,30.434910000105177],[-97.46717499980193,30.43503400010503],[-97.46293699983867,30.441419000262893],[-97.46304999969698,30.441657999613785],[-97.46252899989491,30.442529000695398],[-97.46251500022252,30.442763000595626],[-97.46269800065771,30.44290999991118],[-97.46775399961835,30.44539300011346],[-97.46805699978064,30.445445000095017],[-97.46847699984362,30.445249999630303],[-97.4687289994079,30.445277000219015],[-97.47380064876334,30.447746596096852],[-97.47389799967064,30.447794000280876],[-97.47086299960536,30.452717000178627],[-97.47007700022371,30.453779000648115],[-97.46945700015236,30.455190999408472],[-97.46730399969918,30.464285999820262],[-97.46691699993431,30.46519000048342],[-97.47132599980917,30.466973999676647],[-97.47354899989125,30.466954999591245],[-97.47550199964112,30.46714499941549],[-97.47649199958951,30.46912599986757],[-97.4801229997731,30.47043199997293],[-97.48642900013726,30.46947299969023],[-97.4887020004048,30.473130999673103],[-97.49727699948642,30.47633499940797],[-97.49983099940052,30.47708299988558],[-97.50134800024001,30.47729200026352],[-97.50144800023902,30.477577999213338],[-97.50137399988843,30.477922999866333],[-97.5025510004382,30.48056700026666],[-97.50478999954791,30.48109499961909],[-97.51086200001356,30.485264999797696],[-97.52235699942284,30.476380999891],[-97.52344799984063,30.473553000399672],[-97.52526800020841,30.47381499992724],[-97.52702400038244,30.475137000452026],[-97.54344299987723,30.479425000599857],[-97.54749602029798,30.479977288729735],[-97.54949000034689,30.480249000045717],[-97.54932599999154,30.481129999498695],[-97.5515610002004,30.48624700019538],[-97.55296400032124,30.490294999485165],[-97.56345600016549,30.491832000867394],[-97.56376900043063,30.495556999241373],[-97.56523400073608,30.49574399974743],[-97.56525700042006,30.49584900038058],[-97.56888599957084,30.496161999718915],[-97.5682550003743,30.499725000655097],[-97.5702274228193,30.499999621805472],[-97.57951011366049,30.484177370410123],[-97.5980130560305,30.479645016646455],[-97.60687103282004,30.49030941380898],[-97.61518000047232,30.489526000483885],[-97.61580199991819,30.489584000477155],[-97.61754000008287,30.489420999496694],[-97.61864699983278,30.490376999723104],[-97.62787500054493,30.48527000044721],[-97.63249900017212,30.484110999720652],[-97.63304899988364,30.484155000048336],[-97.63442802091572,30.48381426514533],[-97.641281000236,30.482120999277967],[-97.64312999991733,30.479830999942273],[-97.64350399952585,30.47814699959863],[-97.64389799998627,30.47900599986484],[-97.64484199995971,30.47750499961184],[-97.64582299934057,30.477127999321464],[-97.64641055366207,30.477430474519718],[-97.64747799963858,30.47797999976626],[-97.64876100042514,30.47598700027916],[-97.65076100003994,30.475215000811904],[-97.65601099996913,30.477704999762867],[-97.6630039996857,30.466869000454068],[-97.6626519996883,30.466755999716803],[-97.67123922911064,30.4533520100724],[-97.67389599982972,30.449204999965332],[-97.67712999988288,30.44443900067999],[-97.67875599996731,30.442121000548052],[-97.68115699979892,30.443451999293305],[-97.68451599959222,30.438763999918223],[-97.6867090000399,30.43490200004367],[-97.68606199973648,30.434527999962693],[-97.68909999834597,30.429984177925345],[-97.689290000145,30.429699999269403],[-97.69430700021913,30.431929000234835],[-97.70094100030644,30.43488799949437],[-97.7051200003871,30.43463300008394],[-97.70656200050117,30.434694999484197],[-97.7110220000759,30.434506000400646],[-97.721771000316,30.434529000122055],[-97.72796099912162,30.437641000098573],[-97.72954800042578,30.429413000253057],[-97.73025660740278,30.42974079472438],[-97.73371799931698,30.431341999862603],[-97.73501499999557,30.429049000290306],[-97.7350999994547,30.42911100034004],[-97.7351310006778,30.42870300061858],[-97.73763200071562,30.429699000409816],[-97.73782799917069,30.429864000087832],[-97.73779700011367,30.429987999957312],[-97.7397340002596,30.43105399977886],[-97.74140799984563,30.432191000184883],[-97.74363299997243,30.43337500016899],[-97.74466999985798,30.432211999910926],[-97.74413799985538,30.431797000102883],[-97.74392100022347,30.431416999787025],[-97.74378299964187,30.430691000649063],[-97.74404700040844,30.43007800026716],[-97.74494500078711,30.428771999908406],[-97.74549399929923,30.427147000007512],[-97.74567300008854,30.427127000007868],[-97.75054399948245,30.41961600060999],[-97.75067700065853,30.419600999956785],[-97.75076499948725,30.419285000210618],[-97.7512779997612,30.41945699990225],[-97.75120799988453,30.419588999943585],[-97.75323599951713,30.420428000468284],[-97.75556800069157,30.421743999259483],[-97.76060599921651,30.4240800006095],[-97.76811599988785,30.412509999770382],[-97.76721200033798,30.412071999914524],[-97.76743599953534,30.41164000017151],[-97.76757600003161,30.411671999650164],[-97.76995599963315,30.40766300028812],[-97.76736099974346,30.40624899983547],[-97.77017065846753,30.401976041552096],[-97.77288700049013,30.397845000281322],[-97.78303299920881,30.402956999787186],[-97.7842029998199,30.4012339998204],[-97.78469800012341,30.400994999920368],[-97.78457100033955,30.40077200026133],[-97.78890100075562,30.394080999990152],[-97.8007209994008,30.399731000099955],[-97.80205661178715,30.3977424799744],[-97.80479999964685,30.3936580000557],[-97.80682899981329,30.393867000441514],[-97.80666100012427,30.392283000049222],[-97.80632199989422,30.391471000595587],[-97.81028099949775,30.38520099947826],[-97.81798499934193,30.385575000254395],[-97.81837099914243,30.3822410001717],[-97.81854200051282,30.3785210002291],[-97.81936900022126,30.370989999978935],[-97.81941900071782,30.36940000039299],[-97.81977799944757,30.366846000686163],[-97.82858600062153,30.3672799994023],[-97.82937399934593,30.365548000072437],[-97.83296600038808,30.355378000258337],[-97.83308100006565,30.35537900025044],[-97.83375699912118,30.353445000545417],[-97.83814200048282,30.346579000236268],[-97.84444800011246,30.33625499952364]],[[-97.71851399961525,30.229628000638662],[-97.71713799984862,30.231836000352963],[-97.71105000080426,30.229196000226537],[-97.70961599974315,30.231453999517395],[-97.71018000017305,30.23871699998704],[-97.70937699934825,30.24053200071095],[-97.7088320000128,30.240944999255877],[-97.70608099979461,30.244109000118],[-97.70277299961005,30.242969999996898],[-97.70499899983734,30.23950199923904],[-97.70506200045267,30.239041999965806],[-97.70213500068114,30.239299000431924],[-97.70245700011787,30.23771399984477],[-97.70071100029836,30.23770000030395],[-97.70001599998918,30.239220000001346],[-97.69903700019995,30.23881400004376],[-97.69879699985766,30.239196000068564],[-97.69860800062442,30.239149000030505],[-97.69811200043713,30.239926000670703],[-97.69827299970216,30.24000799999459],[-97.69483999974254,30.24224400055949],[-97.6947190000226,30.242186000395744],[-97.69453899971869,30.24370300042435],[-97.69504999989918,30.24464200026869],[-97.69484899941847,30.245316999389786],[-97.69838099975499,30.246308999716916],[-97.69958099990845,30.24690900012368],[-97.70048100071303,30.248708999385947],[-97.70138099968422,30.249808999908844],[-97.70187800041077,30.250203999877556],[-97.7052809992449,30.250608999778194],[-97.70444644089996,30.250509676780084],[-97.70319323555488,30.25110142135718],[-97.68652767907362,30.24554817332458],[-97.6892180000303,30.245195000718116],[-97.6892139996447,30.244950999881034],[-97.69017899977847,30.24521899998761],[-97.68985299999132,30.24349999990233],[-97.68903599961004,30.241828000086972],[-97.68790799936617,30.240347000040305],[-97.68174599957885,30.229538000001178],[-97.68050700048386,30.22756799968153],[-97.68024599980778,30.22674600009904],[-97.67858499932137,30.224138999735985],[-97.67797999948725,30.223637000494545],[-97.67180600055401,30.22045099939865],[-97.67246600005973,30.21963700015005],[-97.67264300006967,30.219629999584317],[-97.67640599982332,30.21632099966628],[-97.68014700019178,30.217305000209734],[-97.68043499924696,30.217555000519592],[-97.68129899992591,30.21736300006591],[-97.68318100080874,30.21741800004231],[-97.68318000013271,30.21752699944383],[-97.68373899959875,30.21742799980831],[-97.68364700058494,30.21770899982515],[-97.68368600004226,30.219884999505673],[-97.68432899988787,30.220499000507367],[-97.68498600027657,30.22057900066713],[-97.6854689994564,30.220603000259658],[-97.68674200002371,30.219965000099734],[-97.68687599961291,30.22001500017854],[-97.68796300003062,30.219207999945525],[-97.6903330000757,30.217931000386173],[-97.6919689998599,30.217249999781387],[-97.69128100013361,30.217815999312485],[-97.69120399969492,30.218267999707567],[-97.68823300058041,30.21956999999128],[-97.68026099997171,30.22396300003192],[-97.68310100068035,30.229360999870888],[-97.68749100029756,30.237096000175015],[-97.68745400003166,30.237329999874422],[-97.68784799961375,30.237743000734756],[-97.68851000007285,30.238902000247865],[-97.6906389996879,30.23715099969076],[-97.69168299994399,30.23564500025762],[-97.69079799961328,30.235112999479487],[-97.6918709995307,30.233583000464918],[-97.69118799971548,30.233223999983323],[-97.6930660000477,30.23088399985752],[-97.69209899993132,30.23023500037831],[-97.69521300074685,30.227417000273164],[-97.69503299962855,30.227367000374755],[-97.69675200035866,30.225949999295576],[-97.70074799960744,30.228092000669943],[-97.70247800019979,30.225207999608674],[-97.69789599966052,30.22327100069505],[-97.70196699999069,30.218214999826387],[-97.70708300047355,30.220478999738038],[-97.70449999925385,30.224374999973982],[-97.70676999985544,30.225444999785065],[-97.70428200001912,30.22933099994787],[-97.70206100058603,30.22827799960346],[-97.69767100034346,30.23520400043461],[-97.70119000018934,30.23682199973387],[-97.70193300012664,30.235658000620955],[-97.70330500059107,30.236341999798192],[-97.70725299989465,30.23043399988816],[-97.70923399997861,30.227183999745453],[-97.7159979996603,30.230514999913353],[-97.71699000029636,30.22893999998726],[-97.71851399961525,30.229628000638662]],[[-97.69539900018708,30.42121899958775],[-97.69311500002645,30.424051000220608],[-97.69525090050011,30.421402632852946],[-97.69539900018708,30.42121899958775]],[[-97.69236600039036,30.38193600069031],[-97.6882644166107,30.37996418335179],[-97.68798308028254,30.37982893221963],[-97.69236600039036,30.38193600069031]],[[-97.68958614457931,30.412785199120812],[-97.68666900021118,30.411420999796597],[-97.68865055724076,30.412347672740925],[-97.68958614457931,30.412785199120812]],[[-97.68586400002597,30.38315700024066],[-97.68498199939822,30.382564000420587],[-97.68532396859524,30.382793918252755],[-97.68586400002597,30.38315700024066]],[[-97.68034700043005,30.32535499960566],[-97.68033026915566,30.32538568395171],[-97.68030266683775,30.32522387531611],[-97.68034700043005,30.32535499960566]],[[-97.6801697908617,30.324830871567613],[-97.67998086454996,30.324621196662076],[-97.68015800061104,30.324795999856104],[-97.6801697908617,30.324830871567613]],[[-97.67937500003173,30.342887999553568],[-97.67932458560678,30.342903906784997],[-97.6763419997638,30.343845000198257],[-97.67937500003173,30.342887999553568]],[[-97.67768200027317,30.393088000186484],[-97.67763986456903,30.393002118562187],[-97.67736799996908,30.392448000056007],[-97.67768200027317,30.393088000186484]],[[-97.67198300057473,30.253295000143623],[-97.6719149997404,30.254357999967578],[-97.67190123708001,30.254375650783253],[-97.67198300057473,30.253295000143623]],[[-97.67185772148237,30.254431460181358],[-97.67169200019895,30.254644000180406],[-97.67132742231553,30.25492640627613],[-97.67185772148237,30.254431460181358]],[[-97.67099763013746,30.326484604894365],[-97.67025499978111,30.326745000118713],[-97.66939660290782,30.32693107095646],[-97.67099763013746,30.326484604894365]],[[-97.67065409767498,30.2554479710543],[-97.67014799953687,30.25584000031811],[-97.66984079791857,30.256020491029464],[-97.67065409767498,30.2554479710543]],[[-97.66870255379015,30.367999667228144],[-97.66863099997349,30.368248000735804],[-97.66810999914391,30.369144000115206],[-97.66870255379015,30.367999667228144]],[[-97.66643182569915,30.371757686124592],[-97.66629999946268,30.371963000057423],[-97.66597488762399,30.37228554017092],[-97.66643182569915,30.371757686124592]],[[-97.66573824185839,30.372520314002593],[-97.66566800022677,30.37259000000334],[-97.66556807485547,30.37263939620701],[-97.66573824185839,30.372520314002593]],[[-97.66562781149321,30.258852221942952],[-97.66488299961767,30.259537999577017],[-97.66259021998239,30.26125210741535],[-97.66258100001922,30.26125900036349],[-97.66562781149321,30.258852221942952]],[[-97.66212986320448,30.328198058137684],[-97.66171399953511,30.328253999433848],[-97.65487400003539,30.32872500001456],[-97.66212986320448,30.328198058137684]],[[-97.66116699964522,30.26228099948456],[-97.66100738844587,30.262245946524622],[-97.66114722993085,30.262264570343124],[-97.66116699964522,30.26228099948456]],[[-97.66116008706764,30.374839446181117],[-97.6605459993449,30.375274999427386],[-97.66004079430148,30.3757049294593],[-97.66018499992855,30.37552400007004],[-97.66099899952593,30.37491800006333],[-97.66116008706764,30.374839446181117]],[[-97.66111515120593,30.262237912097156],[-97.66085200010285,30.2621220002523],[-97.66080600045719,30.26198099986874],[-97.66111515120593,30.262237912097156]],[[-97.66074151110838,30.262187555962452],[-97.66069800040941,30.26217800037491],[-97.66054999956322,30.26192400024237],[-97.66074151110838,30.262187555962452]],[[-97.64097038523518,30.264365370316874],[-97.64090400090737,30.264355999940395],[-97.6407528394246,30.26418468397213],[-97.64097038523518,30.264365370316874]],[[-97.64067699762751,30.26409873012552],[-97.64064900076636,30.264067000419733],[-97.64062844682428,30.26394695520073],[-97.64067699762751,30.26409873012552]],[[-97.64065399939153,30.263486000359954],[-97.64059075491626,30.26372681575801],[-97.64057999958638,30.263663999295556],[-97.64065399939153,30.263486000359954]],[[-97.60176300026299,30.38395699948273],[-97.6006636940803,30.385876413008933],[-97.59993999940734,30.38714000032063],[-97.60176300026299,30.38395699948273]],[[-97.56459200052892,30.305002000373467],[-97.56039848047409,30.303160507123337],[-97.5603990001617,30.303159999409473],[-97.56459200052892,30.305002000373467]],[[-97.52911100046144,30.288887999745306],[-97.51363700043454,30.28190300021015],[-97.5263202641806,30.287628254909418],[-97.52911100046144,30.288887999745306]],[[-97.50207933142184,30.403606606933415],[-97.50179262880874,30.403504778207],[-97.50189099969073,30.403516000178747],[-97.50207933142184,30.403606606933415]],[[-97.50159118131774,30.4034817974427],[-97.50133806442794,30.40353856270552],[-97.50147900006677,30.403469000009114],[-97.50159118131774,30.4034817974427]],[[-97.50103500541746,30.40368814589195],[-97.50082383951457,30.40391504331478],[-97.50093399973953,30.40373800004785],[-97.50103500541746,30.40368814589195]]],[[[-97.81567782117602,30.253052054677273],[-97.81402498332294,30.248390226914392],[-97.8126433369095,30.248023095505122],[-97.8128280007349,30.24871199969726],[-97.81307800042308,30.249065000274413],[-97.81366199973327,30.251495999903096],[-97.81559499987273,30.253016999756035],[-97.81567782117602,30.253052054677273]]],[[[-97.80147581266131,30.245055658340704],[-97.79311650567814,30.24283442132708],[-97.79338200003606,30.24310400001838],[-97.79405299978899,30.243186999390336],[-97.79557599994162,30.243878000199807],[-97.7971830004694,30.244843000403705],[-97.7984930001813,30.245178999851095],[-97.80094499958034,30.245254999412087],[-97.80147581266131,30.245055658340704]]]]},"id":"scouting-1"},{"type":"Feature","properties":{"district_name":"Bee Cave","status":"Current assignment-derived planning region","derivation":"Assigned school-district polygons, subdivided by mapped schools only where a district spans multiple scouting districts","assignment_school_count":19,"school_district_count":2,"school_districts":"Eanes ISD, Lake Travis ISD","source":"CAC Schools monday.com table","source_updated_at":"2026-08-01T10:20:02Z"},"geometry":{"type":"Polygon","coordinates":[[[-98.12408699982413,30.321550999498996],[-98.08974000024672,30.297288000097986],[-98.0660320002912,30.279819999717706],[-98.01083099965648,30.24033900051438],[-98.01120000066898,30.24176399951852],[-98.0112530002731,30.242288000832353],[-98.0111510000425,30.242703999847507],[-98.01135400046131,30.242684999458323],[-98.01132100015862,30.243917000153118],[-98.01002800008956,30.244034000067934],[-98.00781900037418,30.243751000020687],[-98.00665899982262,30.244121000477108],[-98.00614399976999,30.244150000298603],[-98.00633200023658,30.244805999724665],[-98.00665499991959,30.245269000684388],[-98.00792499995339,30.24584599984451],[-98.00904600044623,30.24599699941909],[-98.0103319996099,30.246930999918213],[-98.01131900001012,30.24824499962842],[-98.01138399996528,30.248661000361846],[-98.00940600002171,30.24961800010097],[-98.0082849998375,30.249820999431844],[-98.00779700039845,30.25009399974415],[-98.00516600006898,30.25008800028978],[-98.00316299983633,30.251036000174956],[-98.00307400019753,30.251247999779665],[-98.0031420003478,30.251963999413295],[-98.00358900041483,30.25254000042933],[-98.0036120000734,30.25315600008852],[-98.00350399952234,30.25413499989517],[-98.00303799951209,30.25482800002685],[-98.00209099996377,30.25518899977489],[-97.99890099941676,30.255381999781406],[-97.9984539994012,30.25622800010801],[-97.99739499909519,30.256846999756334],[-97.99680900078863,30.25746399969982],[-97.99677399997904,30.25785599936769],[-97.99705899998304,30.258436999354032],[-97.99745599924029,30.258792000042043],[-97.9977789997703,30.259921999493386],[-97.99744999998332,30.26154199951904],[-97.99619300042188,30.26197500004941],[-97.99524199996553,30.261860000438233],[-97.99491200002427,30.261565999889605],[-97.99418900000843,30.261362999710933],[-97.99281000017118,30.2616520005071],[-97.99222799918024,30.262098999970338],[-97.99219400027359,30.26296999956625],[-97.99262900021141,30.263338000218003],[-97.99323299994944,30.263640000434368],[-97.99471599993095,30.2638229996535],[-97.99538699924771,30.26421399964777],[-97.99605399966795,30.26511199943423],[-97.99613299940745,30.26604799949635],[-97.99436100032172,30.26765399981868],[-97.99399300028776,30.267850000555807],[-97.99304999928277,30.26765500050557],[-97.9922040000176,30.267233999345905],[-97.99105200026423,30.26712100027979],[-97.98887399967376,30.267290000184534],[-97.98822300031682,30.267446999655373],[-97.98758199995788,30.268088000187],[-97.98692299929996,30.26926499956217],[-97.98678899962755,30.2701309996982],[-97.98691899980514,30.270697000007704],[-97.9866360001095,30.271350999873338],[-97.98609700051601,30.272289000263623],[-97.98532499941429,30.27312899961212],[-97.98489199999199,30.273416999330355],[-97.98437300014857,30.273352000295954],[-97.98358999985246,30.27293299954567],[-97.98283700034833,30.27230899951276],[-97.98237899946388,30.271636000052712],[-97.98224899941441,30.269989000187483],[-97.98252500045635,30.268480999994374],[-97.98259999960807,30.268297999761447],[-97.98283199939617,30.26819699990122],[-97.98294600008018,30.26738600063608],[-97.9820519999322,30.26610700024311],[-97.98118199963935,30.265418000173938],[-97.98006199959627,30.264945000277088],[-97.97957300017787,30.264978999599958],[-97.97879599934633,30.265811999713577],[-97.97811799992441,30.266183999795082],[-97.97747600041087,30.266907999818073],[-97.97717899988429,30.26760500009769],[-97.97713599949762,30.268129999439203],[-97.97751900045431,30.270678000294275],[-97.97687899948939,30.27204199986177],[-97.9763150001345,30.272358000506177],[-97.97573399938206,30.2724549998597],[-97.97504799991867,30.272342999197548],[-97.97457500073622,30.27205599978891],[-97.97390800027416,30.271140000068883],[-97.97361200048833,30.270041999453735],[-97.97323699954019,30.26952499980622],[-97.97271699969143,30.26916299912709],[-97.97208400000817,30.267708000272304],[-97.97146900016519,30.266789999790763],[-97.97046299995641,30.265489000140427],[-97.96968999944251,30.264938999824725],[-97.96911999955852,30.264724999889783],[-97.96792100010958,30.265155000110074],[-97.96664299917934,30.26532499933029],[-97.96629599933972,30.26580100024339],[-97.96587399990176,30.266843999574025],[-97.96599300025974,30.267797000101577],[-97.96625199982962,30.268297000020898],[-97.96620699980195,30.26857400041053],[-97.96581300041558,30.269496999959514],[-97.96554999968824,30.270553000079435],[-97.96486600007766,30.27117899974368],[-97.96443600033056,30.271241999902536],[-97.96269599993258,30.270904999456306],[-97.96014699911369,30.26979299969059],[-97.95986200033245,30.26953900021223],[-97.95923300004937,30.269395000197104],[-97.95831000081029,30.269209999559653],[-97.95722000049119,30.26917199963839],[-97.95632799955453,30.269434000478626],[-97.95618500029045,30.269919000597866],[-97.95649000006507,30.27033399926866],[-97.9565269998618,30.270987000321856],[-97.95696099991181,30.271704000015593],[-97.9578519999888,30.272306999743442],[-97.95916699984504,30.272852999986576],[-97.9598870003225,30.27297599985736],[-97.96015799982672,30.273231999965095],[-97.96045500026422,30.27389400021067],[-97.9604910004885,30.275000000230158],[-97.96021899978062,30.275500000444072],[-97.95986500035384,30.275672000001208],[-97.95964599976647,30.276004000456243],[-97.95847700010547,30.27638800002751],[-97.95767500010629,30.276900000351752],[-97.95693899982072,30.276886999800688],[-97.9551300006537,30.276461999685054],[-97.9543240000145,30.27605800032023],[-97.95245600062522,30.27597599956391],[-97.9518700001054,30.27555300033387],[-97.9499200000349,30.27629799997456],[-97.94845100022455,30.27670500045987],[-97.9477499998655,30.276839000058047],[-97.94681699947809,30.276772000142245],[-97.94531399999532,30.276245999708753],[-97.94367599984629,30.27518400055548],[-97.9421079990798,30.27613600047576],[-97.94191399957809,30.276534000555372],[-97.94197600020463,30.277188000137745],[-97.94231399983711,30.278224999890337],[-97.94284300067788,30.278819999544815],[-97.94320800027818,30.279615999564832],[-97.94316899979496,30.279827999977222],[-97.94222700014706,30.280828000151704],[-97.94188600037171,30.2809570003618],[-97.94046500011837,30.28106799997416],[-97.93961999994517,30.28098099951139],[-97.93691599979735,30.278934999361393],[-97.93585399987533,30.278290999963563],[-97.93360999977192,30.27740200003695],[-97.93274100051198,30.27734600017566],[-97.93240399953578,30.27769399999821],[-97.93223500035494,30.27869299989958],[-97.93228900024724,30.27927499962268],[-97.9325259998435,30.27998500022684],[-97.93312400006585,30.280462999801966],[-97.93370699972807,30.28134799992528],[-97.93187399999896,30.28173300018284],[-97.93150900010014,30.28147899960618],[-97.9311200002218,30.280552000023214],[-97.92960999998185,30.278872000772626],[-97.9296099995992,30.278108000167308],[-97.93070699982093,30.276703000399912],[-97.93060099995978,30.276437999812728],[-97.9272400005492,30.280959000529702],[-97.92912699996386,30.28214099961158],[-97.9292920007619,30.282996000056603],[-97.92923499990022,30.283437999572133],[-97.92680600000962,30.2824550000838],[-97.92619200070337,30.282063999975094],[-97.92580200023687,30.28216600027989],[-97.92478900056824,30.283216000119722],[-97.92462399956116,30.284473999584968],[-97.92481199930046,30.28560799990916],[-97.9250929996041,30.285990000704768],[-97.9258200004035,30.286354999754693],[-97.92603199972143,30.28713900056451],[-97.92572999924128,30.28763099941616],[-97.92546900037998,30.287782000611678],[-97.92486000051747,30.28852400059539],[-97.92439399992054,30.2887229994031],[-97.92307100028842,30.288963999436024],[-97.92195199963741,30.28864899994046],[-97.92142399939951,30.288348000565673],[-97.92177599961765,30.288233999969187],[-97.921744000211,30.288077000652613],[-97.9209850006381,30.286913999973038],[-97.92227100053498,30.286931999763638],[-97.92274900028092,30.286785000134877],[-97.92023700039614,30.28216099973158],[-97.91704100055235,30.282298999903965],[-97.91679499909033,30.28540099976481],[-97.91702000037083,30.28713600048217],[-97.91732999991655,30.288159999957877],[-97.91763999985166,30.288436999601377],[-97.91769299943589,30.289111000321423],[-97.9189520002361,30.290887999569566],[-97.91936599983104,30.291246000190746],[-97.91972299948897,30.290942000514903],[-97.91994800057573,30.291078000578732],[-97.91952199987472,30.290090999673424],[-97.92133700061613,30.29094899938124],[-97.92328999945273,30.291297999366385],[-97.92384300034263,30.29121700028026],[-97.92644099973391,30.292134000083944],[-97.92650699941422,30.292419000209048],[-97.9269259996291,30.29285600012547],[-97.92695000030537,30.29545699977376],[-97.92672199912995,30.29584199948108],[-97.92570799927192,30.296366000422356],[-97.92475199933013,30.29634700054541],[-97.92412400011514,30.295994000293536],[-97.92385300092661,30.295998999622142],[-97.92350599986511,30.295129000269927],[-97.9238599998305,30.294684999858134],[-97.92187099982179,30.2931460005442],[-97.9197970006769,30.291936999912622],[-97.91618500075421,30.297433000251164],[-97.91923100049843,30.299030000283455],[-97.91911799952108,30.299675999969317],[-97.91917999989796,30.30070599988909],[-97.91850500067395,30.301878999703607],[-97.91739600033159,30.302801000565914],[-97.91568399983976,30.303377999914275],[-97.91269899977297,30.305139999918353],[-97.91168899985625,30.306561000154637],[-97.9108389997452,30.306957000001272],[-97.90967799925662,30.3070809997047],[-97.90871900042421,30.306635000142045],[-97.90713188897143,30.304709292191234],[-97.90714000037526,30.304588000129307],[-97.90615099983229,30.304101999821874],[-97.90401400003775,30.30340699998833],[-97.90301700027022,30.302851999964176],[-97.89788000012413,30.298656000093537],[-97.89728699994251,30.297912999454844],[-97.8969770001429,30.296928000665247],[-97.89814900054111,30.295422000315767],[-97.89890700033509,30.29485299967958],[-97.89980200013696,30.294489999770573],[-97.90034400045175,30.2940799997795],[-97.90176600018084,30.29272600012763],[-97.90201000058876,30.292292999725944],[-97.90214000045705,30.291839000516045],[-97.9007000001821,30.289260000414693],[-97.89896800082566,30.289388999688637],[-97.89796900004146,30.289622999941805],[-97.89688300004553,30.29025400038477],[-97.89561100015524,30.29129999955256],[-97.89163799914381,30.29541499988318],[-97.89060800013773,30.295682000068226],[-97.8891960006556,30.295248000440406],[-97.88830699984433,30.294332000154107],[-97.8874090002511,30.293002999719082],[-97.88620699980257,30.28990500050182],[-97.88613099999405,30.289190999163583],[-97.88421299958522,30.286970999306543],[-97.8836910000481,30.286631000573326],[-97.88303699944662,30.286481000023578],[-97.88266400056023,30.28650199971231],[-97.88194799970549,30.286845000174363],[-97.88034899966351,30.288529999315088],[-97.88033399978686,30.28870899955603],[-97.880620999602,30.28911000059632],[-97.88054599986441,30.29010200022864],[-97.88050699943565,30.290379000022106],[-97.8801310002239,30.29084800011662],[-97.88146699951099,30.293574000359946],[-97.88149400081444,30.29480499991395],[-97.8812759999611,30.295706999628976],[-97.88004800000449,30.29631099935205],[-97.87960199989604,30.29683000053939],[-97.87919599969972,30.297729000151776],[-97.87783199928569,30.298615999933077],[-97.87617100078786,30.298988000233877],[-97.87570400085656,30.298873000237187],[-97.87465399933745,30.298320000060045],[-97.87425999988156,30.297917000230505],[-97.87326900015854,30.297316000267113],[-97.87083800031299,30.297157999916664],[-97.87043599996584,30.297328999845764],[-97.86981400027373,30.298197000675977],[-97.86946300055018,30.298486000448744],[-97.86876299918683,30.299987000138938],[-97.8681940002746,30.30066699975558],[-97.86801100048775,30.301077999840082],[-97.8680679997341,30.301581999645972],[-97.86858200036404,30.301816000072762],[-97.86842800060492,30.30269600047301],[-97.86842900059149,30.303647999741468],[-97.86910800037532,30.30454600026813],[-97.86939399969432,30.30539600079469],[-97.869094999269,30.306251000392717],[-97.8687149995962,30.30654600069152],[-97.86821000068525,30.30676800007668],[-97.86777999973005,30.306788999799814],[-97.86663900019853,30.306352000059796],[-97.86626799962744,30.30605100002068],[-97.86600300017112,30.30550499966875],[-97.8655350003959,30.305154999909494],[-97.8645969996979,30.30363900007048],[-97.86430099971908,30.30285700009399],[-97.86411700053635,30.301681000034442],[-97.86434500008642,30.301349999563797],[-97.86451299932956,30.300508999994683],[-97.86444499997853,30.299796000467268],[-97.86284100002034,30.297377000651615],[-97.86224099970063,30.296921999683168],[-97.86132900050913,30.29674499985381],[-97.86007200005052,30.29706600047703],[-97.85942599928937,30.29747800068886],[-97.8585780005946,30.298323000070297],[-97.85784799953989,30.300232999549866],[-97.85764799937833,30.301367999868337],[-97.85766699952057,30.303096999398853],[-97.8570919995928,30.30459699973256],[-97.85594899993846,30.305006000405747],[-97.85427699957276,30.304652999899215],[-97.8535350000672,30.30411800026566],[-97.85291900018188,30.302894000580736],[-97.85314599944579,30.302127999537436],[-97.85302699946243,30.301018999890825],[-97.85266299956649,30.300088999886498],[-97.85250900054017,30.298356999460605],[-97.85259899952173,30.297917000001913],[-97.85213100021669,30.297062999964123],[-97.85182800014877,30.29603899928493],[-97.85159900069868,30.293954999511875],[-97.85136999962342,30.293428999521538],[-97.85109999937971,30.293246000138822],[-97.85101099975398,30.292320000240437],[-97.850849999939,30.292079999866598],[-97.85000900030569,30.291489000515348],[-97.8471779999328,30.291064999670482],[-97.84674900012595,30.29119600017551],[-97.8466730001627,30.29146400021317],[-97.84557400089636,30.291940999268792],[-97.84498300051621,30.29249399970982],[-97.84480200016436,30.29283899951507],[-97.84433799970364,30.292717000242273],[-97.8433890000414,30.292748999587065],[-97.84295600007148,30.29234900076266],[-97.8432059997509,30.29056699974599],[-97.84380400005325,30.289894999813406],[-97.84500200059962,30.289001999762142],[-97.84578600033447,30.288764999626554],[-97.84682500019656,30.288189000026946],[-97.84709900013854,30.287803000746692],[-97.84804000032051,30.286989999500708],[-97.8504929998772,30.285668999611005],[-97.85202400054078,30.28422000010952],[-97.85253699917986,30.28291599994863],[-97.85238399997117,30.28191500012361],[-97.85182500040939,30.28165699976282],[-97.85112399991824,30.280642000038007],[-97.8497280001832,30.27944199963119],[-97.84933700061636,30.279303999297806],[-97.84902999946047,30.27940199977931],[-97.84844700024112,30.27917699998322],[-97.84757400044295,30.27850200062716],[-97.84640800051416,30.27724500034879],[-97.8463549995802,30.27665000048198],[-97.84595500032803,30.27574300026331],[-97.84537600018211,30.275344999451587],[-97.84458099933306,30.27422799989844],[-97.84433399995743,30.273558000044055],[-97.84364499970859,30.273063999432935],[-97.84325699946145,30.2730639998002],[-97.84225399973363,30.27361299937212],[-97.8416809993596,30.274027000116824],[-97.8414960006327,30.274456999777644],[-97.83987300010763,30.275628999917107],[-97.83800700048312,30.275548000131018],[-97.83643899981375,30.275035999727237],[-97.83412500024859,30.274029000159324],[-97.83140000007532,30.271094999960564],[-97.83119099948584,30.270453999663996],[-97.83071499963694,30.270008999984185],[-97.82888600001907,30.269881000431997],[-97.82612499967169,30.26997800002027],[-97.82495599978293,30.269693000011227],[-97.82441499926134,30.26893600001667],[-97.82391399960852,30.267917999524556],[-97.82338000082777,30.266176000727057],[-97.82338299940953,30.265553000304518],[-97.82300500020555,30.264501999247052],[-97.8230839999676,30.263139999892854],[-97.8236120003601,30.261907999667034],[-97.82362900060369,30.26056299999299],[-97.82258999943406,30.257830000428417],[-97.82179399993136,30.256600000357906],[-97.81917200004771,30.254530999831154],[-97.81559499987273,30.253016999756035],[-97.81366199973327,30.251495999903096],[-97.81307800042308,30.249065000274413],[-97.8128280007349,30.24871199969726],[-97.81238999988732,30.247078000079792],[-97.81125899998808,30.245114000200292],[-97.8109669995096,30.244325999826835],[-97.81065899988904,30.242593000010217],[-97.8108740002845,30.24076900002574],[-97.81036099948648,30.239759999835318],[-97.80968200054448,30.239542999674097],[-97.80890900028126,30.239811000531528],[-97.80801800014756,30.240567999803055],[-97.80641799981406,30.242443000708658],[-97.80587200005012,30.242917000131342],[-97.80303000033742,30.24447200008585],[-97.80094499958034,30.245254999412087],[-97.7984930001813,30.245178999851095],[-97.7971830004694,30.244843000403705],[-97.79557599994162,30.243878000199807],[-97.79405299978899,30.243186999390336],[-97.79338200003606,30.24310400001838],[-97.7929920001066,30.24270800037675],[-97.79262000047034,30.242061999841724],[-97.79226100005184,30.241846999646082],[-97.78985800078549,30.242102999647578],[-97.7889450001004,30.24320100034635],[-97.78870400054414,30.244455999398877],[-97.78889900032694,30.24560100031897],[-97.78947900021421,30.246395000010416],[-97.79045700045927,30.246964999891592],[-97.79093700007309,30.247081000366652],[-97.79216799954126,30.24783299938027],[-97.79348200054939,30.24804299984359],[-97.79602399943664,30.247670000671924],[-97.79667499958876,30.248148999654283],[-97.79677300004617,30.24874799934431],[-97.79607000011599,30.252273000250035],[-97.79613500060397,30.252587999201406],[-97.79577700051235,30.25335700006154],[-97.79453299998997,30.25406800047607],[-97.79382199937261,30.254176999894753],[-97.79089499937054,30.255186999709387],[-97.78517200022343,30.257509999667445],[-97.78457699923737,30.258101000390482],[-97.78427499991486,30.258697999702164],[-97.78418599989442,30.25919099996151],[-97.78433300008363,30.259537999571407],[-97.78472999993971,30.25983199963169],[-97.78518199975052,30.259924999765897],[-97.78555900029644,30.260306999976926],[-97.78537100041596,30.260654999866436],[-97.7848229998978,30.261095999523],[-97.7841509999433,30.2612839992865],[-97.78360400030817,30.261620999918577],[-97.782359000432,30.261796000232934],[-97.7808779998872,30.26255399958244],[-97.77960199984899,30.262877000308976],[-97.7781150004382,30.262844999234417],[-97.7756029994667,30.263529999573183],[-97.7742950007179,30.263307000513173],[-97.77381999995579,30.26340599996295],[-97.77296400017038,30.263327000204626],[-97.77294400050447,30.263643000552783],[-97.77316699972536,30.264028000594166],[-97.77269200038208,30.26402800003711],[-97.77271600063447,30.264249999996945],[-97.77316499986914,30.264402000630287],[-97.77320699991321,30.264752000258746],[-97.77586500002312,30.26468099992037],[-97.77638100052975,30.26484499995537],[-97.77714399923995,30.266045999967382],[-97.77713199969692,30.267165000348523],[-97.7768450004503,30.2675829995098],[-97.77795500008278,30.26832000036468],[-97.78038699996931,30.26701000052214],[-97.78062599964365,30.26725599967551],[-97.78140299991672,30.268372999913264],[-97.78103400005689,30.26864299991675],[-97.78115000007239,30.26865100005226],[-97.77714100015075,30.273722000154294],[-97.78692800071744,30.282930999391393],[-97.7873160005532,30.282601999573266],[-97.78918599953082,30.279280000580684],[-97.79099799964621,30.280117000413604],[-97.79031499971558,30.28122499967993],[-97.7897679997896,30.280979000547287],[-97.78956500046493,30.281312999877713],[-97.78882300000619,30.281012000219363],[-97.78848500034096,30.281617000365973],[-97.78888599937244,30.281787999508055],[-97.78850100018083,30.28269999987059],[-97.78790700040913,30.28324999993999],[-97.787809000005,30.283178000550638],[-97.78747899936569,30.28341899995683],[-97.78958699935475,30.285400000224183],[-97.78782800020446,30.288297999852524],[-97.78831499986138,30.289264000178697],[-97.79094400067457,30.290812999408107],[-97.7934869994349,30.28683599983103],[-97.79991500035592,30.289882999907594],[-97.79889199996957,30.291464000285217],[-97.7960039997521,30.292292999771593],[-97.79501599976392,30.293540999661545],[-97.7935839993557,30.294360999708346],[-97.79343400023986,30.295110999827987],[-97.79312600010643,30.295218999338672],[-97.79227600000502,30.29489799985029],[-97.79193800016004,30.294547000251736],[-97.79088500005952,30.29398200030141],[-97.7902989996628,30.294252000195126],[-97.7902129995435,30.294556999778077],[-97.79087200000241,30.29563900047461],[-97.79075099982488,30.296017999329887],[-97.79093799973947,30.296161999942548],[-97.79158400001499,30.29587700024006],[-97.79194199999485,30.29614000013486],[-97.79172299981052,30.296535999967244],[-97.79062699944129,30.297274000228867],[-97.79035500041499,30.29776299994225],[-97.78972399952069,30.297463000060283],[-97.78855000086706,30.297434000105753],[-97.78781399964082,30.29707500005362],[-97.78593500004041,30.296576000502714],[-97.78592099964062,30.297504999829833],[-97.78387100030982,30.300642999344966],[-97.78050499963955,30.304434999747812],[-97.77915299986552,30.306218999999896],[-97.77838100035956,30.307657000252775],[-97.77788400035733,30.308305999303386],[-97.77588400011624,30.313606000527216],[-97.77566099995445,30.318030000571703],[-97.7761210000547,30.32091800037911],[-97.77607199934876,30.322176999570758],[-97.77650299949383,30.323838000466072],[-97.7786009998109,30.328395999637458],[-97.77974700054195,30.330536999519527],[-97.78103900061203,30.33241599999114],[-97.78132600031684,30.333866000763198],[-97.78703099938026,30.343229000044033],[-97.78858200038592,30.34422300017436],[-97.79472700007895,30.348935000179978],[-97.80008899993362,30.351591000295397],[-97.802378999731,30.35217100044457],[-97.80407499973303,30.35227700068535],[-97.80568599964877,30.352022000452873],[-97.80693700068048,30.351498999368566],[-97.80802799999528,30.350399000009485],[-97.80901100007816,30.349653000343828],[-97.80951199983929,30.349154000474574],[-97.8102589996512,30.348027999977184],[-97.81244099961448,30.344134999720463],[-97.81424699986894,30.341821000334743],[-97.81913799989739,30.336510999945055],[-97.82459799961505,30.330115000210903],[-97.82566100043208,30.32907000074945],[-97.83063599966492,30.32522600051838],[-97.83137500025653,30.32496000006032],[-97.83587800007703,30.323921000574195],[-97.83859000032183,30.324014999888433],[-97.83989000018711,30.324347000069423],[-97.84072399953025,30.324713999861796],[-97.84148800005644,30.325145000296413],[-97.84266800004059,30.326220000441843],[-97.84403200009274,30.32950599939707],[-97.84435700017622,30.33090499936179],[-97.84444800011246,30.33625499952364],[-97.84519299943909,30.340398000520228],[-97.84571099922299,30.341435999710047],[-97.84639700016595,30.344831000091155],[-97.84721299948919,30.346772999856984],[-97.84719799964154,30.347238000022827],[-97.84738200003711,30.347746999881586],[-97.84880900070304,30.34986700001909],[-97.84968599981792,30.350743999827078],[-97.85063100001167,30.351292000310792],[-97.85078599966187,30.351602999833744],[-97.85338800060694,30.353156999498857],[-97.856211000289,30.35445900010597],[-97.85735199992453,30.354818999939052],[-97.8586219994916,30.354950999153495],[-97.8607639999198,30.354725000106704],[-97.8622229997896,30.354251000115376],[-97.86639999984487,30.351633000593377],[-97.87441700084761,30.346169000564814],[-97.880487000219,30.34400300006483],[-97.88496500069749,30.343288000108437],[-97.8908599994169,30.34275400054298],[-97.89292899933128,30.342388000063597],[-97.89663200013631,30.34146099994855],[-97.8992391629239,30.340118945521557],[-97.89988699920913,30.339902999955083],[-97.9091870008022,30.331603000248514],[-97.91488699931939,30.32780300044595],[-97.91788700010325,30.326602999505806],[-97.92468700054907,30.32600299984332],[-97.93008700005987,30.328503000020476],[-97.93398799997756,30.331402999873934],[-97.9346879998266,30.33570299957442],[-97.9322900002375,30.33838800014629],[-97.92182200077306,30.349228000488147],[-97.91789800008841,30.3523369994341],[-97.91641600021362,30.35396900058512],[-97.9155170003919,30.355361999631185],[-97.91443700010797,30.357410999390936],[-97.9139109996238,30.35870399998062],[-97.91331200012145,30.360423000289213],[-97.91297899957654,30.362237000101267],[-97.91323600020785,30.3634729999992],[-97.91343700035775,30.366112999741198],[-97.91369799961595,30.366998000625035],[-97.91388200016668,30.36883100046883],[-97.9138150001976,30.369803000470167],[-97.91432900052797,30.37580399977276],[-97.91448299971344,30.384780999938467],[-97.9134049995232,30.38827200032558],[-97.91109400021038,30.390491999833394],[-97.90955800087974,30.390975999726482],[-97.90625299995284,30.392465000591553],[-97.90392399995807,30.393239999939894],[-97.899983999144,30.394238000487725],[-97.89872199964248,30.394353000104452],[-97.89679299942738,30.395053999901457],[-97.89303600057669,30.396719000727717],[-97.89072700025449,30.39816099990172],[-97.88843700019034,30.399865999997107],[-97.88711499972035,30.40281400005992],[-97.8878050000271,30.40534100072966],[-97.89079199982089,30.406208000284632],[-97.89317600069424,30.4053410001542],[-97.89630800021175,30.403582000007184],[-97.89846100084611,30.403011999573597],[-97.90059699967112,30.403322999930374],[-97.90278200016843,30.404639000179028],[-97.90298200056456,30.40458100046967],[-97.90311900030932,30.404854000568633],[-97.90632199945925,30.406930000097976],[-97.90748900057525,30.40873400046713],[-97.90785099957117,30.41068300049331],[-97.90781199964503,30.412213999611925],[-97.90723899984094,30.41541000013629],[-97.90576699972905,30.421292000011434],[-97.90665499966768,30.42145399929977],[-97.9075270004607,30.42193400052603],[-97.91094799954624,30.425217999452602],[-97.91399699965491,30.42759699928989],[-97.9149020008778,30.429235000003263],[-97.91609599940985,30.430824999909895],[-97.91719800039148,30.431968000228554],[-97.91822500016427,30.43280700007386],[-97.92067099977122,30.434481999520628],[-97.92086500016141,30.43495600016084],[-97.92653099931154,30.436630999660675],[-97.92915999925837,30.437855999786468],[-97.931081000323,30.43835500017134],[-97.93729399956113,30.43863699976677],[-97.94037100075082,30.43744499946839],[-97.94324999959385,30.437430000029202],[-97.94794799956397,30.43499200003287],[-97.94976199970553,30.43314699993176],[-97.95088500006864,30.43179600011103],[-97.95223399977182,30.429629999722557],[-97.95288199951418,30.427539999732065],[-97.9532109999028,30.42585400042273],[-97.95333500061969,30.42388500042152],[-97.95308100020625,30.42281899971452],[-97.95146800028748,30.420358000438007],[-97.95124999991968,30.419783000287456],[-97.95008200044482,30.417910999868454],[-97.94795799947465,30.415205000131547],[-97.94263499959061,30.407390999253032],[-97.94023899932992,30.4059079992318],[-97.93979900025921,30.40555999943772],[-97.93936099964239,30.404927999971196],[-97.93925599991904,30.404104999627076],[-97.93936300002292,30.40307299973617],[-97.93963099984015,30.402239999960074],[-97.93986000016437,30.400461000275534],[-97.94056799948014,30.39807399966311],[-97.94222899936236,30.396693999718938],[-97.94456499986634,30.395267999534948],[-97.94576899990415,30.394755999756416],[-97.94799100063786,30.394193999888756],[-97.94999600009702,30.39398700002096],[-97.95171099946417,30.394076999399008],[-97.95315200033792,30.39444199965449],[-97.95725299989054,30.396297000137558],[-97.95859999997771,30.396625000328914],[-97.96076100037669,30.39678100000244],[-97.96358600022239,30.396404999771814],[-97.96614900061256,30.395811000090028],[-97.96800000062277,30.39490100051867],[-97.97147999956508,30.393571999619535],[-97.97364700007229,30.39238299955551],[-97.97437599989748,30.391513000397055],[-97.97628600013526,30.38851700020224],[-97.97869799953529,30.386075999414256],[-97.9800110004557,30.384984999815625],[-97.98075300000939,30.384152000092808],[-97.98079600043023,30.383875999810986],[-97.98209499949445,30.383126000603465],[-97.98350099986473,30.382053000294793],[-97.9869369998638,30.37858600049529],[-97.99147099940998,30.37649200032522],[-97.99564799978313,30.374836999909036],[-98.00030999982533,30.374351000236466],[-98.01013399988805,30.374275000192466],[-98.01264100069065,30.3745169994851],[-98.01468199978697,30.375286000455322],[-98.01586599950228,30.376575000276148],[-98.01689699986902,30.37909300055602],[-98.0169130000449,30.38055799999206],[-98.01639099914544,30.381241999418652],[-98.00698800075396,30.390705000294464],[-98.0021649997989,30.39473499961912],[-97.99781999978657,30.396887000270013],[-97.99583200033724,30.398039000040914],[-97.99433399952981,30.39915200041664],[-97.99088000077917,30.400820999637514],[-97.98893999989987,30.40160999984944],[-97.98670399980901,30.40397399989305],[-97.98565400083827,30.405735999970474],[-97.98454700022276,30.408165000423],[-97.98442999924026,30.408740000144316],[-97.98491499954842,30.409943000253307],[-97.9861980001054,30.41210400038732],[-97.98713799973072,30.413189999970978],[-97.98829199945753,30.414112000549043],[-97.98906200037504,30.414239000137297],[-97.99054999929614,30.41437900023296],[-98.00643199975651,30.413716999697115],[-98.0222769999419,30.414593999858493],[-98.02736500064297,30.41516499994113],[-98.02982400066072,30.41565600062615],[-98.03185100061027,30.416119999888735],[-98.03348100039261,30.416863000423348],[-98.03522099990019,30.418126000331757],[-98.03649000001256,30.41930799939538],[-98.03776699923198,30.421087000200465],[-98.0377319999375,30.421925999960965],[-98.03745999975249,30.422981999789805],[-98.03464399915592,30.429774000001654],[-98.0338300001374,30.43101099964205],[-98.0294490004862,30.436481000342997],[-98.02720400042456,30.437679999551186],[-98.02059100019014,30.442973999758934],[-98.01918999987559,30.443840999657734],[-98.01801300025004,30.444854999376894],[-98.01412100048815,30.449956000518906],[-98.01227599962175,30.45125600025295],[-98.00962399923145,30.451871000220013],[-98.00550300004971,30.45218899968588],[-98.00156600041987,30.45526400008861],[-98.00075999966687,30.45617900051878],[-98.00011199946711,30.457382000307692],[-97.9993190003283,30.45945800005625],[-97.99877200059856,30.46189999985532],[-97.99912399978363,30.46422900000461],[-98.00063800028056,30.46736499990129],[-98.00083100012341,30.4672659999354],[-98.00103400005912,30.467658999822174],[-98.00264700010703,30.47082899923865],[-98.00398899979672,30.474100999847863],[-98.00493299967906,30.475796000465753],[-98.00643800007249,30.47731900058345],[-98.00681499917908,30.477900000148168],[-98.00917799995109,30.479844999424827],[-98.01288700021249,30.48151800003819],[-98.01565700006074,30.48199600007294],[-98.01831899995169,30.48184799987474],[-98.02068299919289,30.481052000107503],[-98.02185999989969,30.480324000110578],[-98.02459200037748,30.477647000410986],[-98.02615400027211,30.47521500007955],[-98.0268749999391,30.47349800015627],[-98.02955399937161,30.463984999607845],[-98.03021899928115,30.462911000679668],[-98.032066999879,30.45794799959676],[-98.03326200000245,30.455617999983108],[-98.0335719999082,30.4546289998571],[-98.0342120000132,30.453893000227666],[-98.03421200042372,30.453572999972426],[-98.03494800001067,30.452676999396168],[-98.0352840004741,30.45194099957394],[-98.03558699960242,30.451951999896412],[-98.03601099979542,30.451375999839392],[-98.03590800018893,30.451140999855294],[-98.036051999873,30.45077300039233],[-98.03675600024879,30.4501009997147],[-98.0370660002194,30.449489000557364],[-98.03733499977747,30.44850800028375],[-98.03902299990908,30.446485000089076],[-98.0423010004534,30.4429550005577],[-98.04975800001168,30.43684399970579],[-98.05745000022787,30.432575999986856],[-98.06090600002213,30.430138999794224],[-98.06221799997812,30.42950200047597],[-98.06358599931582,30.42911599963441],[-98.0650119996789,30.428909000070764],[-98.06632599982487,30.428998999952903],[-98.06756199988511,30.428756000024677],[-98.06897900034147,30.429119999702806],[-98.07010000008752,30.42979899942069],[-98.07165399983766,30.431737000028868],[-98.07260800047223,30.433695000539647],[-98.0729329995452,30.43497299982317],[-98.07300700000403,30.437474000334902],[-98.07352399997123,30.440023999845877],[-98.07389600018506,30.440905999672808],[-98.07483300048312,30.442179000182772],[-98.07721900002319,30.444627000372673],[-98.07738700030025,30.44499400001807],[-98.08092300009395,30.447568999525913],[-98.08241600006907,30.448065000136495],[-98.08321099958,30.44795599934559],[-98.08490699946633,30.448269999479006],[-98.08538999926172,30.447230000725423],[-98.08418199962911,30.443126000234837],[-98.08367599944157,30.44199500035411],[-98.08368600009031,30.441380000815165],[-98.08267599959315,30.439155000399968],[-98.0823950004996,30.437676999766484],[-98.08270900059132,30.436583999281748],[-98.08768599997813,30.433462000767584],[-98.08930500042739,30.431886999924668],[-98.08981299923413,30.429929000473866],[-98.08942499995547,30.428741000701415],[-98.08865199982289,30.426783000061427],[-98.08665899994742,30.423810999872483],[-98.08467700033029,30.42263300022701],[-98.08269000013877,30.42193499992019],[-98.0783759997589,30.420904000041503],[-98.07607799993609,30.42014400016137],[-98.07519300034649,30.419512000191695],[-98.0738109999531,30.417366999796595],[-98.07320999972758,30.41496499949221],[-98.07327000066653,30.41459800011032],[-98.07313399982019,30.414649999441426],[-98.07215899988803,30.41125499947413],[-98.07000199991528,30.408084000181276],[-98.08103200010007,30.408052000408762],[-98.08117599978547,30.40693899990887],[-98.08320699959123,30.405861999815926],[-98.08457699951974,30.404905000197598],[-98.08812800061493,30.401861999742298],[-98.08954500025504,30.40086599979457],[-98.09034499937549,30.399347000017535],[-98.09089399972532,30.39919700007437],[-98.09093900060131,30.398860999907985],[-98.08933700043006,30.39719900036455],[-98.08655800003503,30.39377899943909],[-98.08626399967044,30.39289100005042],[-98.0861489993609,30.392048000252853],[-98.08624799984993,30.391280000217705],[-98.08621200024784,30.389354999333978],[-98.08726899988785,30.390076999302227],[-98.0880249993845,30.391081000516376],[-98.08987199948699,30.39258100011601],[-98.09189700023154,30.393917999664502],[-98.09349200008987,30.39450099985221],[-98.09377599928216,30.394773999549866],[-98.09428399950662,30.39498399995922],[-98.09549599991404,30.395172999654275],[-98.09613499995257,30.39570999956106],[-98.09787900055046,30.39616099988554],[-98.10031699996941,30.397468999936002],[-98.10300599989306,30.4001140002061],[-98.10523800081049,30.40174700046841],[-98.106213000767,30.402316000672638],[-98.10825199986802,30.40236600017069],[-98.1089030006653,30.40185700023547],[-98.10951299930431,30.4009219996287],[-98.10979800026728,30.40031199923106],[-98.11123899995289,30.392484000405577],[-98.11085300007804,30.390663999561806],[-98.10936599983368,30.387722000188955],[-98.10877099934227,30.386029000202566],[-98.10857899984828,30.384285999960795],[-98.10916599972603,30.382233999556895],[-98.11007000035427,30.38118699973701],[-98.11127800006437,30.380370000381458],[-98.11478600017696,30.379031000247604],[-98.1190370001672,30.377675999687977],[-98.11889499970646,30.376707000185476],[-98.11903600026855,30.37593899981627],[-98.11897899976782,30.37476499921834],[-98.11859199980647,30.372025000408662],[-98.11636799995188,30.35996599984068],[-98.1144209999928,30.35908200019539],[-98.11409999950436,30.359228999730657],[-98.11199800028218,30.362282000578567],[-98.11175899966615,30.362932000203692],[-98.11141500001581,30.363207000280834],[-98.10130899974473,30.35828599962309],[-98.10206199946862,30.357049000472433],[-98.09966000029392,30.3559580003398],[-98.09501100014137,30.353550000113227],[-98.0958280003784,30.352511000232358],[-98.10772900001146,30.346518000386926],[-98.09972300013432,30.33432299976865],[-98.1038890002811,30.33196099960868],[-98.12408699982413,30.321550999498996]]]},"id":"scouting-7"},{"type":"Feature","properties":{"district_name":"Chisholm Trail","status":"Current assignment-derived planning region","derivation":"Assigned school-district polygons, subdivided by mapped schools only where a district spans multiple scouting districts","assignment_school_count":75,"school_district_count":4,"school_districts":"Hutto ISD, Pflugerville ISD, Round Rock ISD, Taylor ISD","source":"CAC Schools monday.com table","source_updated_at":"2026-08-01T10:20:02Z"},"geometry":{"type":"Polygon","coordinates":[[[-97.83370900022376,30.431298000713202],[-97.82080999942771,30.425135000193723],[-97.8205940000772,30.42493800012927],[-97.80952700026228,30.41956199930589],[-97.80954399980604,30.419024000310397],[-97.80902100004955,30.418829000417485],[-97.8079009999514,30.41890399986234],[-97.8076122740765,30.418873711164238],[-97.8064329999424,30.418749999777994],[-97.80596600043465,30.41845199940342],[-97.80647900006073,30.41767199973961],[-97.80405199990872,30.417119999950398],[-97.80536913464447,30.415081555605628],[-97.80834500067083,30.410475999994965],[-97.81166899993747,30.404984999966523],[-97.80200899934628,30.40022099995424],[-97.8007209994008,30.399731000099955],[-97.78890100075562,30.394080999990152],[-97.78457100033955,30.40077200026133],[-97.78469800012341,30.400994999920368],[-97.7842029998199,30.4012339998204],[-97.78303299920881,30.402956999787186],[-97.77288700049013,30.397845000281322],[-97.76847257063142,30.40455851123891],[-97.76736099974346,30.40624899983547],[-97.76995599963315,30.40766300028812],[-97.76757600003161,30.411671999650164],[-97.76743599953534,30.41164000017151],[-97.76721200033798,30.412071999914524],[-97.76811599988785,30.412509999770382],[-97.76060599921651,30.4240800006095],[-97.75556800069157,30.421743999259483],[-97.75323599951713,30.420428000468284],[-97.75120799988453,30.419588999943585],[-97.7512779997612,30.41945699990225],[-97.75076499948725,30.419285000210618],[-97.75067700065853,30.419600999956785],[-97.75054399948245,30.41961600060999],[-97.74828934396301,30.42309264161925],[-97.74567300008854,30.427127000007868],[-97.74549399929923,30.427147000007512],[-97.74494500078711,30.428771999908406],[-97.74404700040844,30.43007800026716],[-97.74378299964187,30.430691000649063],[-97.74392100022347,30.431416999787025],[-97.74413799985538,30.431797000102883],[-97.74466999985798,30.432211999910926],[-97.74363299997243,30.43337500016899],[-97.74140799984563,30.432191000184883],[-97.7397340002596,30.43105399977886],[-97.73779700011367,30.429987999957312],[-97.73782799917069,30.429864000087832],[-97.73763200071562,30.429699000409816],[-97.73711069512056,30.42949139534944],[-97.7351310006778,30.42870300061858],[-97.7350999994547,30.42911100034004],[-97.73501499999557,30.429049000290306],[-97.73371799931698,30.431341999862603],[-97.72954800042578,30.429413000253057],[-97.72796099912162,30.437641000098573],[-97.721771000316,30.434529000122055],[-97.7110220000759,30.434506000400646],[-97.71073345471719,30.434518227937318],[-97.70656200050117,30.434694999484197],[-97.7051200003871,30.43463300008394],[-97.70094100030644,30.43488799949437],[-97.689290000145,30.429699999269403],[-97.68606199973648,30.434527999962693],[-97.6867090000399,30.43490200004367],[-97.68451599959222,30.438763999918223],[-97.68115699979892,30.443451999293305],[-97.67875599996731,30.442121000548052],[-97.67712999988288,30.44443900067999],[-97.67531964282962,30.44710695376602],[-97.67389599982972,30.449204999965332],[-97.6626519996883,30.466755999716803],[-97.6630039996857,30.466869000454068],[-97.65968846752362,30.472006581702857],[-97.65846564009489,30.47390141335016],[-97.65601099996913,30.477704999762867],[-97.65076100003994,30.475215000811904],[-97.64876100042514,30.47598700027916],[-97.64747799963858,30.47797999976626],[-97.64582299934057,30.477127999321464],[-97.64484199995971,30.47750499961184],[-97.64389799998627,30.47900599986484],[-97.64350399952585,30.47814699959863],[-97.64312999991733,30.479830999942273],[-97.641281000236,30.482120999277967],[-97.63304899988364,30.484155000048336],[-97.63249900017212,30.484110999720652],[-97.62854230760509,30.485102740622402],[-97.62787500054493,30.48527000044721],[-97.61864699983278,30.490376999723104],[-97.61754000008287,30.489420999496694],[-97.61580199991819,30.489584000477155],[-97.61518000047232,30.489526000483885],[-97.60701148952415,30.490296170809586],[-97.60683300074672,30.490312999673588],[-97.60687103282004,30.49030941380898],[-97.5980130560305,30.479645016646455],[-97.57951011366049,30.484177370410123],[-97.5702274228193,30.499999621805472],[-97.57207600052102,30.500257000003685],[-97.5682550003743,30.499725000655097],[-97.56888599957084,30.496161999718915],[-97.56525700042006,30.49584900038058],[-97.56523400073608,30.49574399974743],[-97.56376900043063,30.495556999241373],[-97.56345600016549,30.491832000867394],[-97.55296400032124,30.490294999485165],[-97.5515610002004,30.48624700019538],[-97.54932599999154,30.481129999498695],[-97.54949000034689,30.480249000045717],[-97.54344299987723,30.479425000599857],[-97.52702400038244,30.475137000452026],[-97.52526800020841,30.47381499992724],[-97.52344799984063,30.473553000399672],[-97.52235699942284,30.476380999891],[-97.51086200001356,30.485264999797696],[-97.50478999954791,30.48109499961909],[-97.5025510004382,30.48056700026666],[-97.50137399988843,30.477922999866333],[-97.50144800023902,30.477577999213338],[-97.50134800024001,30.47729200026352],[-97.49983099940052,30.47708299988558],[-97.49727699948642,30.47633499940797],[-97.48909199946098,30.47329199991068],[-97.4887020004048,30.473130999673103],[-97.48642900013726,30.46947299969023],[-97.4801229997731,30.47043199997293],[-97.47649199958951,30.46912599986757],[-97.47550199964112,30.46714499941549],[-97.47354899989125,30.466954999591245],[-97.47132599980917,30.466973999676647],[-97.46928600028943,30.466073000028796],[-97.46656700035088,30.465081999683314],[-97.46393300019618,30.460643000623758],[-97.4597840003972,30.458316999871546],[-97.45339000001763,30.46130599982287],[-97.44893899992988,30.46122899996228],[-97.44562799983585,30.461404000038744],[-97.44506699989773,30.458559000585236],[-97.44494900057548,30.456124999435016],[-97.44423899979137,30.45594500023088],[-97.44148200010378,30.470601999779575],[-97.44078099918413,30.470589000350156],[-97.44038800046147,30.4707599996613],[-97.44019100005202,30.470936000178618],[-97.44005100018423,30.471496999834653],[-97.43914999995951,30.47195900055974],[-97.43841299970573,30.47186000032153],[-97.4379310006737,30.47128199977262],[-97.43765800071033,30.471160999162354],[-97.43725799992899,30.471216000124702],[-97.43567699942041,30.47186000032485],[-97.43521999994175,30.471776999811983],[-97.43492800032433,30.47151300001719],[-97.43493400011658,30.471117000656253],[-97.435486000144,30.47036899991804],[-97.43552399956413,30.469873999630824],[-97.43518799962163,30.46979200027197],[-97.43444499978659,30.47009399947843],[-97.43410199982769,30.469599000289424],[-97.43329599948764,30.469323999845855],[-97.43268699970052,30.46933499970378],[-97.43226700041843,30.46949500034757],[-97.43146700045354,30.47024200011729],[-97.43044499985267,30.470346999505587],[-97.42991200059427,30.469543999925236],[-97.42995699960606,30.468829000292843],[-97.42977900002622,30.468604000521104],[-97.42932200049627,30.468554000206808],[-97.42832499988509,30.4691369997826],[-97.42808999990125,30.46913100007357],[-97.42751200041972,30.468796000461218],[-97.42731599977279,30.46801500026353],[-97.42674099954186,30.467800999928407],[-97.4232749995043,30.486612999456764],[-97.43034400059408,30.48755299983356],[-97.43036599908675,30.488588000180123],[-97.42882999932682,30.49786899975686],[-97.42850500048094,30.499208999962494],[-97.42719600006062,30.499433000524977],[-97.42459599940904,30.49841599984753],[-97.41858000059177,30.497590999931035],[-97.41754699972851,30.502614000364993],[-97.39948999984472,30.500126999981887],[-97.40123099911759,30.49045900003025],[-97.40259799997376,30.48585000010221],[-97.4043079998289,30.476578999868806],[-97.40439600037784,30.47473700019575],[-97.40465500053526,30.47468800059391],[-97.4056619999914,30.468433999484244],[-97.40482799999573,30.46839000031421],[-97.4041489996852,30.4680270001804],[-97.40355199934257,30.46804299995865],[-97.40313300002235,30.46788899974412],[-97.40145700020443,30.46832800012715],[-97.39891099940606,30.468475999696235],[-97.39851100049451,30.468795000641613],[-97.39827599970023,30.469235000042698],[-97.39830700007764,30.46981799935476],[-97.39856700043673,30.47065899978984],[-97.39838299931941,30.470911999883217],[-97.39795799928267,30.47093900052928],[-97.39772299968125,30.47035600023929],[-97.39720900069695,30.47000400062656],[-97.39673899988347,30.47026799998915],[-97.39621200057299,30.470267999887998],[-97.39602799963238,30.470455000740564],[-97.39595200010123,30.470862000549765],[-97.39553200075595,30.471086999826657],[-97.39461800054745,30.471306999901177],[-97.39407799991072,30.471741000295285],[-97.39395100043502,30.472153000735968],[-97.3943509998423,30.472669999664728],[-97.39407799982685,30.472818999921444],[-97.39353800059746,30.472603999215146],[-97.39303700067877,30.47197700020514],[-97.3925220002923,30.472240999801972],[-97.39146799988417,30.472371999409436],[-97.3901670002152,30.472063999480202],[-97.38953199991346,30.472272999412],[-97.38805300029155,30.472332999283523],[-97.38526600032912,30.471357999563146],[-97.38355199951278,30.471148000259927],[-97.383101000334,30.47085099951626],[-97.38322899991806,30.470174999723653],[-97.38210500002256,30.470086000150626],[-97.3813689999471,30.469497000122242],[-97.38112200009009,30.46893100019929],[-97.37917900000171,30.468687999750774],[-97.37866500007883,30.468830999826594],[-97.37851199921202,30.46906700044548],[-97.37856299972478,30.469869999874884],[-97.37898099916534,30.47071699963725],[-97.37882200081967,30.471256000098336],[-97.37822500034945,30.47155299946298],[-97.3777039997898,30.47163999968568],[-97.37723399998882,30.471925999656303],[-97.3768339993821,30.472222999967315],[-97.37675099982738,30.47259700052768],[-97.37647200008398,30.472860999571697],[-97.37598299973939,30.47285499997456],[-97.3757099998041,30.47260200042048],[-97.3759520001658,30.473856000048617],[-97.37648999954861,30.47393299980852],[-97.37717600003882,30.4735650000352],[-97.37749400039438,30.473663999840195],[-97.37735999981918,30.474702999748605],[-97.37696599975118,30.474846000750905],[-97.3765980004403,30.4746590001337],[-97.37590599971026,30.474702999941908],[-97.3752510003844,30.475142000012266],[-97.37492899992928,30.475084999494808],[-97.37460500021272,30.474748999299756],[-97.37432499939685,30.474754999896476],[-97.37236400060151,30.475772999945196],[-97.3722749999579,30.47599899976561],[-97.37238899967839,30.47614199985564],[-97.37294199996448,30.47605300000481],[-97.37399600004281,30.47638799929041],[-97.3739329993195,30.476872000241276],[-97.37363499907607,30.47706499992528],[-97.37299299994706,30.477136999624353],[-97.3723199999801,30.476576000430274],[-97.37145600016484,30.47640600079953],[-97.37099299959459,30.476504999843957],[-97.37075799994892,30.47670900042393],[-97.37100000041866,30.47719300024257],[-97.37091100005824,30.477396000466165],[-97.36977399965303,30.477264000209033],[-97.3692220003639,30.477468000142146],[-97.3690510000491,30.47772699984015],[-97.36928600054452,30.478607000701427],[-97.36949600025778,30.47871099964858],[-97.37046699992679,30.478452000056638],[-97.37063199975552,30.47877099964028],[-97.37062000015219,30.479271000446083],[-97.37028299935608,30.479452999893592],[-97.36922900002298,30.47960699972806],[-97.368638999783,30.48016899995431],[-97.36810000020986,30.480482000548108],[-97.36670900006908,30.480509999641278],[-97.36645500016289,30.480653000495924],[-97.36578899980216,30.48182500053954],[-97.36609399937156,30.48270500057205],[-97.36603200009463,30.484069000767665],[-97.36523799971687,30.484767000418785],[-97.36478099996916,30.48492700063338],[-97.364101999984,30.48485000086892],[-97.36363199951678,30.484404999269504],[-97.36336500004978,30.484317000055835],[-97.3629580001562,30.48376700035244],[-97.3625389999821,30.483696000579098],[-97.36215199956906,30.484404999975407],[-97.36226000007355,30.484877999840172],[-97.36271100038654,30.485313000421947],[-97.36269899929273,30.485560000057568],[-97.36255299992607,30.485626000502496],[-97.36157500031058,30.485473000263898],[-97.36085100021772,30.48507099950564],[-97.36013999912952,30.484984000083827],[-97.35971399941907,30.484428000280936],[-97.35921199958597,30.484087000044962],[-97.35795500008788,30.48352699967817],[-97.35683099963923,30.484143000485435],[-97.35710499944486,30.485529000415752],[-97.3574989995961,30.486442000490623],[-97.35719999983287,30.48661199977105],[-97.35632399942854,30.486744000065595],[-97.35594300002691,30.487068999942952],[-97.35607000032493,30.487590999786942],[-97.35594999952565,30.48799299951054],[-97.35605200033113,30.488256999894155],[-97.35593099953248,30.489192000497297],[-97.35525199958612,30.49018200018206],[-97.35521400008211,30.490853000311045],[-97.35474500036342,30.491386000002755],[-97.3537610001534,30.49177699929103],[-97.35330400037583,30.492338000022247],[-97.35356400013902,30.49298699975589],[-97.35402099973838,30.493174000657362],[-97.35426300065781,30.493663000056262],[-97.35456100072648,30.493762000836718],[-97.35438400067781,30.494400000161907],[-97.35462499974196,30.494778999929395],[-97.35452399962618,30.495417000329855],[-97.35356499999389,30.49601199957797],[-97.3531660001922,30.49729900001157],[-97.35318499941106,30.497799000262265],[-97.35338200046537,30.49818900010725],[-97.35339499958377,30.49883300033522],[-97.35403599983145,30.4993389999653],[-97.35406800052688,30.499493000472114],[-97.35371899976556,30.49966300032335],[-97.35372300076247,30.500070999842258],[-97.35359600048561,30.50020299942363],[-97.3526820001496,30.50019800068244],[-97.35243400004917,30.500742000228854],[-97.35240899993231,30.50101700035977],[-97.3526189994791,30.501231999326546],[-97.35314599945148,30.501226000439896],[-97.35375500046149,30.500830000217],[-97.35407900017668,30.501275000044657],[-97.35374899959541,30.501995999830466],[-97.35349500016913,30.502116999487026],[-97.3529550001124,30.50208400030483],[-97.35266299983893,30.502386999434954],[-97.35262600055293,30.50366199971571],[-97.35296899986824,30.503936999797645],[-97.35340099971799,30.503937000066543],[-97.35349599944031,30.504145999916574],[-97.35305199996343,30.505010000402226],[-97.35277899961291,30.505202000499942],[-97.35232199997972,30.50522399976677],[-97.3522140000331,30.505366999518106],[-97.35228400012699,30.505713999896628],[-97.35277299978448,30.506203000257315],[-97.35297000010556,30.50630200042923],[-97.3532240003055,30.506207999513393],[-97.35337599999708,30.506378999978278],[-97.35331300091246,30.506604000105867],[-97.35298899995517,30.506906999125903],[-97.35249999992897,30.507022000742356],[-97.3526399997934,30.507533999971457],[-97.35288799983049,30.507699000517995],[-97.35359299950703,30.507666000594234],[-97.35393600010839,30.508303000004304],[-97.35380899965827,30.508611000318158],[-97.35343499985451,30.508820000057987],[-97.35328900028262,30.509826999833773],[-97.3530159997162,30.51030000014281],[-97.35309900050453,30.510711999415722],[-97.35363199954821,30.511284000071143],[-97.35363299974433,30.511619999788763],[-97.35264800000826,30.512417000141447],[-97.35228000072716,30.513457000420523],[-97.35145500030987,30.51381399991119],[-97.35076099995746,30.513614000149282],[-97.34473800016008,30.4990970003312],[-97.32735600017865,30.50449299987641],[-97.32636800023273,30.504975000762126],[-97.32624400072166,30.50551500040729],[-97.32685399998212,30.506136000247878],[-97.32783800004934,30.508364000364317],[-97.32711099966215,30.508547999830892],[-97.32729900093511,30.509071999621163],[-97.32813100043958,30.508840000064033],[-97.32925399979975,30.50961800001181],[-97.33239799969377,30.513888999321377],[-97.33561299969558,30.516413999861676],[-97.33706400024708,30.51788600034884],[-97.3391469999568,30.5203130002941],[-97.34268599954285,30.52303599939327],[-97.34373100020017,30.52543799978712],[-97.34414800062356,30.525965000076724],[-97.34650800071236,30.532368999710684],[-97.34681800059563,30.532496999613393],[-97.34754900021613,30.53239699984662],[-97.3479110006457,30.53249100079795],[-97.34941599934312,30.53179800025244],[-97.3504139997072,30.53199499989444],[-97.3509789996608,30.53228099938573],[-97.35127200022357,30.532682000166805],[-97.35188800084336,30.533078000390336],[-97.352098000213,30.533429999932746],[-97.35270100053897,30.5337650001825],[-97.35296200048052,30.53431000007186],[-97.35396599967972,30.534518000555984],[-97.35439199999028,30.534793000259473],[-97.35520500003071,30.535046000490123],[-97.35572600066996,30.535446999818678],[-97.35638100017827,30.536287999932902],[-97.35664800065592,30.536375999385854],[-97.3569590006005,30.536255000511506],[-97.35772800017071,30.53683799999519],[-97.358128000227,30.53733299978382],[-97.35972299973797,30.537085000334464],[-97.36082200008508,30.537920000122874],[-97.36095600061739,30.538283000398955],[-97.36140700075016,30.538661999508818],[-97.36250600011363,30.53859099982321],[-97.36391699989576,30.53884800031089],[-97.36443800017571,30.538539999724094],[-97.36495300065458,30.53918899958113],[-97.36598199975266,30.539689000808572],[-97.36634500017138,30.5402939993615],[-97.36702499964366,30.54076100042397],[-97.36714600023734,30.54111299990085],[-97.36680900067164,30.541739999961457],[-97.3676610001626,30.54292199985686],[-97.36805499983632,30.54270200007704],[-97.36873499970406,30.54277900017332],[-97.36922400038894,30.5424150006138],[-97.36959899939627,30.542586000491386],[-97.36989699951103,30.542420999468085],[-97.3705010001522,30.54265700017476],[-97.3710280002364,30.542530000123303],[-97.37152400050644,30.54292000013865],[-97.37179099987867,30.542776999696393],[-97.37208300040069,30.543179000435135],[-97.37353899987876,30.54380499933925],[-97.37351399994022,30.544267000117486],[-97.37434600040845,30.544646000129966],[-97.37444200030544,30.545003000065424],[-97.3749059993265,30.545162999818356],[-97.37494399943941,30.545327000015092],[-97.37533600002203,30.545137999769963],[-97.37559600044837,30.545214999611865],[-97.37588800031057,30.545094000137425],[-97.37645999992482,30.545402000327186],[-97.3764849991874,30.54564399979891],[-97.37622499991576,30.545754000495187],[-97.37626299975868,30.545925000163393],[-97.37682800011538,30.546838000401245],[-97.37769100092468,30.54750900041111],[-97.37781199928259,30.54748199981988],[-97.37790100019302,30.54679399987578],[-97.37818700016946,30.546822000356347],[-97.37868300018737,30.546591000113597],[-97.37894999977898,30.546740000045947],[-97.37949600015928,30.547372000475885],[-97.37983899925776,30.548257999650218],[-97.38079100030119,30.54938599947326],[-97.38086700022984,30.549771000619337],[-97.38138400000459,30.55013200013877],[-97.38056000009709,30.550217000250235],[-97.38095299992509,30.5550759995697],[-97.38160200003871,30.56066300019742],[-97.38140399977667,30.56072599991167],[-97.38325100011768,30.572917999941673],[-97.38295300024342,30.574213999907194],[-97.38342200023177,30.577546999912524],[-97.38396599971705,30.580227000036906],[-97.38441700034822,30.585492000494924],[-97.38045400018825,30.586672000076373],[-97.38140699964016,30.589256000601242],[-97.37406599999348,30.591602999290007],[-97.37549199933173,30.594800000166295],[-97.38202700012224,30.592876000223622],[-97.39056399941262,30.613221999718366],[-97.38405400029067,30.61524700002841],[-97.38640099996583,30.62077000043666],[-97.39288699951538,30.61871399978883],[-97.39456699996653,30.622697999931106],[-97.40094500012384,30.62078900031927],[-97.40304300092517,30.62613700007909],[-97.40315800055971,30.62610000019198],[-97.4059889991332,30.632895000281824],[-97.39971299998513,30.634860999845515],[-97.40139200030865,30.638955999940496],[-97.40300300015863,30.63842599914279],[-97.4059109994507,30.645157999449538],[-97.4017779999028,30.64812999992491],[-97.40248400015034,30.649534000373478],[-97.39670799916465,30.66424899982996],[-97.39729999979208,30.66463900010484],[-97.398207999509,30.66474599980417],[-97.39833300038397,30.664647000433337],[-97.39833700006325,30.664303000641727],[-97.39878999992614,30.664338000628444],[-97.39929999997621,30.66439899990736],[-97.40064699978805,30.66487799962041],[-97.40174499984333,30.66504100031462],[-97.4028130000475,30.66570099997379],[-97.40362300059805,30.66560600003186],[-97.40391200010342,30.66537500043194],[-97.40414599974912,30.66477499937137],[-97.40406700026425,30.664455999980714],[-97.40301700007188,30.663379999764086],[-97.40185499971047,30.66251799967624],[-97.40020699967566,30.662240999270477],[-97.39927199986145,30.66185900002366],[-97.39899500009359,30.661590000510838],[-97.39894300007391,30.661127999610404],[-97.39925399976306,30.660350999888376],[-97.40012699978669,30.659954000410988],[-97.40067300041456,30.659848999853494],[-97.40393100035675,30.65931499996396],[-97.40545100004151,30.65923799956497],[-97.40652200014384,30.6593259999517],[-97.40700799956079,30.659251999942885],[-97.40758499990348,30.658960000093302],[-97.40762699952072,30.658683000162945],[-97.40724800010935,30.657680999804807],[-97.4065030001408,30.656931000415245],[-97.40557099960593,30.656601999951654],[-97.40508800047238,30.655633999695013],[-97.40508300031372,30.655328000634128],[-97.40523299978246,30.65510499934965],[-97.4060210003902,30.654447999844464],[-97.40606000019612,30.653915999598972],[-97.40556099972423,30.65348700001107],[-97.40550099921762,30.65318100044595],[-97.40568599995746,30.652892000702735],[-97.40750900000276,30.651919000617404],[-97.408186000051,30.6516860000421],[-97.40905500014242,30.652076999190836],[-97.41007100013651,30.65219999981905],[-97.41110199955047,30.652584999446336],[-97.41349699978623,30.652833999858707],[-97.4151290001709,30.65250599994481],[-97.41553700013095,30.652279999961817],[-97.4163449995636,30.651296999603936],[-97.4164680003247,30.650649000579318],[-97.4163119997956,30.650092000169316],[-97.41591899989929,30.649410999573846],[-97.41574299970885,30.6485089992303],[-97.41581000039739,30.648061999836543],[-97.41667899951354,30.646905000242324],[-97.41710699921465,30.6460419997717],[-97.41852000052107,30.64467099943694],[-97.42012200015643,30.64451699943904],[-97.42065899952445,30.644687999471216],[-97.42059400043904,30.64612300011019],[-97.42024200037156,30.646771000335786],[-97.41992600004743,30.646983000586616],[-97.4199059997895,30.647342000121906],[-97.42041300019793,30.64772600036181],[-97.42153599938374,30.647973999747304],[-97.4220320005423,30.64835999948912],[-97.42301200091688,30.64825499953201],[-97.42514799980503,30.647761000002344],[-97.42594400003843,30.647010999486827],[-97.42631799986606,30.647215000360696],[-97.42684400030821,30.647884000332553],[-97.42693599986595,30.64854400029917],[-97.42683200073621,30.649162000092666],[-97.42634700028323,30.650116999735257],[-97.42635700035638,30.65030400008032],[-97.42681400076602,30.650637999995336],[-97.42846900062837,30.651386000170998],[-97.428753999383,30.651218000490577],[-97.42882799924618,30.650899999677186],[-97.4291029995088,30.65065000071522],[-97.43055499994824,30.650040999940355],[-97.43122500010656,30.650141999821244],[-97.43221100034316,30.649784999892287],[-97.43230299996509,30.649631999785626],[-97.43222800034344,30.6492459998941],[-97.43091299926907,30.647397999926675],[-97.43089900013621,30.64700500006055],[-97.43118799993823,30.646186000710838],[-97.43210199992814,30.64530599988557],[-97.43347400017062,30.644434999739914],[-97.43426999924564,30.64430100015904],[-97.43683400069676,30.644753999597796],[-97.43828899946607,30.644333000468038],[-97.43951599958652,30.644188000363815],[-97.441387000145,30.644953000056493],[-97.44191999981977,30.644982999686842],[-97.44276400006468,30.644209000019647],[-97.44335200022022,30.64394599976957],[-97.44432400050056,30.643756000160153],[-97.44510200065818,30.643433999851524],[-97.44594699968206,30.64358900015213],[-97.44787200066956,30.643164999720263],[-97.44883599984693,30.642186000541937],[-97.44949500076326,30.64107000025285],[-97.44951000047261,30.640470000503942],[-97.44972900050011,30.639969999570177],[-97.45001400004502,30.639926000629433],[-97.45098099936745,30.64023900011186],[-97.45192999999723,30.64017200042301],[-97.45268899975308,30.64057900011472],[-97.45571500080779,30.640717999731248],[-97.45640400014692,30.640489000125278],[-97.4572510001435,30.639657999962278],[-97.45762000056517,30.63874699975443],[-97.45765000000155,30.63818600061744],[-97.45744600017225,30.637778000116988],[-97.45699600027226,30.637707999542226],[-97.45615700011969,30.637851000373708],[-97.45515000060391,30.637040000292576],[-97.4550979998823,30.6363380003091],[-97.45532899953571,30.63596000009905],[-97.4569970006148,30.634428999609742],[-97.45994100031578,30.633567000572853],[-97.46176999966886,30.6313600004316],[-97.46227599954233,30.631044999776154],[-97.46279000035219,30.63093300017137],[-97.4647370003081,30.631122999899446],[-97.46589099980956,30.632075999794353],[-97.46854800016287,30.632851999525712],[-97.46977700084302,30.632825000571472],[-97.47015199949074,30.63260399964572],[-97.47054499960018,30.63214399990679],[-97.47102600082287,30.630937999725045],[-97.4716220004245,30.63020099975241],[-97.47372900055969,30.62905600034187],[-97.47488899962559,30.62863200022297],[-97.47570300040172,30.628879000021918],[-97.47652200064753,30.628795999331434],[-97.47905900030271,30.62748699987633],[-97.47989100026452,30.627515000096192],[-97.48169100070118,30.62793999944628],[-97.48326200007787,30.628039000310558],[-97.48482200014031,30.62709500000522],[-97.48538900011764,30.626877000527433],[-97.48763800035064,30.626939000749886],[-97.48895699974143,30.626775000209317],[-97.49034299982495,30.626949000215934],[-97.49538199998696,30.628378000651292],[-97.49612000067319,30.628275000074808],[-97.49679200013935,30.627995999911064],[-97.49827600031851,30.628083999794356],[-97.49863000008334,30.627973999707613],[-97.49893799973283,30.62762499997752],[-97.50011300032494,30.62686900015679],[-97.50158300081465,30.626787999980408],[-97.50275500065906,30.62710500035419],[-97.50328799956138,30.627380000125264],[-97.50381999994468,30.627781999744563],[-97.50542999934743,30.62971799968348],[-97.50575800015483,30.629933999773186],[-97.5070250007073,30.630111000393597],[-97.50832800067155,30.63054799919188],[-97.50896199953112,30.630883999568525],[-97.50970199947113,30.631600000271842],[-97.51116899966239,30.632317000000388],[-97.5130229997152,30.63254700005824],[-97.51529400012913,30.63228200030488],[-97.51676199983658,30.631494000073108],[-97.51793400008266,30.631039999744978],[-97.51945099990712,30.63122099970908],[-97.52000500001168,30.63036299985937],[-97.52036000024754,30.630063999388202],[-97.52224699963361,30.62949400083057],[-97.52469200083834,30.629065000083568],[-97.52673100005167,30.629199000086516],[-97.52710000001936,30.62935600017001],[-97.52784200005829,30.630032999795166],[-97.52907699968395,30.630816000173287],[-97.52955600000726,30.63091899996397],[-97.53088299946744,30.63083499982709],[-97.53199899967582,30.630917999980213],[-97.53285099967927,30.631765999941567],[-97.53523399971061,30.633089999805485],[-97.53785099990968,30.633774999653795],[-97.53854399928872,30.634282000134235],[-97.5408709998912,30.635379999947702],[-97.54211099976477,30.635693000591285],[-97.54347099983539,30.635704999600655],[-97.54553099972809,30.636317000084723],[-97.54743200052644,30.63643400029252],[-97.55224600039122,30.636227000224974],[-97.55900400020599,30.634981999822635],[-97.56090600075845,30.63497399954241],[-97.56275900001806,30.635382000148354],[-97.56398500014666,30.635814999484122],[-97.56741800025364,30.63639200000323],[-97.5678670006065,30.6360859998457],[-97.56855599938646,30.636128000004756],[-97.56911500017011,30.633481000292104],[-97.57088100019735,30.631924999941536],[-97.57205100012219,30.630394000026342],[-97.57458199946336,30.629610000115505],[-97.5822510003523,30.628756999294882],[-97.58346800046498,30.628915999567297],[-97.58598500045888,30.628788000078416],[-97.57463400054631,30.601678000096893],[-97.59644900003451,30.5948099998674],[-97.59348499964044,30.58781100028873],[-97.59893100057964,30.58615800020369],[-97.60015599960494,30.589123000381665],[-97.60935300007242,30.58623600009549],[-97.60853499917339,30.584341000238968],[-97.61396799977138,30.58260400001637],[-97.60762199994554,30.56752699983274],[-97.61431300003578,30.583400000017726],[-97.61766499995103,30.591351999881272],[-97.63201538897125,30.586878090324788],[-97.64189500051914,30.58379800040833],[-97.64387199942846,30.587663000341976],[-97.65460700038673,30.58437599964147],[-97.65442399994751,30.58393600077628],[-97.65606800035579,30.58356799960288],[-97.6609929998153,30.581933999417394],[-97.66336500059285,30.581433000306223],[-97.66989000026375,30.580468999672405],[-97.66839900081385,30.57668699969016],[-97.67318407725139,30.575525316791545],[-97.67528200045332,30.57501599963891],[-97.67509999958618,30.57458099999909],[-97.67525899963994,30.57449200027534],[-97.67515399932998,30.57412100046892],[-97.67617300002325,30.573808000264343],[-97.67663999954189,30.573879999450266],[-97.68453499995628,30.571440999385523],[-97.68470400018272,30.571413000301842],[-97.68506399957393,30.57248200006792],[-97.6856479999108,30.573582999759132],[-97.69225627550182,30.57156589201105],[-97.6921959995629,30.574710000502037],[-97.6971959997973,30.57355600045315],[-97.70233635915896,30.57209224164131],[-97.70302200024824,30.571896999807898],[-97.7041019998979,30.574995000119475],[-97.71659799998959,30.57104999933577],[-97.7320830003738,30.566464000215507],[-97.75031799978751,30.560773999809424],[-97.7482369998231,30.555839999627796],[-97.74450656560889,30.54634317860738],[-97.74099399986041,30.537401000212014],[-97.73850500012699,30.530759999250904],[-97.74882100022505,30.528051999966863],[-97.75147400007339,30.52718999988585],[-97.75246799996152,30.527949000735973],[-97.75319200075019,30.528305000023128],[-97.75598399945636,30.529330000181933],[-97.7553310002707,30.527967000556632],[-97.75459700065169,30.52688799998034],[-97.75480727310402,30.526751045688364],[-97.7550529994806,30.526590999607432],[-97.75795599959608,30.52685800000869],[-97.75931400060051,30.52725499982392],[-97.76527899966545,30.52807000005534],[-97.76639800004115,30.528349999717122],[-97.76798700021544,30.52832099932722],[-97.7661580003381,30.52394099995781],[-97.76819199988019,30.524173999500693],[-97.7674110008827,30.522291000169204],[-97.76746000017584,30.522043000073378],[-97.767249999719,30.52190799971852],[-97.76654099947154,30.52019599964357],[-97.76643300002404,30.52016300056808],[-97.76640999967763,30.519877999480997],[-97.76393899998514,30.51393299941137],[-97.76417200055947,30.51385599960451],[-97.76321500014829,30.511730000018364],[-97.76223199980292,30.509095000090028],[-97.75913599976587,30.50208300002041],[-97.75905899997531,30.501126000355647],[-97.76096699999532,30.50051099952355],[-97.76311599994999,30.50013999930517],[-97.76607300009776,30.499096999991313],[-97.76705900063047,30.498954999354666],[-97.7670570000678,30.498845999702024],[-97.76880800012128,30.49817899972353],[-97.77212571384203,30.49705300551822],[-97.77469800033765,30.496180000813098],[-97.77637018755419,30.49564938614627],[-97.7901619997387,30.491272999486423],[-97.80192900093684,30.487739999353018],[-97.80134099991716,30.488203000240457],[-97.80685526879748,30.486261924335007],[-97.81131799995248,30.484690999865144],[-97.81310547644938,30.484118271680853],[-97.81841199982547,30.48241800009499],[-97.8155189999271,30.475657999875303],[-97.8151529995223,30.475356999377894],[-97.81528000041537,30.475312000572714],[-97.81506700059293,30.474669000350932],[-97.81335802481574,30.47052516637213],[-97.81062200058626,30.463890999685717],[-97.81349826080637,30.46297713659745],[-97.81999799981047,30.460911999542848],[-97.82206999988472,30.459157999650806],[-97.82306799998993,30.458049000477665],[-97.82599200078705,30.455315000344974],[-97.82586800046063,30.454927999927378],[-97.82515899957342,30.454578000412237],[-97.82804399967334,30.45017899922813],[-97.82316500004407,30.447556999862943],[-97.82339495332225,30.447205441717212],[-97.82666899981318,30.442200000079232],[-97.8267550005845,30.442236000234203],[-97.83370900022376,30.431298000713202]],[[-97.61448900007298,30.551683999661513],[-97.61390700059164,30.53462900012817],[-97.6143907045703,30.548803533602477],[-97.61448900007298,30.551683999661513]],[[-97.59616200036626,30.50148099991789],[-97.59351760387175,30.500496494273907],[-97.59352299945164,30.500496999471306],[-97.59616200036626,30.50148099991789]],[[-97.59318825953392,30.50046565719881],[-97.59131399962341,30.500908999703768],[-97.59298900009944,30.500447000196274],[-97.59318825953392,30.50046565719881]],[[-97.48434500084554,30.47817199990154],[-97.48408113443874,30.478529846302827],[-97.48407900022872,30.47845200020424],[-97.48434500084554,30.47817199990154]],[[-97.47452600047748,30.58860799997739],[-97.47439044881172,30.588851992052938],[-97.47437700020623,30.58882000026177],[-97.47452600047748,30.58860799997739]]]},"id":"scouting-9"},{"type":"Feature","properties":{"district_name":"Colorado River","status":"Current assignment-derived planning region","derivation":"Assigned school-district polygons, subdivided by mapped schools only where a district spans multiple scouting districts","assignment_school_count":48,"school_district_count":12,"school_districts":"Bastrop ISD, Dime Box ISD, Elgin ISD, Fayetteville ISD, Flatonia ISD, Giddings ISD, La Grange ISD, Lexington ISD, McDade ISD, Round Top-Carmine ISD, Schulenburg ISD, Smithville ISD","source":"CAC Schools monday.com table","source_updated_at":"2026-08-01T10:20:02Z"},"geometry":{"type":"MultiPolygon","coordinates":[[[[-97.64936999956636,30.067944000778102],[-97.64386300052988,30.063338000516186],[-97.64319399975157,30.062564999696793],[-97.63779600055616,30.058193999644907],[-97.63777700026675,30.057894000471872],[-97.63077099985236,30.051980000044455],[-97.62273099998144,30.045503999736596],[-97.62104499985836,30.043929000399558],[-97.6149169998476,30.038905000190056],[-97.60296399986969,30.028754000284444],[-97.60243999969687,30.028300000018394],[-97.60227599943752,30.027993000306864],[-97.60155599939411,30.027656999696077],[-97.59939800026059,30.025754999872497],[-97.59934699947179,30.025420999951095],[-97.59307899975488,30.02004399977161],[-97.58607199940296,30.014274999964073],[-97.57312099947248,30.002908999438713],[-97.57141100023884,30.0014820006483],[-97.56819099944764,29.999127999624342],[-97.54843199981471,29.98240099972321],[-97.54790100061236,29.982194000719485],[-97.53754000012307,29.973427000002985],[-97.53752600037176,29.973169999704993],[-97.51322200037835,29.952730999403407],[-97.50027299984036,29.94163499972237],[-97.49594200033384,29.938195999890027],[-97.4636559999164,29.91103599972699],[-97.43794700041633,29.889215000088292],[-97.424098999953,29.87767200017024],[-97.41507100067373,29.86989599999105],[-97.38867900010231,29.847680999635067],[-97.38711000011665,29.846217999559617],[-97.38543899982629,29.84496600010246],[-97.3567380002343,29.82098099953036],[-97.35167100027637,29.81693200011731],[-97.3446480002553,29.810780999940143],[-97.31582299986854,29.78654099945698],[-97.16534600033634,29.922972999498562],[-97.31789300046542,29.7846580002553],[-97.27268599992573,29.750228999881134],[-97.27044099991663,29.74896499980312],[-97.24579299994507,29.730281999779145],[-97.23310900009588,29.72093599927171],[-97.20940799995263,29.703056999571604],[-97.2014660001058,29.69721000037381],[-97.18506699964482,29.68457800052901],[-97.18146400044223,29.68167100002803],[-97.15967800074912,29.66538700024118],[-97.13624999968046,29.647665000474316],[-97.1362279996028,29.647498999786123],[-97.13344400036094,29.645805999923446],[-97.13118800018742,29.643762000525456],[-97.13051700042718,29.643296000506517],[-97.14326200065594,29.62808899955779],[-97.0814249992792,29.629191000215638],[-97.04938499920469,29.629554999884988],[-97.03947499948485,29.630025999789883],[-97.02106000061943,29.63015299919655],[-97.00120200035575,29.63073999928888],[-96.99512600041659,29.63108100017123],[-96.98884500004154,29.631080999765633],[-96.96363399959029,29.631505999783293],[-96.95362899929091,29.631415000529792],[-96.94942200008813,29.631591000210676],[-96.92721699970751,29.631985999587208],[-96.92693499936448,29.631679999735507],[-96.90133500035742,29.632369000070856],[-96.88703600031722,29.632359999999625],[-96.87422199968587,29.63270600048314],[-96.87422160008651,29.632706408998875],[-96.869116,29.637928],[-96.85493000635408,29.65242846148536],[-96.80637000018825,29.702072000719593],[-96.80601800069508,29.709121999984045],[-96.81029100061006,29.708067000034987],[-96.81041900041403,29.711493000221694],[-96.81351199982308,29.7114819997015],[-96.82107599957443,29.711751999910593],[-96.82109899997258,29.71296500002775],[-96.8207449993509,29.714468999937605],[-96.81415599957063,29.714607000079393],[-96.81416500008369,29.725965999922597],[-96.820506000525,29.72583299991407],[-96.82054900003753,29.732137999874826],[-96.81749500029535,29.732181000553652],[-96.81738900030649,29.746461999289554],[-96.81748200038557,29.74929699974502],[-96.82623900062362,29.749163000053795],[-96.82635800049229,29.779250000042243],[-96.82629199995402,29.762574000088325],[-96.8169380005861,29.762735000307654],[-96.81676999958619,29.762909999551503],[-96.81677900009943,29.764418000080322],[-96.79221100049762,29.76547100010221],[-96.79004600072402,29.763272999333644],[-96.78215999977196,29.76803599967533],[-96.78155700020656,29.767067999974863],[-96.76875100074031,29.767300000292526],[-96.76888000027026,29.77561200041549],[-96.76899900009023,29.77586199992652],[-96.74125200036195,29.787873000374876],[-96.73827900009896,29.787530999859456],[-96.7288640004406,29.79185500008825],[-96.72840800001467,29.791318999814273],[-96.72824199968457,29.792798999419297],[-96.72754700002204,29.791167000315347],[-96.72756899919331,29.79090999974992],[-96.7259079995807,29.788299999663078],[-96.72597600048718,29.787819000622758],[-96.72433699989934,29.78527800010252],[-96.717043,29.792706],[-96.715154,29.795169],[-96.71450865102385,29.795868545875003],[-96.71434000067393,29.796079000180956],[-96.71410093075798,29.79631050679953],[-96.7043828527868,29.80684471636503],[-96.69217700038939,29.821068999848205],[-96.68911789900348,29.82443577466842],[-96.68315010524938,29.831314048288306],[-96.6767170303739,29.838728588909852],[-96.6651510003618,29.85226699993693],[-96.66515099476678,29.852267006178526],[-96.651189,29.868751],[-96.64616175196153,29.873681816191183],[-96.64528899994161,29.875228000781],[-96.62525099951769,29.898647000634398],[-96.62062199969968,29.903643000582043],[-96.56984414992255,29.961515828530498],[-96.569844,29.961516],[-96.569844255614,29.961516408664878],[-96.59567600047541,30.002793999731367],[-96.62201100042127,30.0443299994978],[-96.62386300020967,30.06671300010537],[-96.626018,30.067796],[-96.63084688115278,30.070286938693634],[-96.63084700004644,30.070286999536403],[-96.63428900036506,30.075701000566518],[-96.63281898358795,30.082469893903955],[-96.63247800003101,30.084039999857207],[-96.63247800011901,30.084040001497854],[-96.633186,30.092951],[-96.633673,30.106142],[-96.640649,30.120579],[-96.653112,30.12999],[-96.653062,30.13012],[-96.64722300010507,30.145173999729096],[-96.66187199974286,30.149132999401065],[-96.66194366827558,30.14913934307874],[-96.668606,30.149729],[-96.683394,30.151038],[-96.68339400014028,30.151038000498403],[-96.6833940007709,30.15103800055422],[-96.68550008968721,30.158520323436374],[-96.68714099993007,30.164349999751522],[-96.70200199969322,30.157838999976207],[-96.71498899944159,30.14498299983043],[-96.73544480538439,30.14739297782711],[-96.735445,30.147393],[-96.735967,30.147225],[-96.747229,30.144173],[-96.74722900000533,30.14417299999853],[-96.766937,30.138745],[-96.773016,30.149466],[-96.780751,30.152124],[-96.794552,30.160545],[-96.769037,30.178292],[-96.744026,30.195941],[-96.74402597682968,30.195941013701592],[-96.74227399945794,30.19701199954827],[-96.7422287570258,30.19700378585726],[-96.74150800194369,30.197429998850616],[-96.74150800081689,30.19743000010582],[-96.74150800043564,30.197430003526925],[-96.7415734426618,30.197959816618184],[-96.74176200026432,30.198303999787058],[-96.74189499996955,30.198996999274993],[-96.74179999995388,30.19979399962665],[-96.7418,30.199794],[-96.74179999973563,30.1997940002901],[-96.74163599974834,30.20011299987847],[-96.74131380449164,30.20032751380601],[-96.74124104691056,30.20040735241688],[-96.7411109998409,30.200767000188208],[-96.7405670004631,30.201146999491836],[-96.74056700025339,30.201146999721953],[-96.74056700020236,30.201146999777944],[-96.74073099971622,30.20152599979827],[-96.74052299949808,30.201977000636923],[-96.74058599999857,30.20266399980973],[-96.73990900003099,30.20314799990575],[-96.739909,30.203148],[-96.73990900003182,30.203148000442855],[-96.74010599913595,30.203829999993953],[-96.73998711769627,30.2042355534595],[-96.74000423875913,30.204473912653736],[-96.74011900056529,30.204688000560417],[-96.74004000867244,30.204971900879375],[-96.74004698062662,30.205068964326607],[-96.74053100027815,30.205369000661097],[-96.74073300014149,30.205743000015474],[-96.7406770407171,30.20592731771375],[-96.740696,30.205952],[-96.74065927946425,30.205985819267006],[-96.74055599953721,30.20632600000764],[-96.74000711792921,30.206586453888317],[-96.73998977087078,30.206602430365475],[-96.73997412695836,30.206616838261226],[-96.7398851266117,30.206760903333944],[-96.74041748962121,30.20716101263984],[-96.74055699990625,30.207195000372092],[-96.74057954515497,30.20728280909446],[-96.74112,30.207689],[-96.7407092288546,30.20859211386579],[-96.74070939608835,30.208649184639533],[-96.741451,30.210455],[-96.74145099979654,30.210455000404778],[-96.74145099984166,30.210455000502204],[-96.74172300013727,30.210636000478573],[-96.7413500007313,30.211164000321528],[-96.74100961555422,30.21133311729905],[-96.74090577176172,30.21153971051152],[-96.74090528193251,30.211540685007805],[-96.74097099970469,30.211845999997724],[-96.74068690734072,30.21197513281981],[-96.7405970002542,30.212153999494284],[-96.7405970002542,30.21215399999208],[-96.74179759507615,30.2121165853335],[-96.74180000089436,30.21211499978439],[-96.74204099977626,30.21210899998389],[-96.74204099976949,30.212109000007185],[-96.742041,30.212109],[-96.74263560665366,30.21322594067539],[-96.74276300003127,30.21318099959879],[-96.74313599978251,30.21318600050948],[-96.74317399981602,30.213489000054384],[-96.74291585185249,30.21375236812069],[-96.743308,30.214489],[-96.74353892150747,30.215448395541344],[-96.74384000006576,30.216044999669133],[-96.74385329965662,30.216754523315647],[-96.743987,30.21731],[-96.74362,30.218135],[-96.74361999156213,30.218135005993933],[-96.74142400040128,30.21980100058609],[-96.74137299925309,30.220339999691245],[-96.74111999945676,30.220609999520967],[-96.74079099948074,30.22071400039429],[-96.74029700012763,30.220560000304282],[-96.73998099988397,30.22072000079897],[-96.73993699990388,30.22102800024663],[-96.73970931462006,30.22127630815894],[-96.73906700721341,30.22259150903922],[-96.73907245312762,30.222637225598465],[-96.73910662205955,30.22269300277046],[-96.73911637082861,30.222708916606138],[-96.73949400047391,30.223100999829764],[-96.73970185466644,30.223664657124516],[-96.73973359009692,30.223716461862438],[-96.73974529669802,30.223735571652117],[-96.73978858607961,30.22376192174222],[-96.740944,30.223276],[-96.74094939186625,30.223282250163333],[-96.74098899989723,30.223249000291236],[-96.74141499992022,30.22338800016743],[-96.74159509404205,30.224030737583437],[-96.741679,30.224128],[-96.74166005716859,30.224262584307017],[-96.74169800045956,30.224398000013807],[-96.74153400027862,30.225266000035774],[-96.74151426417382,30.22529840882223],[-96.741364,30.226366],[-96.74136400000732,30.22636600000357],[-96.7423960000361,30.22672799967831],[-96.74249970998854,30.22691979197562],[-96.742535,30.226937],[-96.74252165055341,30.22696036697584],[-96.7425420006029,30.226998000613214],[-96.7423840002713,30.227427000531808],[-96.74192200081752,30.22800999856901],[-96.741922,30.22801],[-96.74192199941794,30.22801000033514],[-96.74192199919828,30.22801000061233],[-96.74192199770647,30.228010001320563],[-96.74021300095168,30.22899399945204],[-96.74021300006254,30.228994000121773],[-96.7402129843856,30.22899401843877],[-96.73848836163252,30.2310305935616],[-96.73854384236434,30.231321006215964],[-96.73855241194643,30.231350070376067],[-96.7388210001652,30.231513000141717],[-96.7389100000585,30.231755000484558],[-96.73882099983027,30.23226099942434],[-96.738821,30.232261],[-96.73882099971836,30.23226099994227],[-96.738631000292,30.232480999476994],[-96.73815599993206,30.232437000263726],[-96.73771479535046,30.23203425496908],[-96.736972,30.231882],[-96.73705254809056,30.23243918946141],[-96.73718799945132,30.23263500018745],[-96.73720699989819,30.233222999597746],[-96.73717593736883,30.23329273179894],[-96.737178,30.233307],[-96.73716436989861,30.233318699586427],[-96.73701099956021,30.233663000308674],[-96.73635900033602,30.234009999719685],[-96.73647299976095,30.234675000020115],[-96.73612500041102,30.235361999873664],[-96.73624599985067,30.235631999884006],[-96.73694899967,30.23584600053809],[-96.73703700064995,30.236230999448985],[-96.73672700021474,30.23674800018159],[-96.73606899993806,30.237001000665767],[-96.73565100010504,30.236928999600238],[-96.73555600012607,30.23645100031064],[-96.735555999797,30.236451000362543],[-96.73527169620442,30.236958753909054],[-96.73528999925543,30.23721500000708],[-96.73498600039817,30.2377319997086],[-96.73476316398076,30.237866969798038],[-96.73475004324429,30.23789040284865],[-96.73474422708863,30.237900790243465],[-96.7348279997943,30.23829299927212],[-96.7344000377425,30.238515497077035],[-96.73407500013651,30.239095999756206],[-96.73407500017066,30.239096000014023],[-96.734075000475,30.23909600016973],[-96.73447946434175,30.239240526720554],[-96.7351161095828,30.239468018341814],[-96.73516399978384,30.239475000391298],[-96.73517923042526,30.23949057323088],[-96.735228,30.239508],[-96.73520804486381,30.23952003506488],[-96.73534200007512,30.239656999947695],[-96.73527900004466,30.23982699997226],[-96.7346584571218,30.239851494798845],[-96.73406900067725,30.240206999591546],[-96.73406900023852,30.240206999998605],[-96.73406900027135,30.240207000671653],[-96.734513,30.241306],[-96.73451299931038,30.241306000292212],[-96.73448099982413,30.241466000334974],[-96.73389299968835,30.24186700021202],[-96.73315834145964,30.241938317695418],[-96.73314034900275,30.241964458460366],[-96.73303800045716,30.242113157956503],[-96.7330380002436,30.24238400059483],[-96.73285499981826,30.24290700040035],[-96.73203490073298,30.24357053502701],[-96.73191,30.243752],[-96.73182708457789,30.24373867716663],[-96.73164500019494,30.243885999966068],[-96.73087299975452,30.243963000304095],[-96.73071044142144,30.243559255168527],[-96.729321,30.243336],[-96.72932099969123,30.243336000499593],[-96.72922000058311,30.24395800001336],[-96.72892899992992,30.24414499990927],[-96.72883706760761,30.244119002610876],[-96.728821,30.244145],[-96.72874570210023,30.244093165600564],[-96.72844100028473,30.244006999779646],[-96.72834677394809,30.243818547035545],[-96.72789307587237,30.243506225345957],[-96.72788246868681,30.243498923454464],[-96.72745299958407,30.243738000092655],[-96.72651000081096,30.243793000097924],[-96.7265099978932,30.243793004075695],[-96.7261390293252,30.244510661330608],[-96.72563296512978,30.245489667835788],[-96.72568699968271,30.246234999719768],[-96.72528899938573,30.246911000553368],[-96.72492099959058,30.246867000456312],[-96.72492099566173,30.24686699723369],[-96.72345142330207,30.245929919823176],[-96.72329309869393,30.245931348507536],[-96.722015,30.246818],[-96.72199835961764,30.247993336480054],[-96.72199600008791,30.248159999826967],[-96.72199600000077,30.248159999945504],[-96.721996,30.24816],[-96.7219959999589,30.248160000002464],[-96.72177399909356,30.24846200023802],[-96.72153399973853,30.24851700023764],[-96.72099500094765,30.2482199999432],[-96.720995,30.24822],[-96.72099499482744,30.24822000456998],[-96.71970400027756,30.249649999926916],[-96.71920399954672,30.24981500067888],[-96.71870900059581,30.25032599937065],[-96.71850821227281,30.250417083762105],[-96.718437,30.25048],[-96.71839141770086,30.2504700657401],[-96.71831000008623,30.250506999530725],[-96.7177849999672,30.25049099988187],[-96.71672796633182,30.25010753119173],[-96.71599333074539,30.249947423847747],[-96.7150370003962,30.249739000086347],[-96.71525800011601,30.250677999475894],[-96.7148149996096,30.251046999562412],[-96.71437100021848,30.250886999902544],[-96.71418100009126,30.25068400002025],[-96.71418100009126,30.250684000020243],[-96.714181,30.250684],[-96.71411034516107,30.250157632187854],[-96.71407299981645,30.250085000246933],[-96.7140857021646,30.24997404560921],[-96.71397441690337,30.24914498732567],[-96.71396610052484,30.249083031569555],[-96.71390300037793,30.24899099986762],[-96.7138270003367,30.248513000129],[-96.7138520000523,30.24823300042636],[-96.71385200005658,30.248233000421457],[-96.713852,30.248233],[-96.71426494330807,30.247225963725136],[-96.71422418329571,30.24721168039482],[-96.712478,30.247639],[-96.7124632385056,30.247581535611097],[-96.71231999997038,30.247633999974312],[-96.71204699944686,30.247430000262668],[-96.71192699975717,30.247067000733786],[-96.71217999952792,30.24670400011087],[-96.71214199971537,30.246330999997834],[-96.71176042184808,30.246064500973265],[-96.710882,30.245451],[-96.70801542170398,30.245356873548488],[-96.70773499982508,30.245390999796058],[-96.70761922198983,30.245343864005637],[-96.707532,30.245341],[-96.70744630509395,30.245273465603837],[-96.70734200012284,30.245231000677393],[-96.70662600003159,30.24462700009827],[-96.70662599977958,30.244627000312335],[-96.70638464356612,30.244968990731625],[-96.70643700022052,30.245331000524068],[-96.70575300020526,30.24586400023659],[-96.7057529973458,30.245864000928968],[-96.70403803300108,30.24646423844962],[-96.70341440797316,30.246682507209396],[-96.70316300028644,30.24689799987732],[-96.70260652543509,30.24696526609772],[-96.701573,30.247327],[-96.70150563573934,30.247883758922576],[-96.70162999964253,30.248157000735425],[-96.70142878888804,30.24851889051482],[-96.701422,30.248575],[-96.70139338092784,30.248582573884693],[-96.70135200009572,30.248656999828004],[-96.70079499935157,30.249096999549245],[-96.70073799946942,30.24944899998524],[-96.70058600031251,30.249547999345246],[-96.69983933059943,30.24899384500937],[-96.69935449007257,30.24912215546697],[-96.6989203099399,30.249237058921643],[-96.69888799946263,30.24928400031161],[-96.69812199947808,30.249465000769604],[-96.69809185691973,30.249456304591565],[-96.698059,30.249465],[-96.69678000014277,30.249179000031926],[-96.69674800063738,30.24967400019778],[-96.69656400080925,30.250070996658106],[-96.696564,30.250071],[-96.69656399924766,30.25007099957143],[-96.69622799967529,30.250042999693004],[-96.69599655497717,30.249747755053143],[-96.69595219215722,30.249722483781394],[-96.69527900396885,30.249339002260854],[-96.69527899977528,30.24933900040548],[-96.69513544685996,30.249598019796142],[-96.69490127616686,30.250020545177186],[-96.69484100042496,30.25020799964048],[-96.6947799895504,30.250239388419928],[-96.694727,30.250335],[-96.69467511176683,30.250293345778214],[-96.69439200009629,30.25043900062827],[-96.6935309998977,30.249981999818868],[-96.69299299962846,30.248943000067957],[-96.69299299934173,30.248942999772737],[-96.69217441146482,30.248660387347826],[-96.69202999996662,30.24876700001935],[-96.69179000000497,30.248766999785452],[-96.69111307206968,30.24829396645573],[-96.69097612925209,30.24824668779104],[-96.69084812147383,30.248249918204813],[-96.68956700108298,30.248629999678705],[-96.6895670004667,30.248629999948783],[-96.68956700017435,30.248629999948275],[-96.689567,30.24863],[-96.68956699976981,30.24862999994757],[-96.68899100025243,30.248628999272697],[-96.68823699945963,30.248475999580492],[-96.6876649652774,30.24819677162835],[-96.68721298063701,30.24809382262987],[-96.6871809043638,30.24808651658469],[-96.68617300006964,30.249053000414374],[-96.68562184748103,30.248966936728902],[-96.68417169523757,30.250468679123323],[-96.68421499981542,30.250631999905785],[-96.68479800090574,30.250658999457677],[-96.6852030000619,30.25105500016207],[-96.68522200032838,30.25128600018911],[-96.68487173678967,30.25154439128986],[-96.68537102639283,30.25223292521512],[-96.68550000059994,30.25222100009279],[-96.68583599950776,30.252516999771718],[-96.68570900033063,30.252699000215095],[-96.68570899904458,30.252699000215095],[-96.68456300034559,30.252956999922198],[-96.68456300025142,30.252956999974785],[-96.68456299636516,30.252957022898055],[-96.68451073396297,30.253286254872933],[-96.6844967830451,30.25337414000738],[-96.68459499969356,30.25373200000748],[-96.68431600014299,30.25451300022051],[-96.68434415916843,30.254557212250862],[-96.685272,30.256014],[-96.684373,30.257713],[-96.68435186718824,30.25772927649475],[-96.6842339996164,30.257949000747335],[-96.6839419998393,30.258097999919404],[-96.68386714405037,30.25810261032741],[-96.683024,30.258752],[-96.6830239991153,30.25875200008931],[-96.6828209996319,30.258939000161195],[-96.68236261068768,30.25881876683248],[-96.68204209762116,30.258851122423685],[-96.6819371677482,30.25886171502795],[-96.68123799998644,30.259186000232106],[-96.6809261605395,30.258963775565793],[-96.6798964494543,30.259067724248126],[-96.67987582007943,30.259138915371643],[-96.67987800883355,30.259151491433485],[-96.67988483579494,30.259190717533617],[-96.68007300030045,30.25959299973825],[-96.68004099972131,30.26008799839872],[-96.680041,30.260088],[-96.67951271570358,30.260777044493803],[-96.67943900015635,30.261127000554364],[-96.67899249807833,30.261505556253443],[-96.6789683959639,30.261881041825568],[-96.67901499992513,30.262309000477345],[-96.67888200044855,30.26322700021591],[-96.6785079997806,30.263639000401565],[-96.67790000153951,30.263726999216136],[-96.6779,30.263727],[-96.67770345853171,30.264207675696216],[-96.67769699986455,30.264546000213873],[-96.67739299099786,30.264966977024766],[-96.676722,30.266608],[-96.67666212628208,30.266603774071882],[-96.67661999962485,30.266718000510274],[-96.6758348630389,30.266545385264216],[-96.67547288552521,30.26651983664278],[-96.67486376366917,30.266476844403982],[-96.6742830004582,30.266679000158554],[-96.67418800034655,30.266580000100824],[-96.67419759373338,30.266429825672553],[-96.67395716080853,30.266412855751643],[-96.67370793349998,30.266395265117097],[-96.67315600033534,30.266970000059914],[-96.67306099938203,30.267471000046616],[-96.67207344482503,30.26743349829026],[-96.67199738460704,30.267613966435775],[-96.67193851893953,30.267753637056362],[-96.67181899997047,30.268125000168865],[-96.67177232309105,30.268147970090844],[-96.67153852993063,30.268702691326265],[-96.67155300024963,30.26872400035628],[-96.67228799954823,30.26871899933156],[-96.67240800025414,30.268855999708908],[-96.67236400036873,30.269053999739715],[-96.67198999955122,30.269274000567695],[-96.67136455686843,30.269115477362526],[-96.671071,30.269812],[-96.67106099383427,30.26982473710616],[-96.67107799994119,30.269856000252286],[-96.67074199943973,30.270406000123636],[-96.67039981423162,30.27066636965714],[-96.67000178477863,30.271173031602736],[-96.66970752110761,30.27154760741105],[-96.67004499946948,30.272148999431632],[-96.66987108748467,30.272905840775007],[-96.669988,30.273809],[-96.66997331290686,30.27383050488926],[-96.6699809994915,30.27386999995622],[-96.66989377784606,30.27394696038245],[-96.66980217675712,30.27408108299305],[-96.66963628041074,30.274323988959797],[-96.66957599973225,30.27479299993075],[-96.66927544922682,30.274852319145964],[-96.66902973462483,30.275212095260642],[-96.66878886250026,30.275564781004242],[-96.66877099958161,30.275683999491488],[-96.6687035735722,30.27568966132846],[-96.668689,30.275711],[-96.66764236832358,30.276373675388058],[-96.66766200028236,30.27641999996773],[-96.66738408485604,30.27653720769931],[-96.66728946106467,30.276597118801835],[-96.66695097284313,30.276811432794634],[-96.66689599985294,30.27707400000792],[-96.66609815658538,30.27735139384997],[-96.66581104303334,30.277533179944157],[-96.66540700174575,30.277788998894682],[-96.66540700055481,30.2777890000817],[-96.66540700029431,30.27778899981366],[-96.665407,30.277789],[-96.664948545108,30.277389852414363],[-96.66487684813862,30.27738240706481],[-96.66467307022155,30.277464609206156],[-96.66466596392284,30.27746747582183],[-96.66419100007226,30.27792099926147],[-96.66373346165243,30.27784363867865],[-96.66347962753264,30.277946033032727],[-96.66315158265056,30.278078363327165],[-96.66295600078604,30.27820100019971],[-96.66149901648477,30.278744993350198],[-96.66149900451161,30.278744998180056],[-96.66149900028702,30.27874499988422],[-96.66179000008235,30.279271999834876],[-96.66178300069204,30.279982000189502],[-96.66178299945781,30.279982000624482],[-96.66083554832132,30.28107324633612],[-96.66072185418493,30.281204195821516],[-96.6608640005013,30.281294999617245],[-96.66154200003585,30.28107000022295],[-96.66160500049772,30.281317999996382],[-96.66089600017382,30.28157599962244],[-96.66094600014989,30.282053999864157],[-96.66073699990676,30.28204899982088],[-96.66057299973198,30.281834000672838],[-96.66027862020145,30.281714699387443],[-96.6601661583208,30.28184422959776],[-96.65991733235963,30.28213081985305],[-96.66053499996747,30.282333999502235],[-96.66065500062406,30.28248299929479],[-96.66060400026836,30.282691999878143],[-96.6595230003871,30.282584999610528],[-96.65952300026746,30.282585001388803],[-96.65985928023139,30.284331189091397],[-96.66016000045171,30.284817000172108],[-96.6603919997502,30.284905999786925],[-96.66006800066094,30.28541500028489],[-96.66006799879739,30.285415001307214],[-96.65790849490088,30.287762331359463],[-96.65789500041126,30.28777699955297],[-96.65789500020462,30.287777000160236],[-96.65719599986865,30.287808999349018],[-96.65672044706874,30.287689475522665],[-96.65581496332237,30.287622001346296],[-96.65543399944659,30.28766299999474],[-96.65534306869871,30.287586837047442],[-96.6542862838373,30.287508088325108],[-96.65421800020206,30.287503000015057],[-96.65421799917176,30.287503001802094],[-96.6541755583775,30.287595344626656],[-96.65402733213821,30.287917855782467],[-96.65394899919933,30.28853599950541],[-96.65316000047865,30.289804999882335],[-96.65316000000894,30.289804999980547],[-96.65316,30.289805],[-96.65130892036598,30.290441579420413],[-96.65102399937709,30.290670000353515],[-96.65038300140422,30.290759999517096],[-96.6503830007144,30.29075999975432],[-96.650383000198,30.290759999931907],[-96.65038300008513,30.290760001421827],[-96.65044,30.291712],[-96.65043999944103,30.29171200012853],[-96.65006799946052,30.29199500047067],[-96.6497502521084,30.29187060152106],[-96.64939908777771,30.29195134870082],[-96.64921354818655,30.291994011914053],[-96.6490280004327,30.292237999464668],[-96.64864700020735,30.292279000118143],[-96.648395999976,30.292182000143455],[-96.64839599976614,30.2921819999355],[-96.6470852126203,30.291820470147485],[-96.64672400031071,30.29198199934805],[-96.64659400079724,30.29195800068998],[-96.646682402169,30.29170937050974],[-96.645684,30.291434],[-96.64568399964142,30.29143400044507],[-96.64546999987984,30.29191000038016],[-96.6450514230005,30.29221914977174],[-96.64496465177105,30.292326849563306],[-96.64493504493952,30.292363597337943],[-96.6450250002228,30.292734000063007],[-96.64454615879762,30.292846279866357],[-96.64420800098614,30.293265998776],[-96.6442080005444,30.29326600051422],[-96.6442079961811,30.29326600054804],[-96.642229,30.29355],[-96.64221037922587,30.293745065190624],[-96.64233200018752,30.293978000437573],[-96.64233200018363,30.294340999678575],[-96.64204400021569,30.295488000715125],[-96.64204399917018,30.29548800092774],[-96.640883,30.296786],[-96.644572,30.296834],[-96.64457200077581,30.2968340006864],[-96.64491600010666,30.296963000160453],[-96.64548300015493,30.29763999969994],[-96.64548300216268,30.297640000483632],[-96.64825097130118,30.298258993582163],[-96.64825100029233,30.298258999545126],[-96.64849300011393,30.29846899994933],[-96.64849299978493,30.29880000041024],[-96.64841455691372,30.29899164535324],[-96.64868899990829,30.300220999589197],[-96.64868900016342,30.300220999695167],[-96.64920899974688,30.299251000472164],[-96.64920899979319,30.2992509999247],[-96.65037899987796,30.29912099953112],[-96.65064899888422,30.299210000031767],[-96.650649,30.29921],[-96.651327,30.300477],[-96.65188399882781,30.299354002363305],[-96.65188399972003,30.299353999831304],[-96.65211599967574,30.2992730001068],[-96.65257741125527,30.299356044455788],[-96.65304141958734,30.299357412539322],[-96.65344666428447,30.299358607363985],[-96.65347300051761,30.2993529998771],[-96.65351923612563,30.299358821335016],[-96.653919,30.29936],[-96.65396681419543,30.29941517523641],[-96.65429899993438,30.29945700025788],[-96.6545499999126,30.299578000545143],[-96.65465299922249,30.3002069991028],[-96.65465299985974,30.300206999838146],[-96.6546529999179,30.30020699990526],[-96.65465300058301,30.30020699988548],[-96.65468126253613,30.300201448430403],[-96.65507692962542,30.30012372810929],[-96.65580499978914,30.299769999829437],[-96.65700098081813,30.299745789482152],[-96.65706277902929,30.299733650547818],[-96.65788499992212,30.299323999767232],[-96.65857299986575,30.29943700002637],[-96.658573,30.299437],[-96.6597239992324,30.298741000464158],[-96.65895299976117,30.29827399993264],[-96.65896199931353,30.297790000111995],[-96.6595000000865,30.29769200040504],[-96.6595,30.297692],[-96.66090299835129,30.29800599963101],[-96.6609029997617,30.298005999378432],[-96.66193500005761,30.296684999803755],[-96.6627139995609,30.296357000101953],[-96.66336300055698,30.295613999744294],[-96.66371599992678,30.29554899982388],[-96.66422100019629,30.29571300025646],[-96.66436865846843,30.296071945352658],[-96.66446516303328,30.29614927004259],[-96.66485452052451,30.29646124437589],[-96.66562999909873,30.296483000766333],[-96.6657889996694,30.297209999488448],[-96.6671549994779,30.297378000619965],[-96.66784200051546,30.297184000084915],[-96.66826900024002,30.297561999580207],[-96.6682690000414,30.29756200011329],[-96.66868278308114,30.298694296954242],[-96.66926400006895,30.298884999516574],[-96.66933899934186,30.299021999235165],[-96.66893759732847,30.299391583550246],[-96.66908204441803,30.299786855872924],[-96.66920999987155,30.30013699964853],[-96.67014800058398,30.299982000264066],[-96.67042699744884,30.300047000188663],[-96.670427,30.300047],[-96.67042699950123,30.30004700191061],[-96.67061300044944,30.30075400054001],[-96.6705849997822,30.300941999943586],[-96.67014311166119,30.301134470179523],[-96.67004863405877,30.30149637858228],[-96.67008399962269,30.30162900021263],[-96.66997535521024,30.301777082477724],[-96.66956500021995,30.303348999157457],[-96.66956500074642,30.303348999533974],[-96.66956500218174,30.30334899863783],[-96.67067000009375,30.302565000475088],[-96.67080492994272,30.30257484923398],[-96.670912,30.302508],[-96.67093656173427,30.302584457262057],[-96.67121799983248,30.302604999906944],[-96.67140600030442,30.303266000070682],[-96.67129299979648,30.30369399936645],[-96.671293,30.303694],[-96.6712930009673,30.303694000488846],[-96.67200999929845,30.303871000426614],[-96.67296699999538,30.30453999957009],[-96.6729670010151,30.30453999926418],[-96.67308340919246,30.304455617260015],[-96.6733650418796,30.30425146724995],[-96.67350600057084,30.304022999686424],[-96.67380299950321,30.303933999224217],[-96.6744439992341,30.30425600026552],[-96.67456499994238,30.304409000060993],[-96.67456499991577,30.304652401286944],[-96.674974,30.305038],[-96.67493082340307,30.3050799744643],[-96.6752159997337,30.305345000114436],[-96.67516999953112,30.30555499969274],[-96.67433203132079,30.305662094841278],[-96.67398872298752,30.305995844705876],[-96.67396299951014,30.30609700021182],[-96.67364961977539,30.306325506529266],[-96.67347473331563,30.306495523760447],[-96.67325000079677,30.306713999225416],[-96.67325000007455,30.30671400026394],[-96.67325000007428,30.306714000270947],[-96.6734532049333,30.30745524552592],[-96.67349699992391,30.307614999722446],[-96.67349700002647,30.307614999881295],[-96.67349700071355,30.307615000020682],[-96.67448325649204,30.307643587144696],[-96.6753790008669,30.307517000554423],[-96.67598099952221,30.30768699998615],[-96.675981,30.307687],[-96.677921,30.309809],[-96.67831854776678,30.3096512334819],[-96.67863200045296,30.30933099989794],[-96.67925399982174,30.309279999235827],[-96.6805160002064,30.309806999640735],[-96.68076300002932,30.309689999613784],[-96.68086100014374,30.309372999965394],[-96.68149799977324,30.309075000250417],[-96.68242799993168,30.309224000015554],[-96.68242799993308,30.309224000020404],[-96.682428,30.309224],[-96.683466,30.311357],[-96.68366724211343,30.310857746240114],[-96.68359499948022,30.310578000118667],[-96.68388399960264,30.310320000317105],[-96.68388399977125,30.3103200005675],[-96.683884,30.31032],[-96.68483702756505,30.311078157416574],[-96.68487099996456,30.31107899969252],[-96.68549299864969,30.311599998925793],[-96.685493,30.3116],[-96.685492999988,30.311600000046788],[-96.68549300001803,30.311600000071945],[-96.68524100002284,30.312582000043253],[-96.686359,30.314699],[-96.68669574190312,30.316353516165155],[-96.68689299973143,30.31647000055321],[-96.68685500044818,30.317136000283707],[-96.68685500199913,30.31713600126551],[-96.68685500408449,30.317136002585592],[-96.68763900037179,30.31749899967307],[-96.68830172382287,30.317990865778675],[-96.69047875925818,30.318412478670847],[-96.691253999844,30.31848299914904],[-96.69207699932362,30.318721999502213],[-96.69411999997143,30.31972199962573],[-96.69468199830003,30.32019099904136],[-96.694682,30.320191],[-96.69468200680595,30.320191000696063],[-96.69538100021263,30.320218999583243],[-96.69603199948914,30.319874999824968],[-96.6968470005193,30.320129999698118],[-96.69716159527188,30.320444594970986],[-96.6994290146961,30.320676490139373],[-96.69984199981788,30.320275000792787],[-96.7004605385696,30.320080093835134],[-96.701198,30.319604],[-96.70119800071643,30.319604000251946],[-96.70155400019823,30.319632000152023],[-96.70166838686758,30.31976941896718],[-96.703089,30.320269],[-96.70311632044229,30.320228485783133],[-96.70370399976278,30.319357000255906],[-96.7037039998441,30.31935700023119],[-96.703704,30.319357],[-96.70370400127345,30.319356999796735],[-96.70436199943978,30.319156999990238],[-96.70568999986799,30.319039999966407],[-96.70569000282195,30.319039997225733],[-96.707051,30.317702],[-96.70711108249856,30.31772152582188],[-96.70725499981643,30.317587999974418],[-96.70746899985771,30.317770000118706],[-96.70747298867404,30.317839139364732],[-96.70764842474503,30.31789615319664],[-96.70787808759555,30.317970789838235],[-96.70795300002167,30.317791000261558],[-96.70809300022813,30.317751000433674],[-96.7086800002791,30.3181729995027],[-96.70985400043926,30.318532000305723],[-96.71000068172857,30.31866059795134],[-96.710085,30.318688],[-96.71026258973481,30.318706518487485],[-96.71112500063937,30.31862700010263],[-96.71135299988006,30.318166000696653],[-96.71171399991154,30.31806700052595],[-96.71197399964733,30.31825299985751],[-96.7121660001503,30.31890499973434],[-96.71216600930072,30.318905002769576],[-96.71635699983307,30.320152999950288],[-96.71635700064137,30.32015299953165],[-96.71814,30.318851],[-96.71822970334465,30.318851920639588],[-96.71845600045593,30.318707999776628],[-96.7190310000129,30.318623999637328],[-96.71969699950338,30.318858999732722],[-96.72065600032472,30.31852499931872],[-96.72074690621628,30.318877755090114],[-96.72116513282865,30.318882047415872],[-96.72151300061327,30.318567999803857],[-96.72171599974453,30.318565999680622],[-96.72191700008145,30.318686999823818],[-96.72193999988848,30.318889999998856],[-96.72194,30.31889],[-96.72224059425147,30.319672771969138],[-96.72255699943521,30.319755000173767],[-96.72253761962853,30.320446250297948],[-96.72263339314912,30.320695652363835],[-96.7226749997176,30.320803999264616],[-96.72267500282722,30.320803999877423],[-96.723736,30.320758],[-96.72373600039717,30.320758000490375],[-96.72388399975311,30.32081500045397],[-96.72395010308993,30.32102235282718],[-96.72429192327102,30.321444397792945],[-96.72439012115628,30.32156564260356],[-96.72503700007492,30.32175400066476],[-96.72536299983528,30.32221700003992],[-96.72519130919332,30.3225548685076],[-96.725811,30.32332],[-96.72635064160536,30.323200593881488],[-96.72675100017247,30.322980000516306],[-96.72690594614957,30.323077722035517],[-96.726977,30.323062],[-96.72838136791869,30.323544316445542],[-96.72851699981233,30.32354600047568],[-96.73044025526413,30.32418338359991],[-96.73089099981864,30.323416000308757],[-96.73089099984037,30.323416000099304],[-96.73089099997935,30.323416000035145],[-96.730891,30.323416],[-96.7308910000359,30.323416000009043],[-96.73160800007544,30.32308499984971],[-96.73171800017396,30.32313199999742],[-96.73175703052198,30.32363419579915],[-96.73294299981086,30.323932999952344],[-96.73294299946161,30.32393299924292],[-96.73281615371677,30.32375462826938],[-96.73271209034601,30.32360829395777],[-96.73217299936982,30.32308999963692],[-96.73226600003656,30.3229810005136],[-96.73226600034151,30.32298100048023],[-96.732266,30.322981],[-96.7330353443407,30.322805166123317],[-96.73337100034264,30.322593000102817],[-96.73361800009057,30.322671999878455],[-96.7336180000692,30.322672000087522],[-96.73416805680864,30.323367758369127],[-96.73444099967752,30.323712999592104],[-96.73444099999288,30.32371299958726],[-96.73441761393507,30.322357414650053],[-96.73435000049366,30.32228499930058],[-96.73441199947885,30.32203199941192],[-96.73604500009854,30.321099000112902],[-96.73708564854583,30.321128097466712],[-96.737784,30.320892],[-96.73730851949861,30.320275114246172],[-96.73685199966874,30.320339999471475],[-96.73650600017741,30.319965000041446],[-96.73644699986366,30.319743000090327],[-96.73667100020283,30.319448000263158],[-96.736671,30.319448],[-96.73667100047683,30.31944799990232],[-96.73667100060041,30.319447999739566],[-96.73720400020837,30.319124000210827],[-96.73786633402624,30.31920312790421],[-96.74011741744104,30.31874197855057],[-96.7403390008038,30.318648000267135],[-96.74041423350512,30.318681173813083],[-96.740542,30.318655],[-96.7406548896021,30.318787290115587],[-96.74071999953357,30.31881600006838],[-96.74129950269344,30.31952282628007],[-96.74150464706574,30.319543074741745],[-96.74161777507345,30.319554240868815],[-96.74252000029111,30.319499999567945],[-96.74307878727679,30.319698447844967],[-96.74366524806088,30.31975633356017],[-96.74367199677603,30.319756999681783],[-96.74367200016827,30.31975699960602],[-96.74367200142557,30.319757001318298],[-96.744682,30.320691],[-96.74468199975695,30.320691000267793],[-96.74468600075127,30.320861000019786],[-96.7444794888859,30.32091412601792],[-96.74428813349331,30.321124960701983],[-96.74410319101395,30.321328729661282],[-96.74408799924302,30.321406000807716],[-96.74351300567034,30.321978993752445],[-96.743513,30.321979],[-96.745207,30.321815],[-96.74520699935933,30.321815001054986],[-96.74520700049278,30.3218150004718],[-96.74552199983073,30.32195000000407],[-96.74554799983106,30.322087000532367],[-96.74486617287828,30.322376234109328],[-96.74444701885724,30.323066447765047],[-96.7444450935811,30.32306961808388],[-96.74504100004786,30.323401000058087],[-96.74502499995741,30.32358199992415],[-96.74410855546759,30.323623789557757],[-96.74405874185629,30.323705816767426],[-96.7439560016762,30.323874997239848],[-96.74395600031549,30.323874999939648],[-96.74489800055088,30.32451199963406],[-96.74517699946126,30.324427000359385],[-96.74559600032575,30.323865000010024],[-96.74586799971544,30.324059999674574],[-96.74630099980965,30.324066000069163],[-96.74654900042898,30.324700000236703],[-96.74598200005131,30.324776999889107],[-96.7456990006967,30.325190999853582],[-96.74573100049697,30.325397000136064],[-96.74594018462241,30.325814463972552],[-96.74605980564904,30.325931388914356],[-96.7465213378002,30.32627770291407],[-96.74673829813705,30.325863954172522],[-96.74668399958622,30.325518000008227],[-96.746968999579,30.325424000802876],[-96.746969,30.325424],[-96.7469690002139,30.325424000593465],[-96.74696900042298,30.325424000524507],[-96.74733699995186,30.32563400039543],[-96.74782499991004,30.326511999844467],[-96.74769125614584,30.327301603352314],[-96.7482745558649,30.32739350943372],[-96.74863574471232,30.327450419201593],[-96.74885099990989,30.327120000523184],[-96.74910700022653,30.32709800060785],[-96.74915600006136,30.327222999344954],[-96.74898820988494,30.327505954446664],[-96.74906608426372,30.327518224517714],[-96.7493838753542,30.327568296432506],[-96.74938500080927,30.32756600067241],[-96.74968900010084,30.327592999541586],[-96.74970416668694,30.327618762291376],[-96.75016695943208,30.327691681009348],[-96.75080999880217,30.327792999811265],[-96.75081000029284,30.327792999575585],[-96.7511290001705,30.328193999641456],[-96.7510150515347,30.328326076793118],[-96.75131468491273,30.329105039996264],[-96.75135700064173,30.329100999764986],[-96.75149200028193,30.329227000626283],[-96.75157198914432,30.329647281399552],[-96.75224001289558,30.329502974233325],[-96.75229500004062,30.32939300034822],[-96.7530500006408,30.329327999612328],[-96.75318699990338,30.329450000226515],[-96.75318234163166,30.32961605788916],[-96.7534116983329,30.330115281046673],[-96.75367099980195,30.32982900056276],[-96.75383499984605,30.329347999915463],[-96.75406999921526,30.329151999282495],[-96.7544139994637,30.32922500051549],[-96.754414,30.329225],[-96.75492973139848,30.33033568659611],[-96.75495599998168,30.33034599968654],[-96.75507799998284,30.33065499985894],[-96.75507799993852,30.33065499986761],[-96.755078,30.330655],[-96.753973,30.331328],[-96.7539729999328,30.331328000506335],[-96.75425499984136,30.331904999882635],[-96.75415500026975,30.33253700045617],[-96.75395400002873,30.33280699988502],[-96.75376107722542,30.332924608562088],[-96.75372021125384,30.33323248939399],[-96.75368080414553,30.333529379271212],[-96.75384799996716,30.333804000517222],[-96.75379500063777,30.334512999840722],[-96.75351600062022,30.334770999886334],[-96.75351600002897,30.33477099978172],[-96.753516,30.334771],[-96.75311505810578,30.336772630040308],[-96.75325000003843,30.33684900010603],[-96.75295986291624,30.337547414012644],[-96.75291458595737,30.33777345105768],[-96.75291073658148,30.3381012553191],[-96.75299573301281,30.338250401046615],[-96.75342300083133,30.338681000253754],[-96.75385999989032,30.339473000318],[-96.75382159807758,30.33969957066451],[-96.75431830817669,30.340571162423554],[-96.75432140206746,30.340576591364297],[-96.75444257438332,30.340709523711663],[-96.75484432276156,30.340696217942725],[-96.7556760640183,30.34066867095666],[-96.75578599960117,30.340622999888733],[-96.75674299992478,30.340464000108543],[-96.75720600081664,30.340617999345223],[-96.75720600201505,30.34061799926289],[-96.75909499985198,30.339927000054146],[-96.75909500013374,30.33992699986069],[-96.75972300057421,30.340118999647462],[-96.75986061854897,30.340219919808025],[-96.760692,30.340538],[-96.76069870207935,30.340564922882866],[-96.76078699960506,30.34057099997663],[-96.76103999980045,30.340889999804183],[-96.76116000024541,30.342417999477412],[-96.7611599998938,30.34241799957342],[-96.76116,30.342418],[-96.76024700075114,30.343274999294934],[-96.76024700041958,30.343274999897133],[-96.76024700092698,30.343275001223425],[-96.76144774532725,30.344859748181673],[-96.76212799986308,30.345260999916004],[-96.76212200072733,30.345452999172018],[-96.76239400083597,30.3458439997667],[-96.76240539695799,30.346123660391925],[-96.76245257994454,30.346185932674352],[-96.76368699928554,30.34680700006944],[-96.76374660331041,30.346863274083194],[-96.76382,30.3469],[-96.76383833665348,30.34694988238559],[-96.76440300069788,30.347482999272763],[-96.76453600020092,30.347934000059023],[-96.76435953456273,30.348367730801332],[-96.76502271766448,30.350171830728595],[-96.76505400016067,30.350205000348502],[-96.76513599910271,30.350479997559034],[-96.765136,30.35048],[-96.76513600055392,30.35048000059728],[-96.76561200039323,30.350693999867488],[-96.76644200051746,30.351518999652757],[-96.76682199995025,30.352119000205757],[-96.76688324942343,30.35236399714521],[-96.767487,30.353015],[-96.76748498808251,30.353015868227825],[-96.76752499958184,30.353047999724104],[-96.76749999988648,30.353201999436326],[-96.76730299988033,30.353301000191742],[-96.76697300025721,30.353273000152996],[-96.76685900047491,30.353811999773537],[-96.7665420005719,30.354043000431385],[-96.76625699905206,30.354064999835973],[-96.7657560005739,30.353761999752336],[-96.765756,30.353762],[-96.76624274589808,30.354943393384204],[-96.76657900010949,30.355076999706796],[-96.76641235168717,30.355355047920884],[-96.76641811249316,30.355369030120013],[-96.76674398684163,30.356159968062997],[-96.76674400093107,30.35615999939066],[-96.76740899919176,30.3565719998032],[-96.76749279984708,30.35681678457368],[-96.76821179721446,30.357447428905743],[-96.76827100001226,30.3574689996753],[-96.7685749998432,30.357765999831614],[-96.76857499985779,30.357765999875266],[-96.768575,30.357766],[-96.76857500019909,30.35776600089644],[-96.7689479992342,30.358882000220515],[-96.76892034259575,30.35932095689977],[-96.76906505869457,30.35997256286769],[-96.76943329392917,30.36163059731181],[-96.76946700036386,30.361729999793777],[-96.76970700008751,30.362863000173],[-96.76970700006268,30.36286300078041],[-96.76977223669732,30.363675218483216],[-96.769857999868,30.36474299835646],[-96.76985800041292,30.36474300006138],[-96.76985801847229,30.36474302231052],[-96.77126336721318,30.366440378885688],[-96.77187999984527,30.366508999995094],[-96.77239999924699,30.366806000662546],[-96.77326800045626,30.367592999710663],[-96.77326800255159,30.3675930027157],[-96.774916,30.369347],[-96.77491600006546,30.369346999988547],[-96.77520100051642,30.369148999807667],[-96.77557600021707,30.36851199993018],[-96.77574699975268,30.368600000008275],[-96.77589899997797,30.368923999904688],[-96.77649500090932,30.36882000013377],[-96.77674200056798,30.36917199964135],[-96.77661499970274,30.369254000112626],[-96.77646899994168,30.369094999750597],[-96.77642753095655,30.36910955042711],[-96.77664140020855,30.369750094156952],[-96.77666600072025,30.369782000098784],[-96.77665736540106,30.369797910305657],[-96.77689282308242,30.370503111918488],[-96.77742599992729,30.370684000085443],[-96.77736900050229,30.37087100014804],[-96.77712199972456,30.37101900008384],[-96.77727385579205,30.371467374096987],[-96.77810956496057,30.371062698599797],[-96.7782500001075,30.37095400027994],[-96.77827621342246,30.37098200240582],[-96.778301,30.37097],[-96.77968730778917,30.371641473477865],[-96.77978399968559,30.37163600051731],[-96.7799276139663,30.37175786842693],[-96.780539,30.372054],[-96.7809477032031,30.37289536645868],[-96.78133699928968,30.37334099998772],[-96.7814260002488,30.373880000125077],[-96.78098800029474,30.374743000290824],[-96.78044267564475,30.375058858968426],[-96.77971091293088,30.375936133118497],[-96.77971847666753,30.375969971056698],[-96.782254,30.37628],[-96.78230649835722,30.376329528651482],[-96.78238100066012,30.37632899941523],[-96.7825297986676,30.37654019740068],[-96.78263432806311,30.37663881381984],[-96.78287617852627,30.376866983384314],[-96.78370600023668,30.37741200064802],[-96.78433999775575,30.3782479978827],[-96.78434,30.378248],[-96.7843399997994,30.378248001167492],[-96.78437799977,30.37840800053638],[-96.78428043796212,30.37859464032857],[-96.78424419593432,30.378805562400235],[-96.78445399975456,30.378995999139423],[-96.78418310746359,30.37916108629295],[-96.784118,30.37954],[-96.785228,30.3786],[-96.78524954225331,30.37862818612583],[-96.78529099905808,30.37855099984302],[-96.78568399982308,30.37855099994652],[-96.78570999993227,30.379013000568335],[-96.78614100030445,30.37939800011364],[-96.78624111381328,30.379875738222353],[-96.78702869852592,30.380123078875908],[-96.78761800036473,30.380261000783428],[-96.78760585383422,30.380304334261986],[-96.787643,30.380316],[-96.78744114370443,30.381126506957816],[-96.78770000024087,30.381548000531122],[-96.78763699935122,30.3816630000671],[-96.78733199998085,30.381613999600205],[-96.78731126171657,30.381648017840373],[-96.78727668762089,30.381786842071875],[-96.78726372326149,30.381838897438588],[-96.78762555574939,30.382138794205257],[-96.78778766294927,30.382244458685772],[-96.78804884208724,30.382414700093637],[-96.78839700000654,30.38232300001433],[-96.78874600000975,30.38242200004654],[-96.7886666868194,30.38281742275314],[-96.78925012705035,30.38319771992043],[-96.78939900053474,30.383143000190813],[-96.78969700051994,30.383236000010843],[-96.78969700028927,30.383488999799265],[-96.78969699996819,30.38348899997926],[-96.789697,30.383489],[-96.78888572315542,30.384372155444495],[-96.78922799988301,30.384413000372813],[-96.78924000048792,30.384588000132],[-96.78816940901295,30.385191724498384],[-96.78846,30.386436],[-96.7884348934291,30.386454490520993],[-96.7884409997204,30.386480000412792],[-96.78840474583932,30.38647669365833],[-96.78814537377686,30.38666771634256],[-96.78793182500065,30.386824991031506],[-96.78799000003649,30.387073000040353],[-96.78743199995597,30.387226999985568],[-96.78718678062783,30.387418843663845],[-96.78775762940938,30.387646198954425],[-96.78790199992905,30.387523999629224],[-96.78830699954896,30.387864999820362],[-96.788307,30.387865],[-96.78830699991694,30.387865000130187],[-96.7883070001044,30.38786500028803],[-96.78817999981631,30.38828299998875],[-96.78805332948761,30.388262576215514],[-96.78761810391929,30.388944702540407],[-96.78761958516279,30.388950510188035],[-96.78818578623596,30.389346941603954],[-96.78821200013135,30.389360999654524],[-96.78853499975419,30.389355000063787],[-96.78906290291602,30.38996106373103],[-96.79011399875505,30.39069699912833],[-96.79011399976325,30.390696999657138],[-96.79011404964504,30.390696999350272],[-96.791795,30.390675],[-96.79182174375849,30.390686493885646],[-96.79190199946767,30.390686000165193],[-96.79368898257967,30.39148899251312],[-96.793689,30.391489],[-96.79368900150746,30.391488999960593],[-96.79461000068251,30.39123099993326],[-96.79529500006694,30.391192999851942],[-96.79556112361581,30.391440060096937],[-96.796405,30.391418],[-96.79640500052591,30.39141799950541],[-96.79658699997968,30.391102000656872],[-96.79721100010467,30.39065999973597],[-96.7978959995808,30.39070900040758],[-96.7982828643615,30.390904362859615],[-96.798948,30.391056],[-96.79894800013832,30.391056000136384],[-96.79894800021748,30.391056000149888],[-96.79894800023995,30.391056000236567],[-96.79928552131952,30.39138877818686],[-96.7994574235505,30.39155826470354],[-96.79970299910961,30.391699000065728],[-96.7998162042924,30.39191200355754],[-96.80015029695538,30.392241401270223],[-96.80074900058194,30.392550999767963],[-96.80086922569812,30.392950227023327],[-96.80099427374314,30.393073517788345],[-96.8011438840945,30.393221025689577],[-96.80132599937168,30.393271999140033],[-96.80225199975102,30.393875999671792],[-96.80250600016709,30.39456400008201],[-96.8033550949758,30.394980773474895],[-96.80379999997287,30.395091999917685],[-96.80433848288408,30.395463463877483],[-96.8064379813122,30.396493990827203],[-96.80643800014367,30.396493999616357],[-96.80715499992759,30.396410999365504],[-96.80759200038598,30.396137000023558],[-96.80792199971235,30.396351000829224],[-96.80836000089698,30.396257999268705],[-96.80827287761,30.396580058997174],[-96.80828536793848,30.396611171457323],[-96.8082913899387,30.396626171802755],[-96.8089179996934,30.397830000581912],[-96.8088647949797,30.39805448023407],[-96.80906513481695,30.39855351156136],[-96.8090666286657,30.398557232625205],[-96.80941300060546,30.398688000411926],[-96.80943100058064,30.398956999959825],[-96.80966600005394,30.39910000038917],[-96.80947599952172,30.399315000224895],[-96.80947000048783,30.399562000291073],[-96.80971700045448,30.399847999497194],[-96.81046500019835,30.400167000426134],[-96.81053352838418,30.400796480724452],[-96.81082,30.401129],[-96.81081999978211,30.40112900016517],[-96.81081999989746,30.40112900029427],[-96.81075099985156,30.401475000301005],[-96.81042100044321,30.40160199983277],[-96.81035399584154,30.401482261216902],[-96.80957965806265,30.40206925921057],[-96.80895305614062,30.4025442638934],[-96.80927300035732,30.402904999313],[-96.80951702937536,30.403823390973606],[-96.80982499982588,30.404438999651937],[-96.80982500002405,30.404439000003283],[-96.81014027059665,30.4044820151448],[-96.81047800044608,30.40426799996893],[-96.81069399967919,30.404410999795672],[-96.8107367986385,30.404563404720523],[-96.81124752107861,30.404633087082114],[-96.8114670000826,30.404516000560005],[-96.81157500063352,30.40465900009645],[-96.8115710540108,30.40467722953014],[-96.81197371287963,30.40473216782674],[-96.81206999924332,30.404625999868557],[-96.81234299938572,30.40469199980461],[-96.81230968993677,30.404778008136354],[-96.81304972023351,30.40487897698886],[-96.81306529388453,30.404881101839262],[-96.81313599986262,30.404839999331966],[-96.8133380001905,30.404846000205737],[-96.81345300017264,30.404933999393517],[-96.81345299994547,30.40493399999256],[-96.813453,30.404934],[-96.81337624100993,30.405524640228847],[-96.81341744238156,30.40564700540951],[-96.81366372666194,30.40557244943356],[-96.81395999966996,30.405384999737336],[-96.81414109788018,30.40542793807047],[-96.81479417347276,30.405230236909446],[-96.81480400016423,30.40520300065557],[-96.81485126515287,30.405212953930928],[-96.814937,30.405187],[-96.8151183444834,30.405269196705877],[-96.81569200069666,30.405389999829197],[-96.81663099965276,30.405742000440238],[-96.81752223218409,30.406358789543756],[-96.817772,30.406472],[-96.81895194361879,30.406955382107025],[-96.81902200026217,30.406940000493805],[-96.81904094876755,30.406991844439343],[-96.819117,30.407023],[-96.81918288727849,30.407380194458806],[-96.81921899981526,30.40747899995048],[-96.81956099934958,30.407588999984632],[-96.81935779806119,30.40822332154473],[-96.81942477027954,30.408302510352332],[-96.81952300021796,30.40832600038379],[-96.81992899958072,30.408089000571245],[-96.82026499989342,30.408188000731556],[-96.82001200030138,30.408836999394282],[-96.82070899652875,30.409820995895544],[-96.820709,30.409821],[-96.82087940177539,30.409871659987278],[-96.82105200012055,30.409732999291375],[-96.82137499967459,30.40983199982436],[-96.82147700012209,30.40961799942094],[-96.82162900016654,30.409601000296522],[-96.82235199998462,30.40986000036987],[-96.822542999385,30.410129000223165],[-96.82244800006022,30.41033799980235],[-96.8224479998004,30.41033799994066],[-96.822448,30.410338],[-96.82222012726096,30.411182958769565],[-96.82247900087934,30.411261999881653],[-96.82222600062983,30.411975999281736],[-96.82199029160661,30.412035196086435],[-96.82196809094111,30.4121175168023],[-96.82176300009458,30.41287799964933],[-96.82176300017694,30.41287800007647],[-96.82333174623705,30.41355598353486],[-96.82411163774805,30.413893038433194],[-96.82425599945924,30.41392300056449],[-96.82440942879919,30.41402173829856],[-96.82476742350927,30.414176457088168],[-96.82523299969637,30.414098999787058],[-96.82607599806035,30.414741999161716],[-96.826076,30.414742],[-96.82607599925623,30.41474200007388],[-96.82607600011872,30.414742000731746],[-96.82594300034371,30.414922999609622],[-96.8252960004288,30.41518700009176],[-96.82461970304549,30.414968197706507],[-96.82498697433101,30.415820339457657],[-96.82517864325919,30.41626504913832],[-96.82520753925728,30.416301478293445],[-96.82572859074541,30.41623824588275],[-96.82616479900466,30.416185309655855],[-96.8262540004714,30.416126999755715],[-96.82637479130621,30.416159825956537],[-96.826464,30.416149],[-96.82654269730158,30.416205456205986],[-96.82728800022814,30.416408000244864],[-96.82762500017745,30.416913000004094],[-96.82889999958937,30.417726999767346],[-96.82907791929422,30.418024184576232],[-96.82949604065169,30.418324138259678],[-96.83001000014721,30.41799099972511],[-96.83022310031954,30.41817838978443],[-96.83113299943128,30.417925000158377],[-96.83113299971572,30.417924999900173],[-96.83131699920642,30.417951999838184],[-96.83146900074398,30.418100999631413],[-96.83129809616581,30.418518970266366],[-96.83132537619463,30.418617116252374],[-96.83168499961052,30.41920600068039],[-96.83167963192948,30.419830545629527],[-96.83271299926975,30.420332999644923],[-96.8327129999575,30.420332999725442],[-96.83267867148845,30.420111288783477],[-96.83266072926565,30.41999540866334],[-96.83256100087327,30.420035999926803],[-96.8324339996525,30.419882000297683],[-96.83252370248618,30.419110419113828],[-96.832484,30.418854],[-96.83255282565561,30.41885991543834],[-96.83256699935033,30.41873800004608],[-96.83282305849811,30.418883141453453],[-96.83395,30.41898],[-96.83392575999264,30.419031895043396],[-96.83402599913894,30.41902400032658],[-96.83422899947666,30.41937599991081],[-96.83457199945633,30.41954599962537],[-96.83420999968418,30.419798999527824],[-96.83376000004922,30.419661999914766],[-96.83358800047908,30.419754999711678],[-96.83358800181472,30.41975500229792],[-96.8344154926415,30.420802826726693],[-96.83474300029555,30.42111300022619],[-96.83472382065693,30.421193252355824],[-96.834756,30.421234],[-96.83471365326194,30.421235795133462],[-96.8347050005667,30.421272000050262],[-96.83459193724417,30.421240954834214],[-96.83421119584268,30.421257094958843],[-96.83386153604519,30.421271917493737],[-96.83448300005612,30.42192700028063],[-96.83425193687624,30.422169265653825],[-96.83455299982529,30.422817999623533],[-96.83558075904074,30.422566610018638],[-96.83559735936433,30.422562549577552],[-96.83626599999843,30.422399000000382],[-96.83619000007043,30.42153600032076],[-96.83627760571427,30.421398230331192],[-96.836279,30.421278],[-96.8363384002525,30.421302623900704],[-96.83643100003485,30.421157000051714],[-96.83684300007259,30.421272000653104],[-96.83720533062571,30.421662002969487],[-96.83730230803769,30.42170220418182],[-96.83832800017781,30.421173000122664],[-96.83945699969843,30.420886999747907],[-96.83969800084981,30.42099100033391],[-96.84082699990472,30.421914999971303],[-96.84078110851368,30.42199667409207],[-96.840834,30.422041],[-96.84045400015982,30.424421998998625],[-96.84045400047931,30.424421999676532],[-96.84124700003156,30.42429499994923],[-96.84243300009992,30.424750999516732],[-96.84237691855951,30.424872804702456],[-96.842446,30.424889],[-96.84188841701344,30.426128593048997],[-96.84190161697494,30.426201088859287],[-96.84294920561254,30.425939051722786],[-96.84324600031812,30.425712999827166],[-96.84359500008914,30.425624999451767],[-96.84367270762615,30.42575807954621],[-96.843721,30.425746],[-96.84468619123346,30.42677442249456],[-96.8448189997398,30.426840000308275],[-96.84511800069512,30.42721399965793],[-96.84556199965256,30.427350999613612],[-96.84551837978603,30.427661129084413],[-96.845568,30.427714],[-96.84550605573254,30.42774875090659],[-96.84548000038,30.427933999815835],[-96.84492167360537,30.42807659090774],[-96.84477017213516,30.42816158365454],[-96.84434999973021,30.428450999958383],[-96.84429043817924,30.428430715740113],[-96.84377300025062,30.428720999859404],[-96.8437730000658,30.428721000135923],[-96.84377300008563,30.428721000176907],[-96.84397186328465,30.429131849527185],[-96.84415005156646,30.429499984708375],[-96.84429556402996,30.429504938195148],[-96.84456226665898,30.42944257578796],[-96.84475501141803,30.42939750676411],[-96.84508599959307,30.42898400021164],[-96.84546099948466,30.428951000100547],[-96.84565099987576,30.42918800002905],[-96.845651,30.429188],[-96.8462419989997,30.43138699627808],[-96.84624200013731,30.43138699968036],[-96.84624200064845,30.431386999943484],[-96.84744154059139,30.43128245033325],[-96.84731999993856,30.430913999851473],[-96.84742200083066,30.43056199987536],[-96.84767600094405,30.430666000110254],[-96.84774600053561,30.431012999779714],[-96.84839899870701,30.431199000112695],[-96.8483989988482,30.43119900010039],[-96.84839899936183,30.43119900005562],[-96.84862699989067,30.43088600054654],[-96.84956000000408,30.430274999845995],[-96.84973099987538,30.429972999475208],[-96.85011200006203,30.429945000445624],[-96.85016336263757,30.430001647901594],[-96.850182,30.429989],[-96.85166699683317,30.431659996436515],[-96.85166700005094,30.43165999998537],[-96.85166700008736,30.43165999997491],[-96.85166700030173,30.431659999913347],[-96.85210499957196,30.4313079997046],[-96.8530249993323,30.431270000084282],[-96.85302499932325,30.431270000194353],[-96.853025,30.43127],[-96.85297662835086,30.43214068968444],[-96.85305295853738,30.43220664908725],[-96.855671,30.432825],[-96.8558566652743,30.432915520851633],[-96.85603300046327,30.432929000509063],[-96.85770199998534,30.433686999702008],[-96.85795709724658,30.433939583599205],[-96.85807319944591,30.433996189068377],[-96.8581806407957,30.434048571952143],[-96.85830565187082,30.43397899713516],[-96.858672,30.433418],[-96.85973131241735,30.433586355009187],[-96.85986499978283,30.43353800005646],[-96.8610055211914,30.43374428418815],[-96.86123090744803,30.4336726690227],[-96.86126725941371,30.43366111839812],[-96.86150200012409,30.433510000235746],[-96.86167100656407,30.433532830101377],[-96.86218606176801,30.433369174321307],[-96.86223800022239,30.433296000078744],[-96.86218699971587,30.432987999648176],[-96.8628528115088,30.43315731848895],[-96.864547,30.432619],[-96.86466542943812,30.432655786489185],[-96.8649150009429,30.43255199951553],[-96.86528300053277,30.432650999481165],[-96.86567699862431,30.432969999572684],[-96.865677,30.43297],[-96.865676995484,30.432970005380078],[-96.86549900006109,30.43323399954709],[-96.8654420977609,30.43324984743285],[-96.86489884249293,30.433897046849577],[-96.86535400019191,30.43475099911574],[-96.86535400126904,30.434750999551444],[-96.86583713056977,30.434580232199195],[-96.86621700017234,30.434278000523506],[-96.86732099962452,30.43391999955847],[-96.86753000006486,30.433519000328538],[-96.8680310000084,30.433519000055774],[-96.8680539686535,30.433796666455315],[-96.86807,30.433791],[-96.870678,30.435503],[-96.87067800012649,30.435503000259672],[-96.8706780004896,30.435503000481262],[-96.87102799952912,30.436189999978602],[-96.87149699986163,30.43671199968939],[-96.87213900011567,30.437964999863564],[-96.87215073654399,30.438526566322587],[-96.8722243057956,30.438677605904264],[-96.87247600007896,30.438993000046707],[-96.87240880400246,30.439056385508216],[-96.872413,30.439065],[-96.87151814027935,30.440458539590725],[-96.87140499976077,30.44083599943325],[-96.87088384069862,30.441532919207056],[-96.87118477853151,30.442113446451593],[-96.8714879999639,30.44235899978449],[-96.87230217255,30.444268966960152],[-96.87242493746157,30.444505787884793],[-96.87256597817937,30.444630075041783],[-96.874999,30.445727],[-96.8749990012147,30.445727002644738],[-96.87536000012008,30.446124999687527],[-96.87537977303953,30.446556043419385],[-96.87544491810608,30.446697881425578],[-96.87551799988309,30.44685699974546],[-96.87551800010233,30.4468570000537],[-96.87551800172713,30.44685700090639],[-96.87617800027864,30.447049000010242],[-96.87711099735678,30.447692998612848],[-96.877111,30.447693],[-96.87711100004589,30.447693000469005],[-96.87711100017304,30.447693000556765],[-96.87727500032086,30.449369000253707],[-96.87687499941221,30.44946900058782],[-96.87660689638777,30.449144026334654],[-96.87577892515334,30.44886521969449],[-96.87549839961,30.448946124451858],[-96.874062,30.44967],[-96.875414,30.450639],[-96.87592697419124,30.45046619276507],[-96.87598600058948,30.450123000054074],[-96.87610600059962,30.450040000368492],[-96.8771089993034,30.450067999670903],[-96.87710899959687,30.450068000135804],[-96.877109,30.450068],[-96.87710899998378,30.45006800074872],[-96.87721000020942,30.45022799973478],[-96.87709892115741,30.45053315385666],[-96.87709575142581,30.45067944177238],[-96.87709108505113,30.450894802033993],[-96.87714000073126,30.45104199996627],[-96.87707600030986,30.45159100021994],[-96.87707599931908,30.451591000883628],[-96.87673679612494,30.45203117778337],[-96.8763026370481,30.45259457694869],[-96.87630100027174,30.452614000530804],[-96.87624014190372,30.45267567559214],[-96.876085,30.452877],[-96.87603328158491,30.45288531188814],[-96.87600299996852,30.4529159998709],[-96.8756713915707,30.45294347278328],[-96.87508030450209,30.453038468919306],[-96.8749835070273,30.453114303761325],[-96.8754093041505,30.454432709809442],[-96.8757799998851,30.454487999471848],[-96.87577300064267,30.45472999990915],[-96.87556947626364,30.454928654641407],[-96.87557811337129,30.454955397929087],[-96.87584300030537,30.455357000066755],[-96.87575399993601,30.455500000292695],[-96.87575399962584,30.45550000029714],[-96.87463082700019,30.45639195995334],[-96.87460822481322,30.456491409192154],[-96.87462157958696,30.4565522929641],[-96.87466390593538,30.456745256753404],[-96.87490399933706,30.45702100055282],[-96.87487894039549,30.457460549916565],[-96.878113,30.457151],[-96.87871641942262,30.457522099111237],[-96.87905899941407,30.45761299940927],[-96.87967999929889,30.458080999836707],[-96.87967159605842,30.458109526673788],[-96.879687,30.458119],[-96.87965931368946,30.458151222152907],[-96.87960399935889,30.45833900005838],[-96.87929078892938,30.458580122246023],[-96.878747,30.459213],[-96.87958668426066,30.459419434004282],[-96.87985100061037,30.459361999169744],[-96.88002607872369,30.459527457892204],[-96.88031483943088,30.459598448896628],[-96.88079699997623,30.459544000036836],[-96.88087299934116,30.459675999985233],[-96.88084403733939,30.45972855070802],[-96.880854,30.459731],[-96.88223518162135,30.461633618646573],[-96.88235694028076,30.461714261115667],[-96.88258091879915,30.461743919145963],[-96.88300400004327,30.46170000026203],[-96.88395599527395,30.461925999374202],[-96.883956,30.461926],[-96.883982,30.460755],[-96.88405421034352,30.460720236506834],[-96.88405799986704,30.460661000113312],[-96.88523102412037,30.460153694988087],[-96.885785,30.459887],[-96.88582190876313,30.45989815141612],[-96.88592399961406,30.45985399954819],[-96.88648899953962,30.45996300051569],[-96.88700299861709,30.460254999582176],[-96.887003,30.460255],[-96.88700300009452,30.46025500042149],[-96.88700300014332,30.460255000449212],[-96.88712999961207,30.460618000310106],[-96.88710056725027,30.460690067484997],[-96.88726787738001,30.461436129274787],[-96.88735261562478,30.4618139902367],[-96.88753238511346,30.461771280019935],[-96.88771443912596,30.46170162590873],[-96.88825899952056,30.46137099954666],[-96.88971389078083,30.460936633003623],[-96.889726,30.460932],[-96.88974688403738,30.460926782668288],[-96.8897829996107,30.46091600014648],[-96.88979332092974,30.460915181622624],[-96.893985,30.459868],[-96.89398500231053,30.459868000620904],[-96.89493700017954,30.45995099969935],[-96.89605400061173,30.460423999719207],[-96.89605400104777,30.460423999519055],[-96.8960540013081,30.46042399939956],[-96.89663199982107,30.460083000622852],[-96.89694194162948,30.46001642023565],[-96.89774297195692,30.45964873418371],[-96.89797099961113,30.459331000334572],[-96.89855499891425,30.459276000498374],[-96.898555,30.459276],[-96.89855500116747,30.459276000907323],[-96.89917700035961,30.45960599966274],[-96.89961147924382,30.46009706810797],[-96.899843,30.460277],[-96.89978984280644,30.46029866298533],[-96.89986799972938,30.460386999611174],[-96.89974799977034,30.46058499985705],[-96.89928400018005,30.46079400029673],[-96.89896218192773,30.460635957042353],[-96.89855638053491,30.460801332018566],[-96.89807498936908,30.46099751185927],[-96.89804142720979,30.461059349251116],[-96.8987046087274,30.461335726873227],[-96.89903000031379,30.46126600054144],[-96.89918190141347,30.461534636242867],[-96.8997999668404,30.46179221195701],[-96.90010899955388,30.46192099981408],[-96.90010900025689,30.461920999910195],[-96.90019100041836,30.46224000011763],[-96.89994300005733,30.463026000038685],[-96.8999430009954,30.463026000671668],[-96.90059699988575,30.463157999879744],[-96.90100242714672,30.46374086227495],[-96.901631,30.464165],[-96.90164844699669,30.464267106643785],[-96.90171999946588,30.464324000025506],[-96.90182620680932,30.46530742654517],[-96.90210177568706,30.46692016332448],[-96.90210412551359,30.466933915427767],[-96.90214305803671,30.466973473849542],[-96.90361057828775,30.46666510735341],[-96.90378799962545,30.466497000620897],[-96.90458199927596,30.46643600007836],[-96.90460507258435,30.4664561366619],[-96.90462,30.466453],[-96.90461796343851,30.466467386793774],[-96.90474699996977,30.466579999811714],[-96.90473999970598,30.466875999900385],[-96.90450441475411,30.467269523885637],[-96.90449265107036,30.467352625571305],[-96.90448679014399,30.467394028661555],[-96.9045940000694,30.4679539997916],[-96.90445399968185,30.46817400009115],[-96.90437342769182,30.468194850160952],[-96.904371,30.468212],[-96.90430049897482,30.468213722337747],[-96.90345699947939,30.46843199947546],[-96.90307191610881,30.468243736577147],[-96.90193150222821,30.468271596851103],[-96.90192100056149,30.46830499992404],[-96.90217499964015,30.46888800042135],[-96.90207416426333,30.469226268623775],[-96.90211140236421,30.46944952948996],[-96.90212360321529,30.469522679637638],[-96.90274320783081,30.469819012265148],[-96.90307872283353,30.46993856755963],[-96.90308323395962,30.469940175025776],[-96.90336199995456,30.469817999394174],[-96.90364699998436,30.469432999700135],[-96.9042500001091,30.46925700020806],[-96.9045229999511,30.469307000022187],[-96.904523,30.469307],[-96.90452300007071,30.469307000044093],[-96.90452300050109,30.469307000122917],[-96.9045230010825,30.469307000675073],[-96.90531564500942,30.469801310903513],[-96.90574800068163,30.469878999405356],[-96.90573339719433,30.470061830376306],[-96.905793,30.470099],[-96.90567039869411,30.470910164454036],[-96.90586799989858,30.47102799969756],[-96.90560800034213,30.471589000082705],[-96.90579799971619,30.472205000142697],[-96.90544900024669,30.472374999553402],[-96.90544900008061,30.472374999466652],[-96.905449,30.472375],[-96.90469583449335,30.472961183081285],[-96.90468699968353,30.47323199942491],[-96.90393800044409,30.473550999920672],[-96.90393799958775,30.473551001445994],[-96.90388792621455,30.47372663861294],[-96.90385203899999,30.473852516465634],[-96.90390499993917,30.474540999709696],[-96.9035179998205,30.47528800007209],[-96.90330799984523,30.476371999970755],[-96.90281900030737,30.477475998921864],[-96.902819,30.477476],[-96.90281899874492,30.477476017473233],[-96.90272299974481,30.479262999636056],[-96.90268460632696,30.479347026809872],[-96.902678,30.479439],[-96.901897,30.481765],[-96.90188698871029,30.48176606972182],[-96.90187700023874,30.48181399949429],[-96.90144600014864,30.482095000515123],[-96.90067100085827,30.481895999908293],[-96.900671,30.481896],[-96.90067099630618,30.48189600261757],[-96.89957299950963,30.482885999748582],[-96.8983279998139,30.48363900036724],[-96.89813946318739,30.48368993422666],[-96.898042,30.483759],[-96.89742856818691,30.48388198511188],[-96.89679498435551,30.484053150101925],[-96.89673094459926,30.484254239108516],[-96.89679100035201,30.484633000379937],[-96.89650868097495,30.48495216136859],[-96.89629175242027,30.485633331162425],[-96.89613263909068,30.486132957383],[-96.89635200037726,30.48651299950045],[-96.8958918720274,30.486903005951078],[-96.89624117705051,30.487511845495177],[-96.89638646529781,30.48776508327989],[-96.89656699991353,30.487883000217625],[-96.89667499907041,30.48826799837972],[-96.896675,30.488268],[-96.89667499182019,30.488268009466882],[-96.89593587836036,30.489165709898618],[-96.89731872454254,30.489522543531418],[-96.89736000025901,30.48952699983588],[-96.89736744899058,30.48953511652907],[-96.897398,30.489543],[-96.89740794112059,30.48957923977245],[-96.89772799974298,30.48992799950646],[-96.89771500003889,30.49045099952376],[-96.89808899740525,30.492061990541025],[-96.898089,30.492062],[-96.8980890004356,30.49206200089268],[-96.89831099980908,30.492275999891202],[-96.89862199997239,30.492265000162956],[-96.8987749995725,30.492392000539336],[-96.89879299941732,30.493327000353716],[-96.89983300043453,30.49563599925302],[-96.89984599938583,30.4961639997962],[-96.8993239518259,30.496812547837077],[-96.89930220889978,30.496862801612654],[-96.8992957224815,30.496877793477466],[-96.89930428698788,30.496962084085894],[-96.901635,30.499585],[-96.9028279094395,30.50020282451464],[-96.90401400012462,30.500593999522657],[-96.9041470001075,30.500885999752978],[-96.90589299999324,30.500973999845037],[-96.90615447476794,30.501104635865815],[-96.906369,30.501128],[-96.90767140121046,30.501583560938425],[-96.90772199969157,30.501580000325852],[-96.90805361134935,30.50171725246769],[-96.908699,30.501943],[-96.9086527622051,30.501965237531863],[-96.90874400029031,30.50200300044616],[-96.90874399977076,30.502195999803295],[-96.90841400041782,30.50243700020249],[-96.90709300053183,30.503025000402264],[-96.90660242419828,30.50295132384599],[-96.90653372268262,30.502984365044135],[-96.90643134395339,30.503033602908047],[-96.90629236912993,30.50314247329607],[-96.90566961045876,30.504775383164752],[-96.90539000041059,30.506043999860772],[-96.90504100039875,30.506834999798926],[-96.90475445266699,30.507174980727587],[-96.90437844897865,30.50816088451628],[-96.90431387770009,30.508539134745604],[-96.904528389239,30.50904693595707],[-96.90481699970076,30.50955700053604],[-96.90482179705711,30.509741503933405],[-96.90514448587273,30.510505387183347],[-96.90545977714903,30.511251758650715],[-96.90545999978458,30.511251999995164],[-96.90608599926124,30.51263599988162],[-96.90605196079495,30.512653601993655],[-96.906061,30.512675],[-96.90601245635881,30.51267403069058],[-96.9055019998154,30.512938000083178],[-96.90400999998009,30.512827999785106],[-96.90397906239669,30.512633428299065],[-96.90295600016316,30.51261300000326],[-96.90295599987188,30.51261300034729],[-96.90282799975982,30.51326200008839],[-96.90249303739661,30.51362449346727],[-96.9024742526761,30.513665534842847],[-96.90223100003267,30.514196999928622],[-96.90223100002804,30.514197000036667],[-96.90265280817358,30.514748595303924],[-96.90278999975403,30.514927999450073],[-96.90279000925571,30.514927996338784],[-96.904638,30.514197],[-96.90463800062928,30.514197000031395],[-96.90463800079515,30.51419699993438],[-96.90463800124617,30.51419700006217],[-96.90605232826302,30.514267557856172],[-96.90614047701663,30.514271955411704],[-96.90628300013103,30.514253000631335],[-96.90633526944458,30.514281673195384],[-96.906422,30.514286],[-96.90642810909716,30.51433260079907],[-96.9066639997896,30.51446199968587],[-96.9065429998949,30.515208999198226],[-96.906543,30.515209],[-96.90654299945811,30.515209000195792],[-96.90592599997454,30.51583600051672],[-96.90555200036319,30.51588500033566],[-96.90523003749051,30.51568339156365],[-96.904625,30.515902],[-96.90428860946199,30.518445250828577],[-96.90430600051194,30.518502000477596],[-96.90423600072113,30.518842994547963],[-96.90423600008728,30.518842999340162],[-96.90423600178259,30.51884299971421],[-96.90436852399189,30.518821753474214],[-96.90560199993986,30.51862400000964],[-96.90560200013405,30.518623999726362],[-96.90584206553474,30.518133966227204],[-96.90568500051836,30.517798999860318],[-96.90613641388813,30.517533127650843],[-96.90624148893266,30.517318643216207],[-96.90611699986535,30.517149999790632],[-96.90618000047317,30.51699599972267],[-96.90640200012152,30.516990999816578],[-96.90640200091906,30.516991000219075],[-96.90726151195598,30.517195880478994],[-96.90737123676921,30.51722203540579],[-96.9076600003872,30.517140000539854],[-96.90797100071774,30.517364999699602],[-96.90862499987655,30.519048000400865],[-96.90861200055885,30.51972899991472],[-96.90892900012555,30.52012499986318],[-96.90880200040752,30.520593000157845],[-96.90880200004909,30.520593000321757],[-96.908855799157,30.52094560933551],[-96.9089670326303,30.521674653493303],[-96.90897900044249,30.52167599955131],[-96.90902999924424,30.52184100056905],[-96.90900307046917,30.521910851960442],[-96.9091249998862,30.52270999925411],[-96.90912500040271,30.522709999887372],[-96.90968399993724,30.522588999380076],[-96.90991650261317,30.522902409475023],[-96.9101822395706,30.5229670085144],[-96.91057594794478,30.523062716627457],[-96.91089700055467,30.523000999845735],[-96.91099200064085,30.5228859999931],[-96.91091600070875,30.522572999669077],[-96.91109999996202,30.522507000689735],[-96.91238299780646,30.523501999466763],[-96.912383,30.523502],[-96.91238299899042,30.523502003153528],[-96.91233799983017,30.523946999841588],[-96.91176000217673,30.525447993200743],[-96.91176,30.525448],[-96.9117600001777,30.525448002551695],[-96.912128000915,30.526719000395037],[-96.91189899995591,30.527443999366938],[-96.911899,30.527444],[-96.91342299841958,30.528477998927723],[-96.91342299975685,30.528477999479023],[-96.91342299975685,30.52847799983503],[-96.913423,30.528478],[-96.91342299975685,30.528478001158753],[-96.91342299949517,30.529044000059343],[-96.91329372473768,30.52909407142816],[-96.9131732189179,30.52966835138827],[-96.91309537233488,30.530039335401128],[-96.9144389991028,30.53037499980703],[-96.914439,30.530375],[-96.91443899999642,30.530375000030272],[-96.9144390004632,30.530375000146883],[-96.91466100057038,30.530847999859702],[-96.91449000014065,30.53097499942121],[-96.91431200002712,30.531446999998963],[-96.91431200018026,30.53144700032901],[-96.91497919273934,30.532664766363727],[-96.91542899928439,30.53327299999655],[-96.91605799989854,30.534411000079064],[-96.91608994511176,30.534692121875576],[-96.91609421540689,30.534699916057757],[-96.9163429999325,30.535153999876783],[-96.91634300010912,30.53515400010452],[-96.91634300010907,30.53515400010681],[-96.9170754024198,30.535871239538693],[-96.91727886644004,30.536070491256158],[-96.91761999983206,30.536120999518822],[-96.91782990128107,30.53661011805762],[-96.91842,30.537188],[-96.918902,30.539212],[-96.9199840417262,30.53968197150586],[-96.92068566745594,30.539970807682018],[-96.922224,30.539647],[-96.92222711435367,30.53964965953869],[-96.92225599997424,30.539624999749996],[-96.92240200002216,30.539669000263384],[-96.92260499965242,30.53993299963315],[-96.92280199973486,30.539933000405735],[-96.92313200023159,30.540175000757596],[-96.92316446805138,30.540450123675157],[-96.924155,30.541296],[-96.9241961999067,30.54135418490049],[-96.92433899928338,30.541427999909043],[-96.92437479325555,30.541606404797673],[-96.92516833576768,30.54272709160996],[-96.92570499956969,30.543484999392287],[-96.92570500006694,30.54348499982911],[-96.92570500018859,30.543484999814055],[-96.9260971239572,30.54309837739216],[-96.92623590392795,30.542961544451398],[-96.92621299986838,30.542941000152307],[-96.92628077405978,30.54291730383038],[-96.92688311101595,30.54232341743166],[-96.92691799967186,30.542197999823134],[-96.92696227320695,30.54224536585596],[-96.926988,30.54222],[-96.92719267372279,30.54249185980253],[-96.9280490001818,30.543408000496395],[-96.92849899898123,30.544226998646796],[-96.928499,30.544227],[-96.92969999791524,30.544156000123245],[-96.92969999916254,30.54415599920087],[-96.92962399988062,30.543341999927232],[-96.92975099987802,30.543155000562543],[-96.9300559999882,30.543040000036992],[-96.930056,30.54304],[-96.93005600004814,30.543040000014393],[-96.93005600012172,30.543039999986647],[-96.93054500010588,30.54308399980992],[-96.93147070132652,30.54343922285628],[-96.932965,30.542919],[-96.93296500076664,30.54291900056122],[-96.93371499996147,30.54317200030632],[-96.93368900007725,30.54340299961045],[-96.93366089721991,30.543428425971314],[-96.93369232548743,30.54345143278216],[-96.93420399966696,30.543825999756205],[-96.93420400034053,30.54382599983181],[-96.93576700002613,30.54435399941806],[-96.93627331307098,30.544610858102626],[-96.93676217089642,30.544796274234535],[-96.93839600014182,30.544661999824427],[-96.9390439996556,30.54479399990711],[-96.9392030001767,30.5451129995137],[-96.93920300011943,30.545113001757894],[-96.93924912653512,30.545791924938833],[-96.93929200121916,30.5464229866944],[-96.9394108937949,30.54651709611079],[-96.941649,30.546339],[-96.94320455107966,30.546800590753246],[-96.94322920966214,30.5467609563269],[-96.942888,30.545498],[-96.94294452302488,30.54544464870265],[-96.9429199999796,30.54534999967583],[-96.94449500001258,30.543914000144998],[-96.94480600062252,30.54341399925216],[-96.94523209088342,30.54328544520467],[-96.945276,30.543244],[-96.94530078128186,30.543264720889773],[-96.94533300039558,30.54325500018537],[-96.94695984784192,30.544585973005184],[-96.94719637274892,30.544676745756234],[-96.94776260625349,30.544894052988695],[-96.94875099984883,30.544904000295166],[-96.94896099998026,30.5450300006771],[-96.94910699980018,30.545409999454918],[-96.94910699961687,30.545409999852964],[-96.949107,30.54541],[-96.94910699764921,30.545410004125614],[-96.94889700003556,30.54586600032607],[-96.94880115476862,30.545946754990343],[-96.9484110238764,30.546631430380987],[-96.9482050002879,30.546992999494737],[-96.94820500029063,30.54699299960649],[-96.94869999990455,30.54733399993204],[-96.94886165229073,30.547693484244643],[-96.9489679955135,30.547806925944492],[-96.94908312696887,30.54781868961785],[-96.950886,30.547362],[-96.95090515768527,30.54738786709487],[-96.95094899986178,30.547372999677798],[-96.95135600011648,30.54768599959362],[-96.95162062312153,30.54835390302533],[-96.95168410280276,30.54843961457729],[-96.95171690725428,30.548483907812493],[-96.95184960655082,30.54860120001527],[-96.954132,30.549143],[-96.95424578846182,30.549235102866312],[-96.9543860003494,30.549253000291955],[-96.95455430194596,30.549484820418783],[-96.95497285583102,30.549823607075215],[-96.95502800050677,30.5498410005016],[-96.95600000013354,30.550654999989444],[-96.95619700003044,30.551104999909825],[-96.95644500000711,30.55125399933036],[-96.95643899942174,30.551418999830332],[-96.9561692801977,30.551467891597838],[-96.95622566826162,30.551738669775073],[-96.95638513704024,30.55209058305361],[-96.95670061666202,30.552188452172473],[-96.95712310671351,30.552319518416414],[-96.9571968186299,30.552303900253122],[-96.95809871701117,30.55192653859159],[-96.95877352075637,30.55164419518375],[-96.9588340001105,30.551604999708744],[-96.9588606729147,30.551607730007678],[-96.959393,30.551385],[-96.95943371750194,30.55139270667067],[-96.95944999981178,30.551373999297578],[-96.95948317025058,30.551402066676296],[-96.961686,30.551819],[-96.96171313774757,30.5518793318461],[-96.961901999683,30.551951000510783],[-96.96226499993944,30.552578000041027],[-96.96318229507148,30.55514551940889],[-96.963326,30.555465],[-96.9633545186743,30.555627575205747],[-96.96347899987165,30.555975999474],[-96.96363000007788,30.55719799995962],[-97.01563312577126,30.530233985208152],[-97.01605000015434,30.53000399991134],[-97.01650062089973,30.529784182410165],[-97.051648,30.51156],[-97.05164801908957,30.511559989984704],[-97.05891999996986,30.507511000800243],[-97.08335959672532,30.494922594146423],[-97.085749,30.493669],[-97.0992982669333,30.48663236965186],[-97.11566799942577,30.47801399969908],[-97.12644899198685,30.472532004161522],[-97.126449,30.472532],[-97.13472,30.468137],[-97.155219,30.457344],[-97.1621039997898,30.474155999486737],[-97.16210400010603,30.47415599979555],[-97.16282577457119,30.475906220416523],[-97.16493299957799,30.481015998976662],[-97.16697699959427,30.47725300032971],[-97.16533399991151,30.47687899980563],[-97.16451500047671,30.476379000501264],[-97.16801599989793,30.467382999768972],[-97.17790899988717,30.470421999390876],[-97.18102199970429,30.46305300012806],[-97.18129099978418,30.46317599997494],[-97.18339999999026,30.45774000059485],[-97.18320499928174,30.457679999961936],[-97.18729999976347,30.44749900019503],[-97.23993399935574,30.431301999914798],[-97.24671599991694,30.429312999789914],[-97.25646200053495,30.426217999610074],[-97.30647800012731,30.41117399974594],[-97.30644367904968,30.41103108027145],[-97.30653899984274,30.411269000141594],[-97.31509100026568,30.40850899966529],[-97.33446299980365,30.40284300021522],[-97.36949100042361,30.419641999463938],[-97.37486599940979,30.410805999331433],[-97.37894300008456,30.41616899959459],[-97.3799809999663,30.417848999926246],[-97.38114699993027,30.420044000618084],[-97.3815430003922,30.421482000407327],[-97.38191899981322,30.423794000135],[-97.38174499999734,30.424047999673693],[-97.38338999989938,30.42415000002102],[-97.38325299978989,30.42603699940714],[-97.38476300000659,30.428962000123338],[-97.3869219997689,30.429948000503636],[-97.38759899961029,30.433420000648315],[-97.39253999959652,30.434425999516325],[-97.39150500021104,30.436857999858155],[-97.39303100016431,30.43876800047448],[-97.3954909997924,30.437764999963253],[-97.40101200050844,30.4393569995046],[-97.40139699971168,30.439672000222732],[-97.40281799999767,30.440088000487332],[-97.40431000070988,30.440960999778376],[-97.40508600012227,30.4416849997583],[-97.40541199948576,30.441663000175325],[-97.4055620000921,30.441479000006943],[-97.40623999993926,30.442287999776358],[-97.40876899964906,30.43819000016494],[-97.41525199967285,30.438337000374634],[-97.42190799970923,30.444319000208065],[-97.42211899932403,30.44323200007092],[-97.42904000002848,30.445204999370134],[-97.43045199950834,30.445660000324203],[-97.43082299953565,30.44592000051478],[-97.4317690003208,30.446002000728722],[-97.43526199945441,30.44708799988531],[-97.43539500033361,30.446318999707223],[-97.43976100040652,30.448352999788852],[-97.43983199950634,30.447883999637895],[-97.44043599967637,30.446744999166587],[-97.44834300027614,30.434448000358763],[-97.46293699983867,30.441419000262893],[-97.46717499980193,30.43503400010503],[-97.46700800025486,30.434910000105177],[-97.46980399945666,30.430693000797334],[-97.48144600023542,30.436374000095775],[-97.48521899977017,30.43044699985945],[-97.4856559992184,30.430637999894095],[-97.48585199982877,30.430519999527075],[-97.48601899984757,30.43078800014189],[-97.48621400018875,30.430762000083064],[-97.48844399947363,30.4318230005791],[-97.49098900026038,30.42785099935832],[-97.49189299927433,30.428237000672805],[-97.49571500054427,30.422406999810864],[-97.48896500043548,30.41915599954718],[-97.49488700027757,30.41006900019961],[-97.49599599947929,30.410599999718507],[-97.49632499975938,30.41066000020243],[-97.49661299945535,30.410536999510718],[-97.49989800026647,30.405402999654726],[-97.4892969999884,30.40042000020438],[-97.48911700007498,30.400122999617235],[-97.49091999920525,30.39727199947239],[-97.49100099953047,30.397051000192054],[-97.49088799950685,30.396839000226365],[-97.49138999954276,30.396054000098115],[-97.49210400068219,30.39527500061798],[-97.49242599945411,30.39543799999633],[-97.49852100073737,30.38583099976405],[-97.49640700043801,30.384749999463146],[-97.5013569996388,30.37702600083079],[-97.50156100053934,30.377172000070832],[-97.50156400019264,30.37667499934749],[-97.50570500000565,30.370063999390638],[-97.49892400012934,30.3669299996476],[-97.50124400042279,30.363278999654625],[-97.48916399983557,30.357193999883343],[-97.48762300001364,30.35664300019969],[-97.48578300068905,30.355788000137395],[-97.47760600025227,30.351734999991116],[-97.46375400001178,30.345114000138814],[-97.47310900040245,30.33031300025794],[-97.47287200032028,30.32830299987539],[-97.46916799976466,30.323730999354783],[-97.46931500011559,30.32345800008461],[-97.46680000010151,30.323906999418952],[-97.46522900005047,30.32378100044332],[-97.46216199998901,30.32298300065995],[-97.4610600005726,30.32249900037106],[-97.45853700009118,30.322074000078793],[-97.45668400030739,30.321349999657674],[-97.4545569997259,30.320286999775476],[-97.45203999953024,30.319674999347054],[-97.44384299961617,30.319439999563254],[-97.44973699971723,30.31052999946332],[-97.45026500002136,30.310376999578803],[-97.45090899948434,30.31061200006716],[-97.45152200005496,30.310661000018882],[-97.45256499942906,30.30964199982869],[-97.45293299982933,30.309069000118654],[-97.45251100001757,30.309023999108916],[-97.4516219993848,30.309219999576293],[-97.45117899940065,30.308944999960687],[-97.45095800077057,30.30847799946952],[-97.449848999566,30.308024000447844],[-97.45020900013294,30.30724999969005],[-97.45100699965765,30.30699699982945],[-97.45097099983424,30.306618000057373],[-97.4502990001326,30.30571600011209],[-97.45025899968576,30.305045999608055],[-97.45065299973625,30.30456899984475],[-97.45083900069598,30.30298199985359],[-97.45116899998366,30.302565999944115],[-97.45168199966061,30.302372000119387],[-97.45206699985586,30.30177600029734],[-97.45209600023618,30.30156500042542],[-97.45187200007534,30.301032999886782],[-97.45206199976806,30.300817999821877],[-97.45206800081735,30.30042799988299],[-97.45150300012796,30.30007399983325],[-97.45099799910885,30.299530999859282],[-97.45103500058497,30.299282000205576],[-97.45161099960812,30.298843000370272],[-97.45164800000022,30.298522000372856],[-97.45145399977687,30.298254000464617],[-97.45090600008184,30.29783099988598],[-97.45057099920416,30.297745999987907],[-97.44983499958285,30.297067000389035],[-97.4498330003079,30.296012000338443],[-97.44944400024279,30.295322999765418],[-97.44904100018515,30.294007999676964],[-97.44854000061916,30.293247000289163],[-97.44800099985194,30.293194000090807],[-97.44771900001403,30.29285600044611],[-97.44776000074431,30.292472999639788],[-97.4482019996382,30.2921440001408],[-97.44829499960112,30.291879000363295],[-97.44772999967235,30.291779000466317],[-97.44748300035765,30.29147899952258],[-97.4465240004043,30.289934999407855],[-97.44635599997976,30.28924299983542],[-97.46087400011153,30.264445999577873],[-97.46159700038747,30.26314099982847],[-97.4619999998299,30.26174700007701],[-97.46975600011335,30.249273999317865],[-97.48265999990026,30.22672500000956],[-97.49125400016813,30.212110000249126],[-97.49248199936731,30.21001100073197],[-97.49267899989611,30.209945999805548],[-97.50027500000122,30.202894000766676],[-97.50557099940012,30.198260000047398],[-97.51887900065371,30.18588199973415],[-97.52646800077147,30.179189000093753],[-97.52922799962649,30.176525000577925],[-97.53066000058034,30.17538099931894],[-97.60380000011355,30.10880499999129],[-97.60974900003211,30.103447000213393],[-97.61422700006054,30.10045999960478],[-97.62504900001231,30.090800999596958],[-97.62613199953648,30.090040999461134],[-97.63365399925515,30.08305999994467],[-97.63920800017448,30.0782900002566],[-97.64489299965352,30.072340999485064],[-97.64936999956636,30.067944000778102]],[[-97.33298099983205,30.25624800055881],[-97.31842599998112,30.26953799958941],[-97.31868199995048,30.269278000149228],[-97.31782999967366,30.26846099977467],[-97.31868999996271,30.269285000157026],[-97.33298099983205,30.25624800055881]],[[-97.31786784856355,30.26949819743929],[-97.3178229996451,30.26949499923298],[-97.31759131016275,30.26932165199706],[-97.31786784856355,30.26949819743929]],[[-97.31712163320702,30.269021804577626],[-97.31668494850524,30.268845818766483],[-97.31696999964646,30.268924999888185],[-97.31712163320702,30.269021804577626]],[[-97.31641792022313,30.268771644010286],[-97.31514025066008,30.26904675297946],[-97.3152050002832,30.269003000375484],[-97.31637599996247,30.268759999456794],[-97.31641792022313,30.268771644010286]],[[-97.31479965007563,30.269276903546622],[-97.3145975609642,30.269462302613043],[-97.31461599960716,30.269400999808948],[-97.31479965007563,30.269276903546622]],[[-97.31463899985185,30.270214000403147],[-97.31453899995223,30.269656999926294],[-97.31457868304574,30.269525065872795],[-97.31463899985185,30.270214000403147]],[[-97.2968974057818,30.29644489348891],[-97.29676799982639,30.296517000468832],[-97.29671157936541,30.296500288342905],[-97.2968974057818,30.29644489348891]],[[-97.2962619706684,30.29636711117577],[-97.29599702881968,30.296288633590475],[-97.29603400023922,30.296289000699957],[-97.2962619706684,30.29636711117577]],[[-97.2943070000713,30.295841999437748],[-97.29306700031303,30.295609999619295],[-97.29300913723331,30.29555444402057],[-97.2943070000713,30.295841999437748]],[[-97.29283648034601,30.294226930528996],[-97.29258347054605,30.2943619665736],[-97.29268100061796,30.29425399987096],[-97.29283648034601,30.294226930528996]],[[-97.29245010877386,30.2945095993039],[-97.29241499953896,30.29498399952481],[-97.29241000046721,30.29455399957484],[-97.29245010877386,30.2945095993039]],[[-97.29095915018063,30.38164259272438],[-97.28802200077139,30.380235000444877],[-97.29093700020417,30.381627000751045],[-97.29095915018063,30.38164259272438]],[[-97.28519838060843,30.400085814507907],[-97.2851450001315,30.399998000429335],[-97.28241600039914,30.39344000024052],[-97.28519838060843,30.400085814507907]],[[-97.25170700026582,30.362848000483808],[-97.20381899946618,30.33990099988952],[-97.21815300000213,30.346709999629034],[-97.25170700026582,30.362848000483808]],[[-97.19891400012594,30.337448000117],[-97.1145049998738,30.281158999333485],[-97.1588109998141,30.310694999830943],[-97.19891400012594,30.337448000117]],[[-97.13866399935633,29.923446999527815],[-97.08582299982595,29.9238219999738],[-97.1033130002986,29.923620999484065],[-97.13866399935633,29.923446999527815]],[[-97.12143100001487,30.2787469995833],[-97.11810200015911,30.27152700013508],[-97.12074300015568,30.27724499976909],[-97.12143100001487,30.2787469995833]],[[-97.10777700022824,30.26662899947992],[-97.10776177199412,30.266683435106664],[-97.10354699965418,30.25652699993902],[-97.10777700022824,30.26662899947992]],[[-97.10248258899784,30.273071100946133],[-97.10246799975079,30.27307600012427],[-97.0818340000976,30.25935699958186],[-97.10248258899784,30.273071100946133]],[[-97.06045700005254,30.18292400072728],[-97.0530865429665,30.155815564689455],[-97.05918800005789,30.178063999957224],[-97.06045700005254,30.18292400072728]],[[-96.99327199994096,29.8724909999706],[-96.99283178210904,29.873418814750465],[-96.99283299962333,29.873405999764202],[-96.99327199994096,29.8724909999706]],[[-96.98837600068681,29.80723200014403],[-96.98007800027068,29.80735600054163],[-96.9800009801828,29.807289498383632],[-96.98837600068681,29.80723200014403]],[[-96.98241965702381,30.29859247626973],[-96.98041399961735,30.298374000422587],[-96.98240100002937,30.298572999524676],[-96.98241965702381,30.29859247626973]],[[-96.97992573341539,29.80722452737993],[-96.97985100061591,29.807160000156262],[-96.97967200047607,29.799894000453133],[-96.97992573341539,29.80722452737993]],[[-96.97962320130682,29.79925668095471],[-96.97957289035925,29.799199464301537],[-96.97962200064555,29.7992410002608],[-96.97962320130682,29.79925668095471]],[[-96.97944064800677,29.79908761781519],[-96.96699499952811,29.79931800021542],[-96.97942099963245,29.79907099982868],[-96.97944064800677,29.79908761781519]],[[-96.97573800007136,30.053313000163822],[-96.86348000008317,30.10789200000259],[-96.86347406031712,30.10789474187386],[-96.88179100014005,30.098952999332255],[-96.97573800007136,30.053313000163822]],[[-96.96006931955253,30.295722168646634],[-96.95921900004022,30.295617000111125],[-96.95808799969099,30.295360999811688],[-96.96006931955253,30.295722168646634]],[[-96.9580230002399,30.2954490004026],[-96.95311982359537,30.29502487777367],[-96.95321400004845,30.294970999822638],[-96.9580230002399,30.2954490004026]],[[-96.95305034291576,30.295064627377013],[-96.95272611731981,30.29563829669243],[-96.95299899983375,30.295094000537375],[-96.95305034291576,30.295064627377013]],[[-96.95203249972211,30.29686555060883],[-96.95182199946706,30.29723799972672],[-96.9516299996059,30.297386999456187],[-96.95203249972211,30.29686555060883]],[[-96.94248700066343,30.34425099944484],[-96.94206400005613,30.344626999960546],[-96.94173298178679,30.344795101926753],[-96.94248700066343,30.34425099944484]],[[-96.94123992643561,30.345150892277108],[-96.94113999991559,30.345382999958037],[-96.94113999966324,30.345222999762132],[-96.94123992643561,30.345150892277108]],[[-96.81038720731313,29.98418392868723],[-96.810357517386,29.984123235363125],[-96.81038100001642,29.984142000113465],[-96.81038720731313,29.98418392868723]],[[-96.75210442577618,30.007580666173183],[-96.75197400012918,30.00770300063333],[-96.75177474761168,30.007725533100082],[-96.75210442577618,30.007580666173183]],[[-96.75155375246695,30.00775052433138],[-96.75135500079355,30.00777300016019],[-96.75114761639524,30.007674843084022],[-96.75155375246695,30.00775052433138]],[[-96.67719875327036,29.85067543174389],[-96.67715065245096,29.8506586823959],[-96.67718200023205,29.850658999782105],[-96.67719875327036,29.85067543174389]],[[-96.67690678079354,29.850656213273776],[-96.67640583920891,29.85100981968888],[-96.67678699942502,29.850655000525933],[-96.67690678079354,29.850656213273776]]],[[[-96.7329774330274,30.147111865896445],[-96.73213600037437,30.147015999785037],[-96.73213600076126,30.147016000086733],[-96.7329774330274,30.147111865896445]]]]},"id":"scouting-3"},{"type":"Feature","properties":{"district_name":"Hill Country","status":"Current assignment-derived planning region","derivation":"Assigned school-district polygons, subdivided by mapped schools only where a district spans multiple scouting districts","assignment_school_count":35,"school_district_count":8,"school_districts":"Blanco ISD, Burnet Cons ISD, Fredericksburg ISD, Harper ISD, Johnson City ISD, Llano ISD, Marble Falls ISD, Mason ISD","source":"CAC Schools monday.com table","source_updated_at":"2026-08-01T10:20:02Z"},"geometry":{"type":"Polygon","coordinates":[[[-99.484755,30.940605],[-99.484694,30.909617],[-99.484699,30.909603],[-99.48436600039823,30.823445103034807],[-99.48436599976294,30.823444999822602],[-99.48436599999921,30.823444999822073],[-99.48386900000219,30.710771000496706],[-99.48386899917253,30.71077100049676],[-99.48396704799146,30.65981898243661],[-99.483997,30.644254],[-99.484049,30.625182],[-99.484401,30.550104],[-99.48440100000222,30.55010399942669],[-99.4844009997153,30.550103999427257],[-99.48440100027648,30.550103928860715],[-99.48453,30.516912],[-99.484493,30.499641],[-99.48449288046328,30.49964100010302],[-99.36888256689973,30.49974063365253],[-99.35583951352405,30.49975187422151],[-99.34727359840386,30.49975925637023],[-99.31594325146906,30.499786257020745],[-99.308119,30.499793],[-99.3039995618491,30.499831966308],[-99.30811899955677,30.499793325939695],[-99.30812400002182,30.51056600051704],[-99.28675800039935,30.510757999681136],[-99.28665600016369,30.51782099987935],[-99.25982299982795,30.5181479998294],[-99.2387369998207,30.53062999956847],[-99.23117500027568,30.52123400029815],[-99.24115399948192,30.515017000088164],[-99.2075060001622,30.51531299969954],[-99.20750600080207,30.51645600058576],[-99.19018199971289,30.516638000168072],[-99.19005199983978,30.525316000412822],[-99.13488699991878,30.525989000426883],[-99.13474899937722,30.521605999930777],[-99.1231610006268,30.52137799928575],[-99.11430300004209,30.521635999616414],[-99.1122769997384,30.52149100041089],[-99.10735299950784,30.52145100033206],[-99.10101299952831,30.527078999785605],[-99.10834200042663,30.529264999809158],[-99.10937199986029,30.532015000348945],[-99.10899099966593,30.533158999608748],[-99.10502700073998,30.535730999498668],[-99.10542600024868,30.53707300049282],[-99.09527799999101,30.53544299977238],[-99.09780399953912,30.52769599978452],[-99.09240800056388,30.526109999904122],[-99.09194399929527,30.526582000234605],[-99.08616900005713,30.52600600022324],[-99.08910299966432,30.521020999940664],[-99.09222300025861,30.521340999611393],[-99.09261800017114,30.518785999280016],[-99.08883000004468,30.518329000304067],[-99.09228299978116,30.51656099994589],[-99.08949300013379,30.51288700025236],[-99.08884100046171,30.512233000078226],[-99.08758600015184,30.51323999986705],[-99.08340500022466,30.515501000118245],[-99.08305899984667,30.514804000380597],[-99.08219399915306,30.513862999801095],[-99.07991299953676,30.512398000499157],[-99.07820099984922,30.51166799928841],[-99.07866100032466,30.49849299987173],[-99.00032699989241,30.49807599984354],[-99.02747599947391,30.49822000006479],[-99.02770300033487,30.483052000370936],[-99.02319700007502,30.482854999962385],[-99.02351199944364,30.453009000136056],[-99.00711600026413,30.453101000791893],[-99.00694599992865,30.44857299983397],[-99.00698800059003,30.4412720001427],[-99.00989800052956,30.441236999995922],[-99.01003699925849,30.413434000720837],[-99.03091000000309,30.413649000145625],[-99.03087500004371,30.40977799993816],[-99.05282999967886,30.4099610000664],[-99.0529269995421,30.3954879998546],[-99.0576240002244,30.395438000111568],[-99.05776300013868,30.381428999823793],[-99.07362299979746,30.381565000231888],[-99.07366500011763,30.387937999806933],[-99.10983799969581,30.388195000064265],[-99.10984299993277,30.382795000734582],[-99.1108270000589,30.382801000111968],[-99.11077799998372,30.381977000048153],[-99.11680500055334,30.38206900052421],[-99.1167699996653,30.37366400000222],[-99.11621600027676,30.373604999728162],[-99.11623600049029,30.366105000386476],[-99.11689600007863,30.3661089994287],[-99.11694299998636,30.365783999721387],[-99.123167999822,30.36577800003391],[-99.12316799943525,30.360211000200415],[-99.13016702336326,30.36018824130289],[-99.13027600000194,30.365937999885578],[-99.15973999948065,30.36607600015241],[-99.15979399976118,30.378428000385124],[-99.15855499976354,30.378333999309397],[-99.15850499970244,30.378567999210937],[-99.15842100063256,30.38833400017701],[-99.15456399955536,30.388356999334754],[-99.15455400056798,30.39580400000288],[-99.16450100041317,30.396223999848807],[-99.16437700019466,30.40613599987669],[-99.1628290006811,30.41630800008829],[-99.17253499965153,30.416430000432655],[-99.17260100094619,30.419386000012015],[-99.17247599989021,30.426000999558074],[-99.1834580004705,30.426142000133904],[-99.18373799980125,30.416336999812295],[-99.17263199983304,30.41637199965974],[-99.17265600025527,30.40616499970023],[-99.18058699980162,30.406079000023226],[-99.18087099996156,30.393467999571747],[-99.17153900010005,30.39322300022381],[-99.17166500084238,30.379411999633902],[-99.1859320003133,30.379548999567778],[-99.18601100010439,30.380256000276415],[-99.19675399957158,30.380330000091817],[-99.19672400064383,30.383891999923744],[-99.19282899972302,30.383945000289284],[-99.192822000242,30.398465999691506],[-99.19543000030563,30.398651000384938],[-99.19761400036559,30.398627000563234],[-99.19793100015863,30.40373299966194],[-99.19785599996722,30.40666400006794],[-99.19651599995431,30.40667099923043],[-99.1964199997341,30.40863199996803],[-99.19647000016386,30.414222999539835],[-99.20570600043831,30.41417600079354],[-99.21032899972825,30.41266500002138],[-99.21391799973425,30.411683999714587],[-99.23120699972294,30.413850000045493],[-99.23666799952578,30.41411100052217],[-99.25964699967109,30.414243999762327],[-99.25986099949246,30.428292000151057],[-99.28053300014048,30.428187000114153],[-99.28054000036205,30.4397679996665],[-99.28065600034115,30.43976799975908],[-99.28104200056544,30.470972000274447],[-99.29794499944627,30.471066000011316],[-99.29794200015537,30.47218299957001],[-99.30376399970838,30.472182000326303],[-99.303935013772,30.492563598259135],[-99.303764,30.472182],[-99.302067,30.300648],[-99.301718,30.286653],[-99.301952,30.28107],[-99.301656,30.227924],[-99.301425,30.187937],[-99.301012,30.135947],[-99.30098838997668,30.134324794647927],[-99.3009879994366,30.1342980003261],[-99.3009875952681,30.134298003599177],[-99.21459156422794,30.135066301348466],[-99.18473680171499,30.135399421215986],[-99.155645,30.135725],[-99.12544500047194,30.13606099999475],[-99.125445,30.136061],[-99.12544495992884,30.136061000447214],[-98.95406300052159,30.138022999874753],[-98.9201469997267,30.138290000118953],[-98.87282700009666,30.138470000189983],[-98.83707599986418,30.13815099970734],[-98.77204702304803,30.13798000252091],[-98.772046,30.13798],[-98.75031,30.138188],[-98.749684,30.138523],[-98.73003,30.138589],[-98.667658,30.138799],[-98.656658,30.138837],[-98.625306,30.138945],[-98.62466594846084,30.138891435403107],[-98.624601,30.138886],[-98.58790053125654,30.138953993457786],[-98.58789700021215,30.138953999999607],[-98.587897,30.138954],[-98.553768,30.099106],[-98.532351,30.073812],[-98.52965,30.07128],[-98.438585,29.966242],[-98.41402169935822,29.93756131945661],[-98.4133548962971,29.938132339977518],[-98.411638,29.939622],[-98.41034,29.940752],[-98.410135,29.940923],[-98.408388,29.942402],[-98.35255973324664,29.990428156931966],[-98.34410299965305,29.997757000529248],[-98.34223830677594,29.999307143801353],[-98.324933,30.014194],[-98.31673758516145,30.021318494324127],[-98.2976000024574,30.037993997680182],[-98.29760000006905,30.03799399993482],[-98.28706499995036,30.065073000387873],[-98.28108599990435,30.063043999957852],[-98.28082799986218,30.062674000180824],[-98.28036800002775,30.06135000000366],[-98.27925699955574,30.06068800015282],[-98.27873000027488,30.060229000207528],[-98.27842700014965,30.05971300007815],[-98.27794499905548,30.059421000223175],[-98.27635100010527,30.05916700049248],[-98.27569299983408,30.058731000314552],[-98.27542999912387,30.057700000064365],[-98.27477099989251,30.056575999262442],[-98.2735330000392,30.055406999232744],[-98.27277000053412,30.053847999641235],[-98.27163700005491,30.05311399972828],[-98.2681860003453,30.052768999906142],[-98.26726400007169,30.052561999326134],[-98.26671100053157,30.052057999890497],[-98.26552500002335,30.051850999940708],[-98.26518299965663,30.05221800028904],[-98.26460300010422,30.05217199981016],[-98.26397099984325,30.051942000260496],[-98.26365199942103,30.051200999573314],[-98.24328200040937,30.051504000377143],[-98.24327699972821,30.051306000194916],[-98.24165000014781,30.051277999880885],[-98.24226999970197,30.05878900018985],[-98.23399400025257,30.05859200013566],[-98.23420100068891,30.06232899957968],[-98.23163599943545,30.062061999753112],[-98.23013200012772,30.068319999647503],[-98.22685799969476,30.068335999445768],[-98.22488600013472,30.073396999897025],[-98.22329200040438,30.07824000002683],[-98.2225850001287,30.0775490004263],[-98.22143500009628,30.08077100056052],[-98.21498100037904,30.09524700049733],[-98.21527700055222,30.095496999983133],[-98.21247900001562,30.100646000229364],[-98.21292399993774,30.10150100030338],[-98.21315900016745,30.101380999848658],[-98.21977999995777,30.10352300030149],[-98.21649100036585,30.111344000018402],[-98.22258899992863,30.112658000050136],[-98.22132399960188,30.118441999612806],[-98.22951600056545,30.118326000043616],[-98.22962800037395,30.12367800050919],[-98.22956000040462,30.1205760004789],[-98.22579799993923,30.121129999879187],[-98.22521500007326,30.121626000201395],[-98.22384500044635,30.12362800023398],[-98.22365999978682,30.124143000554643],[-98.22336800021067,30.124007000488675],[-98.22090899949772,30.125708000703522],[-98.22102500005278,30.127080000048245],[-98.22045999973005,30.127459999831995],[-98.21958600037354,30.127552000064476],[-98.21903499977991,30.12778200008892],[-98.21854399985418,30.127658999744565],[-98.21773200034686,30.127092000211224],[-98.21748700001025,30.12716900041866],[-98.21690400010652,30.12821099943083],[-98.2162610008828,30.128118999998765],[-98.21573900025736,30.127765999619736],[-98.21552499969519,30.127428999376555],[-98.2150799995037,30.12741399989424],[-98.21483499992691,30.12753600020442],[-98.21437500020832,30.128119000454223],[-98.2137010006367,30.128548000442052],[-98.21282700076084,30.128608999766985],[-98.21227600014466,30.129345000288758],[-98.21144799938142,30.129865999276017],[-98.2076780003474,30.131705000035833],[-98.20838099988103,30.136542000261365],[-98.20826300045776,30.13654199966229],[-98.20857799947,30.138795999589128],[-98.2087139990772,30.138848000323787],[-98.21363199934541,30.135476000260102],[-98.22037999935961,30.140145999784586],[-98.2211609994613,30.1401160004825],[-98.22270899974886,30.14135699967013],[-98.2223719998288,30.156913999758704],[-98.22044100026325,30.155596000239495],[-98.21171600026024,30.155504000104568],[-98.21177699950661,30.15699099927069],[-98.20630599955481,30.15708300046894],[-98.20655099931038,30.172358999340986],[-98.19640099990238,30.17228300008286],[-98.19646899999354,30.178227999279933],[-98.19765800003638,30.17824100047773],[-98.19834399939995,30.17847000006557],[-98.19903000013363,30.178973999793527],[-98.20029799951963,30.18055400028856],[-98.20190600025893,30.18311900074407],[-98.20240800060758,30.18357800019037],[-98.20280300038505,30.183784000574974],[-98.20348899929394,30.183876000592843],[-98.20425400013464,30.18366799935448],[-98.20517799989412,30.183645000071756],[-98.2055469998314,30.183508000147206],[-98.20581099927921,30.183093999713698],[-98.205705000637,30.18259000003508],[-98.2052300002963,30.181970999199084],[-98.20512500083163,30.18148999957992],[-98.20443899976875,30.181260000060483],[-98.2039110004112,30.180502999866693],[-98.20393699974132,30.18018199951503],[-98.20412199953317,30.180022000000587],[-98.20559899962662,30.179905999421496],[-98.20689200010936,30.180501000238976],[-98.20742000030197,30.180547000557976],[-98.20800000006065,30.180409000295302],[-98.20905499977935,30.180866000090273],[-98.2096090007419,30.18091199994112],[-98.21025300066327,30.180523000646506],[-98.21016200017381,30.18806499970038],[-98.20927299984287,30.187965999587448],[-98.20542199951223,30.191562000194356],[-98.19683799988736,30.18778200046075],[-98.19642999993991,30.18831099965545],[-98.19659400013693,30.220528999890494],[-98.22069799984095,30.220700999796485],[-98.22067800037917,30.219247999772875],[-98.22662500001857,30.219432000346117],[-98.22197300081409,30.23134400008258],[-98.21796599971933,30.242599000717174],[-98.20770899949474,30.26808299973809],[-98.20390499979568,30.27842899939508],[-98.19226099971873,30.30741300020629],[-98.18954100019525,30.314814999978058],[-98.18293000048489,30.331780000345],[-98.17991499978713,30.33877099975769],[-98.17864100088029,30.342334999545415],[-98.17794699966713,30.343492000384046],[-98.17736100028512,30.34538700054442],[-98.17302499994258,30.356243999709772],[-98.16174299960893,30.37278800049726],[-98.1592660003722,30.376651000155803],[-98.1588709992724,30.376646000213825],[-98.1589220003812,30.373215000310584],[-98.15215100050679,30.37316600001773],[-98.14954500067718,30.369915999603887],[-98.14866200056166,30.369095000198495],[-98.1452160003563,30.36528100047843],[-98.1375439998355,30.373223000011006],[-98.13184099959356,30.37195599998531],[-98.1300109992875,30.372682999925363],[-98.12896099997538,30.372586999489197],[-98.12641800006993,30.374684000018437],[-98.12412300017382,30.37591599961098],[-98.12223800040505,30.376544999547747],[-98.12079500009406,30.377194000014864],[-98.11478600017696,30.379031000247604],[-98.1108289997707,30.380595999486793],[-98.10930200025047,30.381970000066392],[-98.108842000139,30.38313699992193],[-98.10857899984828,30.384285999960795],[-98.10877099934227,30.386029000202566],[-98.10902499952165,30.386873000382934],[-98.11085300007804,30.390663999561806],[-98.11123899995289,30.392484000405577],[-98.11017800020558,30.39820000059873],[-98.10979800026728,30.40031199923106],[-98.1089030006653,30.40185700023547],[-98.10825199986802,30.40236600017069],[-98.106213000767,30.402316000672638],[-98.10523800081049,30.40174700046841],[-98.10300599989306,30.4001140002061],[-98.10031699996941,30.397468999936002],[-98.09787900055046,30.39616099988554],[-98.09613499995257,30.39570999956106],[-98.09549599991404,30.395172999654275],[-98.09428399950662,30.39498399995922],[-98.09377599928216,30.394773999549866],[-98.09349200008987,30.39450099985221],[-98.09189700023154,30.393917999664502],[-98.08987199948699,30.39258100011601],[-98.0880249993845,30.391081000516376],[-98.08726899988785,30.390076999302227],[-98.08621200024784,30.389354999333978],[-98.08624799984993,30.391280000217705],[-98.0861489993609,30.392048000252853],[-98.08626399967044,30.39289100005042],[-98.08655800003503,30.39377899943909],[-98.08933700043006,30.39719900036455],[-98.09093900060131,30.398860999907985],[-98.09089399972532,30.39919700007437],[-98.09034499937549,30.399347000017535],[-98.08954500025504,30.40086599979457],[-98.08812800061493,30.401861999742298],[-98.08457699951974,30.404905000197598],[-98.08320699959123,30.405861999815926],[-98.08117599978547,30.40693899990887],[-98.08103200010007,30.408052000408762],[-98.07000199991528,30.408084000181276],[-98.07215899988803,30.41125499947413],[-98.07313399982019,30.414649999441426],[-98.07327000066653,30.41459800011032],[-98.07320999972758,30.41496499949221],[-98.0738109999531,30.417366999796595],[-98.07519300034649,30.419512000191695],[-98.07607799993609,30.42014400016137],[-98.0783759997589,30.420904000041503],[-98.08269000013877,30.42193499992019],[-98.08467700033029,30.42263300022701],[-98.08665899994742,30.423810999872483],[-98.08865199982289,30.426783000061427],[-98.08942499995547,30.428741000701415],[-98.08981299923413,30.429929000473866],[-98.08930500042739,30.431886999924668],[-98.08768599997813,30.433462000767584],[-98.08270900059132,30.436583999281748],[-98.0823950004996,30.437676999766484],[-98.08267599959315,30.439155000399968],[-98.08368600009031,30.441380000815165],[-98.08367599944157,30.44199500035411],[-98.08418199962911,30.443126000234837],[-98.08538999926172,30.447230000725423],[-98.08490699946633,30.448269999479006],[-98.08321099958,30.44795599934559],[-98.08241600006907,30.448065000136495],[-98.08092300009395,30.447568999525913],[-98.07738700030025,30.44499400001807],[-98.07721900002319,30.444627000372673],[-98.07483300048312,30.442179000182772],[-98.07389600018506,30.440905999672808],[-98.07352399997123,30.440023999845877],[-98.07300700000403,30.437474000334902],[-98.0729329995452,30.43497299982317],[-98.07260800047223,30.433695000539647],[-98.07212599911992,30.43260300026727],[-98.07109400001218,30.43094999995026],[-98.07010000008752,30.42979899942069],[-98.06955900042695,30.42940600078006],[-98.06828999970848,30.42886499989637],[-98.06756199988511,30.428756000024677],[-98.06632599982487,30.428998999952903],[-98.0650119996789,30.428909000070764],[-98.06358599931582,30.42911599963441],[-98.06221799997812,30.42950200047597],[-98.06090600002213,30.430138999794224],[-98.05745000022787,30.432575999986856],[-98.04975800001168,30.43684399970579],[-98.0423010004534,30.4429550005577],[-98.03902299990908,30.446485000089076],[-98.03733499977747,30.44850800028375],[-98.0370660002194,30.449489000557364],[-98.03675600024879,30.4501009997147],[-98.036051999873,30.45077300039233],[-98.03590800018893,30.451140999855294],[-98.03601099979542,30.451375999839392],[-98.03558699960242,30.451951999896412],[-98.0352840004741,30.45194099957394],[-98.03494800001067,30.452676999396168],[-98.03421200042372,30.453572999972426],[-98.0342120000132,30.453893000227666],[-98.0335719999082,30.4546289998571],[-98.03326200000245,30.455617999983108],[-98.032066999879,30.45794799959676],[-98.03021899928115,30.462911000679668],[-98.02955399937161,30.463984999607845],[-98.0268749999391,30.47349800015627],[-98.02615400027211,30.47521500007955],[-98.02459200037748,30.477647000410986],[-98.02185999989969,30.480324000110578],[-98.02068299919289,30.481052000107503],[-98.01831899995169,30.48184799987474],[-98.01565700006074,30.48199600007294],[-98.01288700021249,30.48151800003819],[-98.0101889991658,30.48031699974228],[-98.00826499981903,30.48308999981295],[-98.00920400035174,30.4831189993407],[-98.0044910001863,30.490148999783255],[-98.00427800092672,30.489020999991407],[-97.98209999970426,30.522362000331285],[-97.98462199971488,30.523436999780667],[-98.01948399981603,30.540076000605453],[-98.01183699993531,30.551780999750342],[-98.03652900066565,30.563711000592512],[-98.03647700004389,30.56379499961089],[-98.03999400041803,30.565324999786082],[-98.05472300034802,30.572654999821058],[-98.05702199964367,30.569012000350746],[-98.0749179996576,30.577538000161436],[-98.07293445827827,30.58123347877243],[-98.04814600027629,30.62729099933907],[-98.04755399944811,30.62869899997033],[-98.034728999475,30.652231000546184],[-98.02320099940312,30.67385900039354],[-98.00669100048134,30.70395399976465],[-98.00038299969121,30.715964000821785],[-97.99794199942231,30.720293999138708],[-97.98230800004396,30.750182000173318],[-97.97436100002227,30.764553000007997],[-97.96323499981033,30.76798499966564],[-97.96038199961491,30.761033999628346],[-97.95361499991121,30.763189000314018],[-97.95051499921797,30.755678000137785],[-97.94367199944013,30.75788399965567],[-97.94640699975977,30.765129999737898],[-97.94491400071195,30.765528000143007],[-97.94494299974183,30.7656250000129],[-97.94010100012794,30.766834000137127],[-97.94003600026542,30.767500999840678],[-97.93755399989548,30.775288000362572],[-97.93442200035341,30.776027000334846],[-97.93665299990586,30.781449000039817],[-97.93129400052857,30.783047000143906],[-97.93070400002424,30.78134900066808],[-97.93057199960376,30.78138600054043],[-97.92927500070303,30.77805600062791],[-97.92885900058297,30.777415999911966],[-97.92511299982505,30.778553000181493],[-97.92402200019305,30.77869300038878],[-97.9230490006059,30.78059299953882],[-97.92294900037699,30.781530999367227],[-97.9234469991572,30.78443699962241],[-97.92331499941523,30.785460000019114],[-97.9234570003467,30.78605699939842],[-97.92333599981065,30.78679800009117],[-97.92347800033613,30.787095999677874],[-97.92405099990212,30.787691000051396],[-97.92564999958839,30.7880229995648],[-97.92733900002,30.78881499985844],[-97.92757100037718,30.788650000148046],[-97.92837300046662,30.78882599959413],[-97.93036600083569,30.789714000042615],[-97.9306669994427,30.790052999703967],[-97.93077000066107,30.790579999410703],[-97.93096400012446,30.790817999824682],[-97.93207700047641,30.791179000565883],[-97.93276100054207,30.791163999404045],[-97.93313600080576,30.791394999972965],[-97.93340800013975,30.791806999318624],[-97.93360400023569,30.79260300010186],[-97.93349699989095,30.79283599998037],[-97.9329790001476,30.79313200041183],[-97.93239899939513,30.793205000045628],[-97.931963999981,30.793411000189312],[-97.9302899994921,30.794466000041886],[-97.92926800025252,30.795335000061634],[-97.92915500081209,30.795771999525925],[-97.92937399986484,30.79603200043406],[-97.89748400049318,30.805750999445983],[-97.90076900025208,30.813536999961816],[-97.90198199972617,30.813218999607226],[-97.90374800002428,30.817293000451993],[-97.90391000032668,30.81743299966672],[-97.90402499971358,30.818119999582127],[-97.90708200080601,30.824976000099777],[-97.90778400024702,30.82480100022824],[-97.90794799990614,30.825350999497935],[-97.90731600022879,30.825490999963638],[-97.90896600015446,30.829385999768462],[-97.90431000066695,30.83148000027475],[-97.90620200030455,30.836001999882786],[-97.9041330000304,30.837886000253288],[-97.90296999984858,30.83824300011711],[-97.89983699992487,30.830648000407884],[-97.89188299982996,30.833134000036935],[-97.89430000032334,30.839062999507675],[-97.88887400011168,30.841339000287476],[-97.88604000081439,30.8350170000741],[-97.87412499987649,30.83876200064767],[-97.8749069997818,30.840980000319234],[-97.87628999982455,30.844184000680723],[-97.87626500032188,30.84454499973395],[-97.87613300011176,30.844657999239274],[-97.87730699932726,30.84493800015562],[-97.8784839997188,30.844822000464806],[-97.88371604109587,30.843084106327048],[-97.88647097244952,30.84975793667124],[-97.89283399999401,30.8478390001492],[-97.87844600022318,30.860552000088557],[-97.87831700021088,30.860435999452953],[-97.8748159995508,30.863467000073314],[-97.82810000041131,30.90441399939274],[-97.82810000165165,30.904414004733432],[-97.82815318020903,30.90456640815235],[-97.82988199809148,30.90952099453041],[-97.82988200025476,30.909520999793326],[-97.84036500004063,30.92931799997277],[-97.84036500226773,30.929318003572888],[-97.84939030859262,30.943537658745907],[-97.86289199982065,30.964809999717414],[-97.86472000020925,30.96386100019008],[-97.8620799999363,30.956164000339168],[-97.90665599926768,30.942030999964032],[-97.90604600036306,30.940749000415437],[-97.90594199957837,30.94003300044586],[-97.9054859991761,30.938863999816718],[-97.90249800087892,30.93169900032958],[-97.91532100012374,30.927805000636614],[-97.91853700005645,30.935228999846963],[-97.91921800030309,30.93504300049852],[-97.92016899915619,30.938413000274398],[-97.92205999931394,30.93796800009925],[-97.93203900042167,30.934897000325442],[-97.9363330008456,30.947498999765177],[-97.97662899949388,30.937375999882946],[-97.9782499998667,30.941637999772638],[-97.97950300012096,30.94146600016776],[-97.9770640005138,30.933812999839457],[-97.97820699941683,30.933504999714515],[-97.9783770005235,30.933694000450124],[-97.97840700038648,30.93345100003531],[-97.98508599987206,30.93164899997723],[-97.98572100032108,30.93339700007307],[-97.98950099985814,30.932477000113376],[-97.99223899990709,30.939742000231604],[-97.99254499949414,30.940108000366685],[-97.99248400000168,30.940446000103513],[-97.99349100012189,30.94306400009492],[-97.99768699965284,30.942333000047743],[-97.99791199963045,30.943140999597393],[-97.99436600064087,30.944016999595053],[-97.99815499955204,30.955538000636935],[-98.0163990003169,30.95086000000785],[-98.01365500070135,30.944133999344494],[-98.01477299928585,30.94374800013135],[-98.01773999950946,30.950887999994155],[-98.02419299939076,30.949266999746126],[-98.0252649992187,30.951003999691622],[-98.03729200009766,30.948504000094623],[-98.03750500031717,30.950412999207675],[-98.04261000008556,30.949342999776807],[-98.04428700026853,30.953585000356043],[-98.0518719999221,30.952177999610083],[-98.05419900054595,30.957367999733123],[-98.06040699915656,30.955904000268703],[-98.05912399983353,30.952469999593553],[-98.05894299925396,30.952365999798186],[-98.05907100061837,30.952329000032105],[-98.05812000010333,30.9497849998299],[-98.06881999967996,30.947079999953516],[-98.0702900001901,30.951881999906703],[-98.08208700078255,30.949000000072477],[-98.08437900028908,30.95646699957304],[-98.0946210001122,30.954327000228076],[-98.09336500004594,30.950120000621695],[-98.09804299929812,30.94883600010782],[-98.09763100049061,30.948274999930824],[-98.10543899936091,30.94590399983742],[-98.10122599969948,30.93456800023183],[-98.11797299939381,30.92888799999209],[-98.11938000002084,30.93244899990649],[-98.11976600085498,30.933076999796217],[-98.12452599996675,30.944268000426923],[-98.12743399997329,30.943142999523],[-98.1310690004083,30.95221599961723],[-98.12977300006592,30.952585999630525],[-98.14104399966713,30.980720999817343],[-98.14051300042998,30.980842000113192],[-98.14329699963552,30.988352000047318],[-98.15489699993039,30.985185999766436],[-98.15513999999663,30.9854469995991],[-98.15524000008187,30.985964000321797],[-98.15538299993206,30.985876999920563],[-98.15588700001557,30.98641000072104],[-98.15609500077507,30.986469000387785],[-98.19003299912323,30.975881000787396],[-98.19088299999473,30.97781099994806],[-98.1922510004518,30.97592000032071],[-98.19386199953006,30.964997000222787],[-98.19573900049363,30.96066900037988],[-98.21159600044832,30.956945999553646],[-98.21230799975882,30.959148000415276],[-98.22049999976592,30.957132000467507],[-98.21828200060229,30.949985999669696],[-98.20991300006646,30.95194399996669],[-98.20771399986931,30.945253000355667],[-98.2190480003415,30.9419080001634],[-98.21633300064143,30.933536999822348],[-98.22636999944405,30.931374000220714],[-98.23149900018716,30.931349999776145],[-98.23189500031788,30.931785000246652],[-98.2325170001906,30.932025999915506],[-98.23346199995801,30.93222099999429],[-98.23487999985926,30.932301000237715],[-98.23672699953786,30.931453999905138],[-98.2371880000809,30.931547000327935],[-98.24020399992692,30.93032500026252],[-98.24089499937836,30.929935000494865],[-98.24013699951011,30.92728699962722],[-98.23687800002394,30.917893000045023],[-98.24300300023626,30.916210999384706],[-98.24220999998616,30.913867999872014],[-98.24843800076538,30.91214200033786],[-98.24898799929522,30.913738000320492],[-98.24972799979207,30.91357899936712],[-98.2499140005339,30.91412099914861],[-98.25128400042715,30.91313199981552],[-98.25510600067409,30.923016999808716],[-98.27797600040287,30.9174099999298],[-98.27861899955373,30.919369999955318],[-98.27889200019185,30.919304999948576],[-98.28074099989466,30.923075999571818],[-98.28235000061865,30.92767499988685],[-98.28403099943652,30.930487999607728],[-98.27178500000333,30.933543999298845],[-98.28030800014444,30.953326999805384],[-98.27537700023323,30.954984000166554],[-98.27817999943998,30.960963999426408],[-98.28195800078521,30.95946599977747],[-98.28469699998159,30.966414999888254],[-98.27937199921635,30.967284000082753],[-98.27717999984196,30.966676999989236],[-98.27293499945283,30.967192000129536],[-98.27334799935667,30.969474999607755],[-98.26905600016752,30.970127000207473],[-98.26982000003167,30.972586999917823],[-98.27059399920928,30.974232999590857],[-98.28458799982077,30.97076200039026],[-98.29071200064729,30.984298999720334],[-98.29229200040419,30.989212000284528],[-98.25023499978545,30.99919900017756],[-98.25813800012494,31.023595000522025],[-98.24588800012525,31.026508000634497],[-98.2440220003322,31.026713999605114],[-98.24185900020056,31.027389999518046],[-98.24370899950324,31.031300000005373],[-98.243709,31.0313],[-98.26937765140488,31.031062003232133],[-98.2693779997808,31.031061999594396],[-98.26642199956723,31.022216000714455],[-98.27067900025966,31.01808399995837],[-98.27404799939767,31.014032000134353],[-98.27482599990958,31.013268999424362],[-98.28619099996155,31.005207000637814],[-98.28729699965875,31.00780600001086],[-98.29524999951526,31.006127000469547],[-98.29816499988262,31.00434099999614],[-98.29958300047409,31.003768000155574],[-98.3033799992615,31.015010000343086],[-98.30624199992785,31.01471299977202],[-98.30545800022352,31.010355000497004],[-98.31126199960939,31.00910299961553],[-98.31278800036227,31.010042000337435],[-98.31309499979831,31.00712100036918],[-98.3166979996762,31.003461999650526],[-98.31049200048982,30.999557999498453],[-98.31178999988066,30.99739200011306],[-98.31251399969206,30.996717999904043],[-98.31297599976565,30.995708000204147],[-98.32142500007619,30.999387999975117],[-98.3246319992949,31.001076000523238],[-98.31707499953136,31.003186999344145],[-98.31936099968978,31.009333000230146],[-98.32651700062615,31.00745100064255],[-98.32877299998621,31.012816000455235],[-98.31794299957838,31.016005999923042],[-98.3165629992747,31.01687000045783],[-98.31475800010278,31.018419000105148],[-98.31321799973293,31.019190999806366],[-98.3109319997577,31.01977700014904],[-98.30734700046064,31.021067999195235],[-98.30721399980716,31.02122799950078],[-98.30648699976607,31.02101399969905],[-98.30565600007628,31.02057400035389],[-98.30327400022053,31.020980999891915],[-98.30586700078865,31.02806800020657],[-98.29390799993348,31.03081900000066],[-98.293908,31.030819],[-98.29390802869415,31.03081899972407],[-98.37289200031356,31.029988000094914],[-98.43971098288154,31.02964700012541],[-98.43971099255035,31.029647000054577],[-98.43971099924009,31.029647000005568],[-98.43939999979378,31.02824100024262],[-98.43934000008525,31.026497000120575],[-98.43952799993642,31.025125001547725],[-98.439528,31.025125],[-98.440293,31.023184],[-98.44029300151335,31.02318399798517],[-98.44114699964359,31.02178500013137],[-98.44232699923944,31.020476000080116],[-98.44560399962772,31.018050999951267],[-98.44829100086227,31.01670299942009],[-98.45172499912742,31.01544900019036],[-98.45695399931789,31.013157000070972],[-98.45695400520681,31.013156995313576],[-98.45777191334783,31.012420832318984],[-98.45874499462867,31.01154500483449],[-98.45874499908413,31.011545000368532],[-98.45924099967837,31.010378000609954],[-98.45924099999478,31.010377997707227],[-98.45923500002073,31.007745009092904],[-98.45923499919996,31.007745000635648],[-98.45863962582224,31.006396118880286],[-98.458546,31.006184],[-98.45815268823469,31.005648687363585],[-98.45662099932255,31.003563999632316],[-98.45662099065142,31.003563989255188],[-98.453146,30.99957],[-98.45314599160194,30.999569991950604],[-98.45125200044976,30.997881999950017],[-98.4461850309541,30.99289802966897],[-98.446185,30.992898],[-98.442576,30.98619],[-98.441874,30.984324],[-98.442154,30.982496],[-98.44215400017515,30.98249599955016],[-98.44215400021017,30.98249599932144],[-98.44227680080681,30.982180601834777],[-98.443229,30.979735],[-98.450734,30.971628],[-98.45105902955505,30.97131801606083],[-98.4522030001984,30.9702269995712],[-98.45223982987646,30.970147396520623],[-98.45289699999827,30.96872699992614],[-98.452796,30.964399],[-98.450534,30.958646],[-98.447098,30.951755],[-98.44603162737374,30.950832496125447],[-98.44587499998184,30.9506969999951],[-98.44444262758238,30.950310428480414],[-98.44197700014134,30.949645000038146],[-98.43425499997846,30.94891000028088],[-98.43425493123137,30.94890999773234],[-98.427553,30.948689],[-98.427172674302,30.94864744958343],[-98.42667500035047,30.948629000185726],[-98.42468800062139,30.948376000067885],[-98.424688,30.948376],[-98.42468799933687,30.948375999784517],[-98.42298600012643,30.94793300061613],[-98.42086767590155,30.947134591591926],[-98.419838,30.9468],[-98.41944263016269,30.9465974833606],[-98.41898499967373,30.946424999702128],[-98.4160330007097,30.94485100037316],[-98.41603300069515,30.94485100035607],[-98.416033,30.944851],[-98.414864,30.943479],[-98.414508,30.94211],[-98.4145080007739,30.942109996612217],[-98.41473399959216,30.940168000376158],[-98.41682599913057,30.93196300380595],[-98.416826,30.931963],[-98.41685502275331,30.931737443746766],[-98.41713699951136,30.929546000214977],[-98.41820799962328,30.92700300038769],[-98.41862102870446,30.926515224162287],[-98.418746,30.92626],[-98.41960599663946,30.925352003548106],[-98.41960599965495,30.925351999986887],[-98.42087299948264,30.92465100031213],[-98.42233099593041,30.924259001632315],[-98.422331,30.924259],[-98.42233100252028,30.924259000797573],[-98.42315999992347,30.92437500045111],[-98.42523300024678,30.925017000525532],[-98.42920699950736,30.926434999844094],[-98.42920699963153,30.92643499988339],[-98.42920699972024,30.926434999911464],[-98.4298046405514,30.926502594510378],[-98.435122,30.927104],[-98.440202,30.92652],[-98.44028440174955,30.92648817621111],[-98.44189799935278,30.925864999370397],[-98.44371454986131,30.924011460045254],[-98.444599,30.923109],[-98.445782,30.921439],[-98.44578200026639,30.92143900001358],[-98.4457820003481,30.921438999898236],[-98.44578471951603,30.92143129087556],[-98.4480769998914,30.92155599970686],[-98.4934440002024,30.921768000131525],[-98.50032699981695,30.921948999687917],[-98.515519999334,30.921842999304815],[-98.5167710002906,30.922041999857353],[-98.51677103007354,30.92204200019785],[-98.517683,30.922048],[-98.52368068264676,30.922120996137583],[-98.52368100012261,30.922120999767184],[-98.52455700036374,30.921935000132848],[-98.52998899807756,30.921750000113068],[-98.529989,30.92175],[-98.53523542801375,30.921797273703717],[-98.536694999929,30.92170200004142],[-98.55751196977799,30.92199799972768],[-98.557512,30.921998],[-98.60551311688508,30.921840805206838],[-98.60619200004363,30.921831999615282],[-98.6243845987705,30.921779004588767],[-98.624386,30.921779],[-98.62535220053832,30.921852820595557],[-98.62586499972039,30.921891999727716],[-98.74700700023033,30.920870999963203],[-98.7470374400159,30.92086613696569],[-98.74819415186785,30.920681343060142],[-98.7503120009086,30.920342999816462],[-98.75044060198546,30.920343808069344],[-98.87028335999693,30.921096838891287],[-98.87543699930553,30.920743999878034],[-98.9646120001582,30.92136799995962],[-98.96461238101966,30.92136800228242],[-98.9778,30.921447],[-99.033478,30.921788],[-99.092431,30.921968],[-99.092317,30.941002],[-99.125338,30.940868],[-99.1568,30.941076],[-99.15680000040578,30.941075999999867],[-99.15680000040571,30.941075999950563],[-99.2224442022493,30.941050001742536],[-99.222448,30.94105],[-99.247927,30.941044],[-99.25033,30.941186],[-99.28256,30.941028],[-99.299925,30.940947],[-99.2999250008202,30.940946999996157],[-99.29992500081981,30.940946999946757],[-99.31251700030637,30.940887999870256],[-99.31251700030981,30.940888000000665],[-99.373991,30.94102],[-99.375337,30.940684],[-99.38742299926177,30.940666000001098],[-99.38742299976104,30.940665999317464],[-99.48246983925418,30.94060643215803],[-99.484755,30.940605]],[[-99.15357799957339,30.3225340002444],[-99.15345099968914,30.337100000257756],[-99.15356899923479,30.32306599996342],[-99.15357799957339,30.3225340002444]],[[-98.5917781218349,30.499873348933683],[-98.57654499981409,30.50019100032718],[-98.49780600001155,30.501387000496063],[-98.4972700842925,30.501391607213026],[-98.59166999927339,30.49987499955499],[-98.5917781218349,30.499873348933683]],[[-98.54774999904828,30.155824999470767],[-98.5477172872569,30.157417089954315],[-98.54772100037162,30.15636100036568],[-98.54770600019515,30.154622000014275],[-98.54774999904828,30.155824999470767]],[[-98.45738199976947,30.878897000256114],[-98.45635199948254,30.876455000367855],[-98.45716200004011,30.878225999659573],[-98.45738199976947,30.878897000256114]],[[-98.45033345049508,30.871278060968624],[-98.44832600014973,30.87058799983905],[-98.44985199913957,30.871048000009424],[-98.45033345049508,30.871278060968624]],[[-98.44523299940444,30.53222299959052],[-98.4451329994421,30.532553999297548],[-98.44392200086673,30.53532099919932],[-98.44523299940444,30.53222299959052]],[[-98.44077128493603,30.671051005631366],[-98.44046199980009,30.67172300025192],[-98.4402838026573,30.671931235926724],[-98.44077128493603,30.671051005631366]],[[-98.43985985517455,30.67242664785518],[-98.4393229998303,30.673054000421732],[-98.43910228395912,30.67317852252321],[-98.43985985517455,30.67242664785518]],[[-98.43969187032238,30.66299494535235],[-98.43934659228752,30.662718124880918],[-98.43954500022836,30.662843999409155],[-98.43969187032238,30.66299494535235]],[[-98.43895947839809,30.662472530989863],[-98.43869495842196,30.66239480651808],[-98.43884200026666,30.662398000180712],[-98.43895947839809,30.662472530989863]],[[-98.43878504466386,30.673357500607125],[-98.43861400005487,30.67345399948617],[-98.43757599968825,30.673775000085],[-98.43878504466386,30.673357500607125]],[[-98.43816369292087,30.662383267742968],[-98.43553200065278,30.662848000212946],[-98.43778299948987,30.662374999304912],[-98.43816369292087,30.662383267742968]],[[-98.41738700015812,30.64324799944621],[-98.41699100046016,30.640573999715564],[-98.41699783619977,30.64045353514419],[-98.41738700015812,30.64324799944621]],[[-98.4132566754298,30.586794125538923],[-98.41320000029275,30.586905999364102],[-98.41295435961266,30.587135624018714],[-98.4132566754298,30.586794125538923]],[[-98.41209617739705,30.58793785186947],[-98.41183500032716,30.58818199992525],[-98.41047429546407,30.588992617620523],[-98.41209617739705,30.58793785186947]],[[-98.40535799988938,30.566163999672916],[-98.4038345680954,30.564699073030294],[-98.40441999944721,30.56515899983414],[-98.40535799988938,30.566163999672916]],[[-98.40245594515271,30.593149542674794],[-98.40069600013646,30.594644000657723],[-98.40239699962082,30.593178000609676],[-98.40245594515271,30.593149542674794]],[[-98.39753599969168,30.564083000610037],[-98.3957053986014,30.564952763153272],[-98.39629399984032,30.564628999985946],[-98.39753599969168,30.564083000610037]],[[-98.38238799991281,30.57049499989412],[-98.37799999973912,30.572865999597678],[-98.37706395069645,30.57330413442413],[-98.38238799991281,30.57049499989412]],[[-98.37567572378833,30.573953919347506],[-98.3754789993744,30.574045999797384],[-98.37539015941454,30.57401722788217],[-98.37567572378833,30.573953919347506]],[[-98.37319899951406,30.574502999691397],[-98.37214699998009,30.57452600016277],[-98.37031100000937,30.574438000104067],[-98.37319899951406,30.574502999691397]],[[-98.24254272877307,30.692506559850802],[-98.24020099982397,30.6845630005794],[-98.23716270719947,30.673626032767608],[-98.24254272877307,30.692506559850802]],[[-98.23071000052066,30.134072000662297],[-98.22973400030072,30.134091000017634],[-98.22910899986861,30.134299000108225],[-98.22845600023243,30.13423299972426],[-98.22732900019166,30.13386299967622],[-98.22717700042855,30.134801000026805],[-98.22679799961197,30.135455000002967],[-98.22624899974389,30.1343270005864],[-98.225528999999,30.13411900011455],[-98.22516000010225,30.133739999904623],[-98.2248470002829,30.132527999780216],[-98.22507500004474,30.132102000469157],[-98.2258640000395,30.13157300052387],[-98.22602500033055,30.130948000126782],[-98.22722100060723,30.13001700029307],[-98.22734099931681,30.12973299993696],[-98.22740300031825,30.12901899994374],[-98.22691499960351,30.128218000103647],[-98.22669100019979,30.127183999969564],[-98.22258499962759,30.127251999688617],[-98.22291599926741,30.126984000158423],[-98.22367199975528,30.125814000226782],[-98.22358699963844,30.125318000072777],[-98.22368900052523,30.12532099955142],[-98.22418900008101,30.123745000252736],[-98.22514999986838,30.122175999931276],[-98.22586100012009,30.121578999526],[-98.22633600001889,30.121533000269967],[-98.22667900001926,30.121763000251605],[-98.2270739994651,30.122472999455315],[-98.22728599939381,30.12322900043555],[-98.22802399977476,30.124146000709178],[-98.22935700021642,30.124899000337653],[-98.22964899966425,30.124694999908552],[-98.22965500053661,30.125659999674728],[-98.23054399954366,30.13172699999227],[-98.23071000052066,30.134072000662297]],[[-98.19899199954571,30.644773999892625],[-98.19791030071998,30.64442107734937],[-98.19791099976811,30.644413999598296],[-98.19899199954571,30.644773999892625]],[[-98.11746634321777,30.40376734336887],[-98.11671899979028,30.403020000554026],[-98.11745499990154,30.40371900020175],[-98.11746634321777,30.40376734336887]]]},"id":"scouting-4"},{"type":"Feature","properties":{"district_name":"Live Oak","status":"Current assignment-derived planning region","derivation":"Assigned school-district polygons, subdivided by mapped schools only where a district spans multiple scouting districts","assignment_school_count":52,"school_district_count":18,"school_districts":"Cuero ISD, Ezzell ISD, Gonzales ISD, Hallettsville ISD, Lockhart ISD, Luling ISD, Meyersville ISD, Moulton ISD, Nixon-Smiley Cons ISD, Nordheim ISD, Prairie Lea ISD, Shiner ISD, Sweet Home ISD, Vysehrad ISD, Waelder ISD, Westhoff ISD, Yoakum ISD, Yorktown ISD","source":"CAC Schools monday.com table","source_updated_at":"2026-08-01T10:20:02Z"},"geometry":{"type":"Polygon","coordinates":[[[-97.858782,29.35289],[-97.787643,29.281392],[-97.773308,29.266481],[-97.772508,29.265641],[-97.771334,29.264411],[-97.771082,29.26384],[-97.768831,29.261872],[-97.766999,29.259899],[-97.766439,29.259429],[-97.757701,29.250234],[-97.734087,29.227229],[-97.728443,29.221748],[-97.688995,29.18343],[-97.68899474435328,29.183429750794918],[-97.62912000039802,29.125268000177968],[-97.62529801250015,29.12133801218518],[-97.625298,29.121338],[-97.6228758842579,29.11915746834098],[-97.62143800000878,29.117863000365375],[-97.61313545374476,29.10976836742953],[-97.61313545384509,29.10976836735343],[-97.613132,29.109765],[-97.62495553392523,29.100802111365258],[-97.62495699955392,29.100800999595975],[-97.63020799948275,29.098362999822246],[-97.63020837948935,29.098362719489757],[-97.655712,29.079511],[-97.65844639719415,29.07750882060006],[-97.66131000007071,29.07528600029192],[-97.66838496883248,29.070231602995516],[-97.72569099987349,29.02827100009263],[-97.725691,29.028271],[-97.745589,29.013546],[-97.7501577215193,29.010555733144617],[-97.75197700022713,29.009364999453666],[-97.75364924053689,29.008162993715583],[-97.75377472402641,29.00807279619933],[-97.75510999990917,29.007113000065292],[-97.75505945100842,29.00707391199697],[-97.754691,29.006789],[-97.740474,28.991377],[-97.61261410949,28.854296117386184],[-97.6126139997287,28.854296000317852],[-97.61261400030145,28.854296000323192],[-97.612614,28.854296],[-97.598366,28.838909],[-97.596965,28.83745],[-97.57464841016231,28.813310178958154],[-97.57249134313008,28.814846796817747],[-97.56681351270463,28.818936113950674],[-97.5236517480748,28.85002230891641],[-97.51519700067466,28.856140999698884],[-97.49711299965986,28.869197000535177],[-97.41734035391706,28.92522775013471],[-97.41734,28.925228],[-97.41137,28.925316],[-97.41129319377454,28.925262738646254],[-97.41113300009269,28.925267999579834],[-97.41053136176164,28.92473444547614],[-97.4104465091713,28.924675604362633],[-97.40921700608598,28.92382300422033],[-97.40921700023537,28.923823000448085],[-97.40921699581003,28.92382299580097],[-97.40842494164957,28.92302923032436],[-97.40647774574336,28.921077827297008],[-97.40559408019776,28.92038006256563],[-97.405594,28.92038],[-97.40559399189362,28.920379987929127],[-97.40441399963942,28.918793999198854],[-97.4031259994267,28.91670500000993],[-97.40312599696621,28.91670499792357],[-97.4022182576105,28.91608370936667],[-97.40171900096485,28.915742000660373],[-97.40171899987834,28.915742000108295],[-97.40171899958432,28.91574200004988],[-97.39924400071715,28.916038999913944],[-97.39924399985773,28.916039000216212],[-97.39797568614433,28.917966404476076],[-97.39778499939811,28.91853700049306],[-97.39749800026267,28.918995000202184],[-97.39713300059142,28.9192469997605],[-97.39713300010527,28.919246999840027],[-97.397133,28.919247],[-97.39713299926736,28.919246999977098],[-97.39643000075598,28.91936199946688],[-97.39579860108431,28.91920528586468],[-97.3947434910556,28.919172302472685],[-97.39419000847154,28.919155000264826],[-97.39418999959548,28.919155000264826],[-97.39312199945728,28.918765000456062],[-97.39247237508205,28.918193016982322],[-97.39247048685827,28.918191959452717],[-97.3918064018035,28.917820028108277],[-97.39155899938807,28.917733000339314],[-97.39054400002348,28.917113000030295],[-97.39054399980682,28.91711299999103],[-97.3875360724426,28.91697331920647],[-97.38603700075782,28.917248999980796],[-97.38457900015536,28.916836000529795],[-97.38241700011899,28.91566600054177],[-97.38241700000994,28.91566600000538],[-97.382417,28.915666],[-97.3824170000025,28.915665999968844],[-97.38218400010881,28.914520000498932],[-97.38236599993147,28.914131000223474],[-97.38241900021004,28.91319100062912],[-97.38266160006769,28.912623641062748],[-97.382732,28.911748],[-97.384141,28.907738],[-97.37799500266895,28.90484700125544],[-97.37799499976164,28.90484700008043],[-97.37799499849791,28.90484699994996],[-97.374603,28.904734],[-97.3746029978462,28.90473399883954],[-97.37389900008306,28.90450500015563],[-97.3734560010235,28.90411600055146],[-97.373456,28.904116],[-97.37345600002399,28.904115999185578],[-97.37332600009385,28.903427999777616],[-97.37349378167107,28.902833876538587],[-97.37353299982448,28.90150300595617],[-97.37353299982448,28.901503000374387],[-97.37277699958516,28.900677999884515],[-97.37264599975087,28.900104999939664],[-97.37222900018602,28.899554999727062],[-97.37222900064029,28.899349001057658],[-97.372229,28.899349],[-97.37150265211822,28.899261453434118],[-97.37147400016421,28.899258000049873],[-97.37147399886136,28.899258000611447],[-97.36947168704755,28.90033323517896],[-97.3691830002743,28.900541999557536],[-97.36827100077103,28.900978000400453],[-97.36756800010667,28.901184999469965],[-97.36707399999733,28.901184999320964],[-97.36621400077422,28.900589000146415],[-97.366214,28.900589],[-97.36541881490741,28.898909111972074],[-97.3653789999779,28.898824999986395],[-97.36537899994107,28.898824999945596],[-97.36453288477112,28.898043847172588],[-97.36326900023603,28.896877000217906],[-97.36326899915933,28.896876999964785],[-97.358972,28.896697],[-97.35897198268172,28.896697004484892],[-97.35594500045178,28.89758200025886],[-97.3554040005382,28.897620999860624],[-97.355404,28.897621],[-97.35540399994449,28.897620999903424],[-97.35540399993555,28.897620999904067],[-97.35504900062435,28.897539999813645],[-97.35491599939049,28.897355000324655],[-97.3548549995549,28.89666600005133],[-97.35485500099288,28.89666599366244],[-97.355359,28.893449],[-97.35305700070016,28.891633000552343],[-97.35305700022542,28.89163300024464],[-97.35305699933986,28.89163300034665],[-97.35170300039873,28.892343999790626],[-97.35170299983129,28.892344000273134],[-97.35170299939803,28.892344000974564],[-97.35170299859419,28.89234400227595],[-97.3513909996369,28.892916999831243],[-97.35128699916213,28.893443999952584],[-97.35055800022022,28.89465900028318],[-97.350089000045,28.894956999927153],[-97.350089,28.894957],[-97.3500889999303,28.894957000000026],[-97.35008899984597,28.894957000053616],[-97.3500889992781,28.894957000000257],[-97.347277,28.894958],[-97.34727699833743,28.894958000248412],[-97.34451600031343,28.89553199958028],[-97.34128699968302,28.895853000220487],[-97.34084791177061,28.895783528283214],[-97.339985,28.895647],[-97.33998499532763,28.89564699417481],[-97.33930799987178,28.894914000095124],[-97.33886111650557,28.894245819228374],[-97.337614,28.892691],[-97.33380735916188,28.89009929636849],[-97.33274400007942,28.889437000339363],[-97.33230769749417,28.889078270546634],[-97.32994615972275,28.88747044719833],[-97.3281732061847,28.88626335403707],[-97.3272490003382,28.88574799975744],[-97.32667599947499,28.885244000461213],[-97.32667599708078,28.885243996357502],[-97.324436,28.882449],[-97.3244359999392,28.8824489996559],[-97.32443599989858,28.882448999610954],[-97.32420100017407,28.88176099983736],[-97.32420099995848,28.881118999943723],[-97.32492999968157,28.879492000482095],[-97.32610748515295,28.877601639728944],[-97.326284,28.876512],[-97.324978,28.874683],[-97.32337900353726,28.875261998719157],[-97.32337900056669,28.875262000088803],[-97.31748300024566,28.875690000144083],[-97.31662400010734,28.876375000794162],[-97.31662398514868,28.876375007380172],[-97.31392137893552,28.877718032004005],[-97.31368200002771,28.877888000062168],[-97.31238001918122,28.878483990468148],[-97.31238,28.878484],[-97.31237999638472,28.878483998321066],[-97.31152200093878,28.878281999852152],[-97.3108209992047,28.877760000349156],[-97.3104060005176,28.87730399981652],[-97.31027599917762,28.87662099973008],[-97.31081100014923,28.875285999614793],[-97.3126087847564,28.872314019949968],[-97.31182084489446,28.869980668500553],[-97.31169500028017,28.869608000829665],[-97.31169499983334,28.869607999972075],[-97.30741000011126,28.86564700075206],[-97.30722191988902,28.865295916715997],[-97.30591884751854,28.864039745029558],[-97.30591493944489,28.864037786580933],[-97.25058,28.905078],[-97.25057999996758,28.905078000023714],[-97.25057999998762,28.905078000587828],[-97.17890825401925,28.957501945532876],[-97.16055,28.97093],[-97.16054973435114,28.970930193756256],[-97.16054941711198,28.97093042514091],[-97.12527000851193,28.996671074810482],[-97.125266,28.996674],[-97.12526598950767,28.99667400773278],[-97.12070900036886,29.000257999838674],[-97.11542799979706,29.00415799993099],[-97.10255400037494,29.01341499984674],[-97.10167995069426,29.0140567534373],[-97.079925,29.03009],[-97.048955,29.052769],[-97.033188,29.064333],[-97.03318796402098,29.06433302468897],[-97.02807400043584,29.06793299983061],[-97.0270120023051,29.068570998418235],[-97.027012,29.068571],[-97.026013,29.068096],[-97.01842500038047,29.073111999748495],[-97.01826299943478,29.073463999672168],[-97.01721900064908,29.074265999378916],[-97.017219,29.074266],[-97.00156208461496,29.0856926515929],[-97.00026299967351,29.08665500033724],[-96.99965750073899,29.087082645461102],[-96.998517,29.087915],[-96.987281,29.09607],[-96.976378,29.104046],[-96.9763779996729,29.104045999646836],[-96.97637799958599,29.104045999710788],[-96.9815409993597,29.109620999663736],[-96.93863135950492,29.06329189385092],[-96.938587,29.063244],[-96.93858697156507,29.06324402075185],[-96.88810999980197,29.100545000539867],[-96.88429800079842,29.10350000029983],[-96.87525900004256,29.110061000499112],[-96.84859888544212,29.128917441265997],[-96.847554,29.12968],[-96.80415103086281,29.16035497818776],[-96.8041509991905,29.160355000589277],[-96.80415099133538,29.16035500613424],[-96.686128,29.243911],[-96.67841384926882,29.249381397751165],[-96.67841300023028,29.249382000695498],[-96.6784129989137,29.249382000789332],[-96.658466,29.263876],[-96.573182,29.326144],[-96.560555,29.335439],[-96.68303905400714,29.461902194583264],[-96.68758199986391,29.46649599927781],[-96.68914453552222,29.468216383635983],[-96.703613,29.483805],[-96.70427664211682,29.484559755845684],[-96.70513600030792,29.485468000600427],[-96.70687231916206,29.48756035965511],[-96.706877,29.487566],[-96.7068770201437,29.48756602099935],[-96.71921000003083,29.500239999787723],[-96.76128687437458,29.54427586944173],[-96.761287,29.544276],[-96.76128700015396,29.544276000160032],[-96.78130000021558,29.54421899959071],[-96.78136800069062,29.548654000547845],[-96.79555399931292,29.548343000430908],[-96.79554299995766,29.549123999551455],[-96.79523100043936,29.55065699994543],[-96.79458800017156,29.552412999894194],[-96.79365400044708,29.553531999668728],[-96.79270099969787,29.553749999855757],[-96.7926380007357,29.558949000523047],[-96.79298799969476,29.577227999550395],[-96.79301809517949,29.577259349145297],[-96.793132,29.577378],[-96.79313204288829,29.57737799944336],[-96.8134230001237,29.57699100001999],[-96.83281200025161,29.57686299978574],[-96.83192199947409,29.57565099989229],[-96.8319259998987,29.57488699963396],[-96.83233399963552,29.57303999996074],[-96.8326300002485,29.57234899996324],[-96.83356099999094,29.570920999829443],[-96.83502600009965,29.569381000178762],[-96.83513499988196,29.568645999420728],[-96.84063500073643,29.566847000551807],[-96.84186499980527,29.569403000533313],[-96.84062400033959,29.570007000506074],[-96.84185500039476,29.57269800072851],[-96.84815300014988,29.570387999635813],[-96.8485539991144,29.570660999706714],[-96.84945599960233,29.57037800015927],[-96.84967100000806,29.570426000024412],[-96.85535300022978,29.58355000018952],[-96.85569700031155,29.58366899958618],[-96.85845599982657,29.58277499987088],[-96.85879999942564,29.582781000548017],[-96.86069800006955,29.587261000462682],[-96.8629160001682,29.589721000436278],[-96.86590799992128,29.595615999781888],[-96.86311399962717,29.596433000530002],[-96.86639000023527,29.60289799965958],[-96.844280000821,29.60904099966164],[-96.84420000032722,29.609714000104898],[-96.84363400002601,29.610924000195254],[-96.84358573411654,29.610994834853567],[-96.843564,29.611056],[-96.842338,29.612826],[-96.84313099907624,29.61484999764225],[-96.84313100079434,29.614849999820027],[-96.84313100013173,29.61485000284347],[-96.84321299998808,29.616619999742863],[-96.84321300247007,29.616620000262834],[-96.84385632568505,29.61668845545379],[-96.84529154426892,29.616841175206364],[-96.84622099992747,29.61660899957974],[-96.84662399971948,29.616928000111553],[-96.84734799350332,29.617059999308697],[-96.847348,29.61706],[-96.84734800261322,29.617060003025138],[-96.84836800045869,29.61800499968985],[-96.84870800077724,29.618180999672095],[-96.84890899961668,29.618433999542592],[-96.84895300038303,29.61891800080843],[-96.84843099974104,29.619363000226063],[-96.84826640950138,29.61942120542681],[-96.847242,29.620172],[-96.84797183632826,29.620911109979183],[-96.85098696459157,29.621512993488103],[-96.850987,29.621513],[-96.85098700348543,29.621513001465356],[-96.85269199955808,29.62198000022436],[-96.85393200055098,29.622473999612865],[-96.85458099812074,29.623023999209916],[-96.854581,29.623024],[-96.857136,29.62321],[-96.85713600226697,29.623210001316377],[-96.85785999934598,29.623528999997596],[-96.85914399093227,29.624375994734574],[-96.859144,29.624376],[-96.85914399992156,29.624376002670505],[-96.85921900034472,29.62499800053191],[-96.8591076715278,29.625612747553962],[-96.85907500003515,29.626724998803567],[-96.85907500030216,29.62672499965452],[-96.86117699970397,29.627340000090026],[-96.86306000030436,29.62827900071713],[-96.8630479207294,29.628319122058254],[-96.863085,29.628334],[-96.86289,29.629742],[-96.86289000536823,29.629742000824493],[-96.8641300006238,29.629785999912173],[-96.8646469994026,29.63000500001137],[-96.86556600002402,29.6301529991786],[-96.86586099998974,29.63042799931243],[-96.8658823162459,29.630524259514416],[-96.865969,29.630626],[-96.86592545814669,29.630719080220846],[-96.8659559995973,29.63085699966512],[-96.86557899973859,29.63202300003203],[-96.86499600006307,29.63270599986518],[-96.864996,29.632706],[-96.874222,29.632706],[-96.87422199952759,29.63270600048314],[-96.87422199968587,29.63270600048314],[-96.88703600031722,29.632359999999625],[-96.90133500035742,29.632369000070856],[-96.92693499936448,29.631679999735507],[-96.92721699970751,29.631985999587208],[-96.94942200008813,29.631591000210676],[-96.95362899929091,29.631415000529792],[-96.96363399959029,29.631505999783293],[-96.98884500004154,29.631080999765633],[-96.99512600041659,29.63108100017123],[-97.00120200035575,29.63073999928888],[-97.02093200010268,29.630153999437308],[-97.03947499948485,29.630025999789883],[-97.04524999934634,29.62972200034697],[-97.04938499920469,29.629554999884988],[-97.0814249992792,29.629191000215638],[-97.14326200065594,29.62808899955779],[-97.13051700042718,29.643296000506517],[-97.13118800018742,29.643762000525456],[-97.13344400036094,29.645805999923446],[-97.1362279996028,29.647498999786123],[-97.13624999968046,29.647665000474316],[-97.15967800074912,29.66538700024118],[-97.18146400044223,29.68167100002803],[-97.18506699964482,29.68457800052901],[-97.2014660001058,29.69721000037381],[-97.20940799995263,29.703056999571604],[-97.23310900009588,29.72093599927171],[-97.24579299994507,29.730281999779145],[-97.27044099991663,29.74896499980312],[-97.27268599992573,29.750228999881134],[-97.31789300046542,29.7846580002553],[-97.31582299986854,29.78654099945698],[-97.3446480002553,29.810780999940143],[-97.35167100027637,29.81693200011731],[-97.35769900047892,29.821796999216716],[-97.38543899982629,29.84496600010246],[-97.38711000011665,29.846217999559617],[-97.38867900010231,29.847680999635067],[-97.41507100067373,29.86989599999105],[-97.424098999953,29.87767200017024],[-97.43505500045951,29.886774000831338],[-97.4636559999164,29.91103599972699],[-97.49594200033384,29.938195999890027],[-97.50027299984036,29.94163499972237],[-97.51322200037835,29.952730999403407],[-97.53752600037176,29.973169999704993],[-97.53754000012307,29.973427000002985],[-97.54101200052142,29.976377000074773],[-97.54560999964725,29.980153999514563],[-97.54790100061236,29.982194000719485],[-97.54843199981471,29.98240099972321],[-97.56336899972555,29.995046000773378],[-97.56819099944764,29.999127999624342],[-97.57141100023884,30.0014820006483],[-97.57312099947248,30.002908999438713],[-97.58607199940296,30.014274999964073],[-97.59307899975488,30.02004399977161],[-97.59934699947179,30.025420999951095],[-97.59939800026059,30.025754999872497],[-97.60155599939411,30.027656999696077],[-97.60227599943752,30.027993000306864],[-97.60243999969687,30.028300000018394],[-97.60296399986969,30.028754000284444],[-97.6149169998476,30.038905000190056],[-97.62104499985836,30.043929000399558],[-97.62273099998144,30.045503999736596],[-97.63077099985236,30.051980000044455],[-97.63777700026675,30.057894000471872],[-97.63779600055616,30.058193999644907],[-97.64319399975157,30.062564999696793],[-97.64386300052988,30.063338000516186],[-97.64923900027038,30.06782700015251],[-97.65109399962928,30.069575000296794],[-97.65369300058438,30.07156399994704],[-97.66490300007654,30.06156200003657],[-97.66948600005186,30.057201999826603],[-97.70202200056524,30.028651999506128],[-97.70776500029919,30.02405900047017],[-97.70878999992843,30.023451000094344],[-97.71329799955467,30.02004800007267],[-97.74681300008984,29.995798000168662],[-97.74881000019411,29.995769000239868],[-97.7492009995348,29.995929999945695],[-97.75320499979907,29.99402100004837],[-97.75440400066064,29.99285500040497],[-97.75555200059145,29.991970999828286],[-97.75698799994758,29.99048000064542],[-97.75941199996744,29.989175000519307],[-97.75954400012648,29.988923000234493],[-97.75914200064405,29.987072999326458],[-97.759221999105,29.986986999907394],[-97.75235200063923,29.95358300063586],[-97.74677099983272,29.954361000513874],[-97.74334600007606,29.936255999621274],[-97.7412869996878,29.926401000129044],[-97.75432999976829,29.924322999596964],[-97.76237600074198,29.932430999795532],[-97.76448000043523,29.93471700031426],[-97.77047799973745,29.93022699967378],[-97.77066500024398,29.92997600018791],[-97.7729349996367,29.92838399967213],[-97.77387799982569,29.92795300040947],[-97.77394400027059,29.92778100039238],[-97.7754959999591,29.926612000281157],[-97.77552300037382,29.926452000421612],[-97.77946399995368,29.923510000188806],[-97.78444500043524,29.928686999523855],[-97.7856160002874,29.927793999927687],[-97.80013500063652,29.942246999676396],[-97.80312900001708,29.941084000741903],[-97.80333499993581,29.941079999994216],[-97.80345200009003,29.941240999936355],[-97.81735799975938,29.934681999960443],[-97.82125100026407,29.932564999798466],[-97.82735900089347,29.92908499980843],[-97.8353789994551,29.923076999568526],[-97.83660999991848,29.922282000528163],[-97.85021899929626,29.915415000509253],[-97.85752300056865,29.91029899988874],[-97.84261399960417,29.895217000298505],[-97.84270999923787,29.895143999704267],[-97.84208600004094,29.894371000071555],[-97.8369169994022,29.889345999928203],[-97.83642000038911,29.889054000362083],[-97.8279559995685,29.88054900065202],[-97.82548799918513,29.87837199973988],[-97.80699500008656,29.85987099969698],[-97.7908590000789,29.87198299980679],[-97.76138799972496,29.842497999654267],[-97.78059599938457,29.82802199938719],[-97.78572799958171,29.82434800010508],[-97.78947700028364,29.821361000628137],[-97.78652999982472,29.818491999945657],[-97.77962800016508,29.811355000042305],[-97.78315499956595,29.80870900077789],[-97.8145124674291,29.785102918031676],[-97.81437976032056,29.784827455495677],[-97.81433734622752,29.7847450445891],[-97.81431243287263,29.784731711562486],[-97.81279271822432,29.78391839693914],[-97.81200299978826,29.78399900045308],[-97.8118389998348,29.783695000062274],[-97.81201090631338,29.783499990062186],[-97.811953,29.783469],[-97.8140411963549,29.781650034423148],[-97.81416399985949,29.78128500006179],[-97.81449200003091,29.780937000410592],[-97.81475798453779,29.781025661610933],[-97.81510163169068,29.780726320823263],[-97.81510199931199,29.780726000599305],[-97.8151019997824,29.780725999758744],[-97.81293100400922,29.778319004445045],[-97.81293099980475,29.778319000247315],[-97.81177571576492,29.779782360031096],[-97.81189999963802,29.77994200071773],[-97.81137100042335,29.780294999463763],[-97.811371,29.780295],[-97.81137099971004,29.78029499993975],[-97.81137099949035,29.780295000086348],[-97.81113000003675,29.78031599923548],[-97.81057400022415,29.780222999871604],[-97.81029130706236,29.78007064822075],[-97.80887634211028,29.779776629529408],[-97.80845299987159,29.77977500014798],[-97.80831542617433,29.779660075568692],[-97.808214,29.779639],[-97.80772420085906,29.77916618522498],[-97.80763300038231,29.779089999321506],[-97.80757679881738,29.779023894523867],[-97.80670749317598,29.77818473308625],[-97.8064830001262,29.77808900073217],[-97.80627800034178,29.777817000094295],[-97.8062722566074,29.777764588861707],[-97.806253,29.777746],[-97.80565,29.777058],[-97.80567907446755,29.776996413689442],[-97.80561799938661,29.77695400053312],[-97.80571599933788,29.776579000185798],[-97.80603008898247,29.77625288540658],[-97.806462,29.775338],[-97.80556832249924,29.773959640727647],[-97.80523199984994,29.773758000185545],[-97.80523399980899,29.773444000479117],[-97.80523400012213,29.77344400018836],[-97.805234,29.773444],[-97.80523400085215,29.773443999510466],[-97.80554200005099,29.773158000220235],[-97.80589199957541,29.773066000145853],[-97.8058919996793,29.773066000184226],[-97.805892,29.773066],[-97.80589200077722,29.773066000589743],[-97.80640099992848,29.773254000275916],[-97.80684700018935,29.77355299979583],[-97.80724682362828,29.7740940221657],[-97.80796899680647,29.77464199757679],[-97.80796899983362,29.774641999381334],[-97.80902300009173,29.774553000454112],[-97.8098780002595,29.774309999179238],[-97.81117099925562,29.774501000032778],[-97.811171,29.774501],[-97.80971299736643,29.772547311902436],[-97.80945200033108,29.772503000349637],[-97.80902000016421,29.772117999785564],[-97.80844799956012,29.77121700019368],[-97.80841980729866,29.770814468637866],[-97.80825725970112,29.770596658807282],[-97.80801826611754,29.770276413213157],[-97.8076210001201,29.769845999906348],[-97.80705600385183,29.768987005161346],[-97.807056,29.768987],[-97.80705598352961,29.768986986651203],[-97.80641200043871,29.768493000620413],[-97.80572700035074,29.768184000380433],[-97.80565758156871,29.76785362009438],[-97.80499921893322,29.767320035178034],[-97.80418222964455,29.76706979525244],[-97.80211500173482,29.76658400040768],[-97.80211500041634,29.76658400023967],[-97.80211499874808,29.766584000612763],[-97.80201289192544,29.766633977426057],[-97.80165395497659,29.76680966132667],[-97.80149099958648,29.766981000192274],[-97.80121400150199,29.767024999264844],[-97.801214,29.767025],[-97.80121399959641,29.767024999567532],[-97.80121399943727,29.76702499959281],[-97.80072899999273,29.766760999968994],[-97.80027900028782,29.76620699967866],[-97.80019598693477,29.76593412913697],[-97.800194,29.765932],[-97.80019240616768,29.76592235891182],[-97.80006999961584,29.765520000244496],[-97.80010204799822,29.765375782546034],[-97.799745,29.763216],[-97.80009631281014,29.761953830019298],[-97.80024499970472,29.760871000188637],[-97.80087199993665,29.75916699987921],[-97.8016370006738,29.758790000133285],[-97.80204926108212,29.758878554264783],[-97.80269449573801,29.75872046258271],[-97.80289036055116,29.75867247291339],[-97.80381999996989,29.757431999959884],[-97.80348191323725,29.756981499388637],[-97.8031029996263,29.756888999867787],[-97.80303400046485,29.756721999364636],[-97.80302739769222,29.756375857424885],[-97.80302,29.756366],[-97.80302700727768,29.756355390440877],[-97.80302699982492,29.756354999739216],[-97.80302814229391,29.75635367193872],[-97.803979,29.754914],[-97.80397899877467,29.75491399725118],[-97.80374399997768,29.75450500012139],[-97.80370489113292,29.754299080818633],[-97.8035420944022,29.75393387252218],[-97.80343415750868,29.75369173345196],[-97.80334406241921,29.753670008324267],[-97.80330665831472,29.75367989174458],[-97.80276724150872,29.75382242377653],[-97.80202999946103,29.754172999714445],[-97.80136100104858,29.754193999722933],[-97.801361,29.754194],[-97.80136099990216,29.754193999758918],[-97.80136099981925,29.754193999761522],[-97.80103499971206,29.753876999909703],[-97.80114322438843,29.75365741447753],[-97.80104063463145,29.75340463971569],[-97.80089239810894,29.753039394170973],[-97.79967800387467,29.752301002083048],[-97.799678,29.752301],[-97.795925,29.752333],[-97.79406748133985,29.7529128804415],[-97.79373709934684,29.75321991176852],[-97.792916,29.754192],[-97.793271,29.757861],[-97.79327099959987,29.7578610010425],[-97.79307399987373,29.758812999839847],[-97.79268300054784,29.75939299982041],[-97.79226600025144,29.759533000014738],[-97.79092099966537,29.75959000018165],[-97.78895800051139,29.76041600000945],[-97.78666499962097,29.760991999728187],[-97.7864501890255,29.760937839732236],[-97.78638,29.760959],[-97.7816160174711,29.759719004547474],[-97.78161599998083,29.759719000137668],[-97.78161599701825,29.7597189980335],[-97.780917,29.759258],[-97.7808965790826,29.759208032875996],[-97.78076700072545,29.759116000105642],[-97.78046199994357,29.75848400009963],[-97.78054176139712,29.758339843708402],[-97.780503,29.758245],[-97.78061530769565,29.758206920240784],[-97.78067999972785,29.758089999479076],[-97.78085139347394,29.758126871500238],[-97.781724,29.757831],[-97.78038300398158,29.756795003076007],[-97.78038300000581,29.756795000800285],[-97.78014400010763,29.756266000612957],[-97.78015600032118,29.756055000271346],[-97.78032269129501,29.756002815978334],[-97.7802280000057,29.75475900007495],[-97.78022799942744,29.75475899960609],[-97.78043700049112,29.75385399990414],[-97.78096586815526,29.75325986251905],[-97.78112112891245,29.752944416976693],[-97.78123699991339,29.752709000175965],[-97.78109499972196,29.75245099965115],[-97.78109017832628,29.75233635615807],[-97.78101849346464,29.752154414884863],[-97.78037048121362,29.75050971374018],[-97.78002600016924,29.75019800056049],[-97.77997757178092,29.749512481677463],[-97.77994121726444,29.74942021133107],[-97.77988668554974,29.749281805963825],[-97.77951099997966,29.74884199965581],[-97.77943899995485,29.74842200012753],[-97.77946399974692,29.74820899977148],[-97.779801999809,29.747767999341725],[-97.78027399997792,29.747696000304384],[-97.78112700000594,29.748618999935832],[-97.78112700005903,29.748618999940525],[-97.78163236841952,29.748109756904753],[-97.78201805387587,29.747721114385755],[-97.78198224884322,29.747691152794207],[-97.78023388174077,29.74745358531987],[-97.77860589092533,29.747232374530828],[-97.77802099940025,29.747213999731304],[-97.7778833489383,29.747134195793237],[-97.77772,29.747112],[-97.77756391110253,29.746948999195258],[-97.77711200008774,29.74668700022971],[-97.77655012153245,29.745890317133625],[-97.77608458401589,29.7454041647482],[-97.77562900033314,29.74513300053343],[-97.77512299981905,29.74440000020016],[-97.77427499993736,29.744150000411977],[-97.77400200033802,29.74393800013931],[-97.774002,29.743938],[-97.77400200013786,29.74393799932176],[-97.77384899985347,29.74320699987577],[-97.77428463183547,29.742150948177454],[-97.77306858932239,29.742058224935832],[-97.77285899953043,29.742238999610656],[-97.77257401838358,29.74202051390175],[-97.77244112902477,29.74201038108814],[-97.77233515396794,29.742002300490057],[-97.7716490000431,29.7420599997187],[-97.77113000052587,29.741975999588803],[-97.7710703320011,29.741905857815084],[-97.77102489264483,29.74190239306417],[-97.7704796268708,29.741860816548897],[-97.7701380001691,29.741938999346807],[-97.76876399950179,29.741730000288797],[-97.76876399996122,29.74172999995244],[-97.768234,29.74108],[-97.769976,29.739508],[-97.770699,29.737819],[-97.770212,29.735177],[-97.77096,29.732305],[-97.763739,29.727899],[-97.761873,29.728389],[-97.760691,29.727763],[-97.760808,29.725405],[-97.758601,29.725047],[-97.763536,29.721766],[-97.766466,29.721759],[-97.768333,29.720267],[-97.768459,29.719103],[-97.765661,29.717128],[-97.763364,29.713042],[-97.758627,29.715735],[-97.756548,29.717825],[-97.75294,29.716626],[-97.7519,29.71586],[-97.749984,29.714631],[-97.74772,29.714398],[-97.74665,29.712556],[-97.749654,29.711422],[-97.746091,29.711298],[-97.744933,29.71269],[-97.744108,29.711887],[-97.738369,29.712905],[-97.73677,29.711046],[-97.735942,29.705629],[-97.736996,29.701954],[-97.743347,29.698841],[-97.743629,29.697496],[-97.742698,29.69667],[-97.740339,29.696784],[-97.737992,29.696254],[-97.735409,29.693618],[-97.73572,29.691198],[-97.734592,29.691075],[-97.733415,29.690541],[-97.73302603171719,29.69042838960204],[-97.731985,29.690127],[-97.72757600497216,29.68789200252048],[-97.727576,29.687892],[-97.7270559483563,29.687300244669906],[-97.72562500117314,29.685672001334897],[-97.725625,29.685672],[-97.722104,29.68552],[-97.72145,29.684163],[-97.722852,29.682557],[-97.72285199956107,29.682556999794144],[-97.72185200008133,29.682088000038146],[-97.721852,29.682088],[-97.7207857698235,29.682601116943918],[-97.7194042756508,29.683265952814775],[-97.71781416538467,29.684031183942373],[-97.71764,29.684115],[-97.716759,29.683742],[-97.71675900046425,29.68374199946454],[-97.71753885342025,29.682842537159466],[-97.717737,29.682614],[-97.717215,29.681797],[-97.71710237780808,29.68181813810793],[-97.71636082231446,29.68195732097937],[-97.715574,29.682105],[-97.711705,29.6815],[-97.708451,29.683733],[-97.706378,29.682712],[-97.704558,29.682615],[-97.703855,29.681267],[-97.705641,29.680218],[-97.704784,29.679112],[-97.705862,29.67715],[-97.705317,29.675889],[-97.706075,29.67455],[-97.703849,29.674249],[-97.703299,29.673072],[-97.703421,29.670482],[-97.702197,29.670099],[-97.702229,29.668592],[-97.700536,29.668413],[-97.699477,29.667424],[-97.698305,29.666708],[-97.697325,29.667923],[-97.698284,29.669249],[-97.690701,29.673096],[-97.691617,29.672366],[-97.689791,29.671823],[-97.688301,29.672589],[-97.686128,29.669503],[-97.685188,29.667446],[-97.685326,29.666261],[-97.686587,29.667295],[-97.68723,29.666673],[-97.685813,29.665667],[-97.683864,29.666057],[-97.683594,29.66717],[-97.682072,29.665919],[-97.683823,29.664269],[-97.680498,29.663623],[-97.678484,29.664469],[-97.678368,29.666761],[-97.676575,29.667099],[-97.677592,29.668775],[-97.675933,29.668134],[-97.673878,29.668222],[-97.675135,29.666085],[-97.673466,29.663197],[-97.67117,29.664116],[-97.670864,29.667063],[-97.669162,29.66753],[-97.66591,29.666905],[-97.665209,29.668043],[-97.665002,29.668801],[-97.663366,29.666983],[-97.661045,29.668513],[-97.65939,29.666539],[-97.65865,29.663249],[-97.656462,29.662863],[-97.656849,29.664672],[-97.654005,29.666991],[-97.652612,29.667843],[-97.652236,29.666957],[-97.651902,29.666575],[-97.650073,29.665021],[-97.648983,29.662221],[-97.647785,29.662127],[-97.647921,29.658079],[-97.648672,29.656964],[-97.649648,29.657437],[-97.649106,29.659303],[-97.650141,29.661323],[-97.652225,29.66182],[-97.653627,29.659899],[-97.653219,29.658824],[-97.654344,29.658035],[-97.653559,29.656183],[-97.651895,29.655245],[-97.651654,29.653965],[-97.65035,29.655268],[-97.64771,29.654188],[-97.642885,29.654609],[-97.641661,29.652136],[-97.640492,29.651883],[-97.638997,29.653265],[-97.63794,29.653291],[-97.637444,29.654674],[-97.635627,29.655229],[-97.635269,29.653717],[-97.63102,29.653472],[-97.631432,29.650606],[-97.633176,29.649863],[-97.633504,29.649432],[-97.640024,29.640803],[-97.659757,29.614659],[-97.661368,29.612749],[-97.66158910805542,29.61232006058532],[-97.661801,29.611909],[-97.6618017434723,29.611908019838502],[-97.72764673684291,29.525021347719395],[-97.727647,29.525021],[-97.72764700084512,29.52502099896617],[-97.72764700583195,29.52502099286586],[-97.73033000007804,29.521531999541196],[-97.73219667886806,29.519455447953852],[-97.732981,29.518496],[-97.73347236566813,29.51782330578777],[-97.73581199968945,29.514411999848683],[-97.73915315000437,29.51004614309254],[-97.739639,29.509381],[-97.746306,29.50069],[-97.74783990682322,29.498230685066712],[-97.75027699994537,29.49414400062346],[-97.75385899943326,29.48858199996798],[-97.774774000487,29.461444000705075],[-97.78295395385275,29.45101875093484],[-97.804618,29.423041],[-97.825607,29.395882],[-97.840125,29.37719],[-97.840383,29.376791],[-97.858782,29.35289]],[[-97.7110715801462,29.801005971000016],[-97.71101300059733,29.800949999408537],[-97.70863200019586,29.79827699981751],[-97.7110715801462,29.801005971000016]],[[-97.66463823864805,29.813521621740815],[-97.65768499965137,29.803678999847214],[-97.66415599974333,29.81282100006411],[-97.66463823864805,29.813521621740815]],[[-97.62154578329907,28.98489362816568],[-97.62119893063333,28.98475453261797],[-97.62137900067786,28.98480300039566],[-97.62154578329907,28.98489362816568]],[[-97.62052851794375,28.984574083874918],[-97.61987748631664,28.98449428262169],[-97.6202829996957,28.984508000013516],[-97.62052851794375,28.984574083874918]],[[-97.61838517866119,28.984443801996644],[-97.61654600076706,28.984500999766574],[-97.61717899962552,28.98440300030846],[-97.61838517866119,28.984443801996644]],[[-97.61806592419724,29.633448635146355],[-97.61783799964348,29.633393000134774],[-97.61804899961147,29.633432999700812],[-97.61806592419724,29.633448635146355]],[[-97.61280665351963,29.110017782574573],[-97.60333099994138,29.11737999992446],[-97.6110280000392,29.11136700037273],[-97.61280665351963,29.110017782574573]],[[-97.60527600000886,29.641396000377622],[-97.60442900054261,29.64179000056875],[-97.60428854193665,29.641800696542763],[-97.60527600000886,29.641396000377622]],[[-97.60400266887504,29.64182246588055],[-97.60392999910871,29.641827999709733],[-97.60373100004625,29.641786000005066],[-97.60400266887504,29.64182246588055]],[[-97.59651000053016,29.75319199952753],[-97.59625985370216,29.75249371534533],[-97.59630499991009,29.752485000559293],[-97.59651000053016,29.75319199952753]],[[-97.59251599976267,29.12524800031547],[-97.4943129994936,29.19910100033477],[-97.55651299961767,29.15231299964564],[-97.59251599976267,29.12524800031547]],[[-97.5911009994285,29.753838999691368],[-97.5902589467985,29.75359268436346],[-97.59028800010881,29.75359100013699],[-97.5911009994285,29.753838999691368]],[[-97.59003372401803,29.753605740575118],[-97.58964172209835,29.753658087419506],[-97.58966699964226,29.753626999663826],[-97.59003372401803,29.753605740575118]],[[-97.58222899992491,29.76247299951849],[-97.58222032509566,29.762509290942507],[-97.58202800007,29.761919999981505],[-97.58222899992491,29.76247299951849]],[[-97.58215799170266,29.762770064674545],[-97.58207099920668,29.763134000548106],[-97.58203577691332,29.763151840413006],[-97.58215799170266,29.762770064674545]],[[-97.58137800028135,29.763485000043644],[-97.58049196758058,29.76333612460973],[-97.5805640002168,29.76332900057576],[-97.58137800028135,29.763485000043644]],[[-97.5801899436157,29.76336599480605],[-97.57997577220465,29.76341380129675],[-97.58001799984514,29.76338300005987],[-97.5801899436157,29.76336599480605]],[[-97.57992713717012,29.763449276146922],[-97.57900067064473,29.764749347949362],[-97.57906399990252,29.764565999687765],[-97.57976299980555,29.763568999479517],[-97.57992713717012,29.763449276146922]],[[-97.57984100056767,29.76864399979236],[-97.57981536219211,29.768816236056107],[-97.5798168636852,29.768211432405682],[-97.57984100056767,29.76864399979236]],[[-97.57978298268222,29.769033758644074],[-97.57976300011127,29.76916799972931],[-97.5793880000712,29.769918999972333],[-97.57978298268222,29.769033758644074]],[[-97.5797435492059,29.76689753228852],[-97.57972621994006,29.76679338125981],[-97.57973899981461,29.766816000702963],[-97.5797435492059,29.76689753228852]],[[-97.57905731454092,29.7655090685053],[-97.578985000726,29.76537300039194],[-97.57893999959941,29.764925000263606],[-97.57897084227368,29.764835705822026],[-97.57905731454092,29.7655090685053]],[[-97.57890699993676,29.772958000035278],[-97.57882099952006,29.773458999727485],[-97.57877828209448,29.773474765452224],[-97.57890699993676,29.772958000035278]],[[-97.57690472397967,29.774362290146268],[-97.57678294221417,29.774623097046423],[-97.57686999998877,29.77438300071767],[-97.57690472397967,29.774362290146268]],[[-97.5179359999324,29.760807999866945],[-97.51791999998632,29.762432999632743],[-97.51789899958628,29.760558000756667],[-97.51779099975268,29.759090000137522],[-97.5179359999324,29.760807999866945]],[[-97.49628899998064,29.760947000311436],[-97.49613099957058,29.755503999784832],[-97.49621600034288,29.758419999402673],[-97.49628899998064,29.760947000311436]],[[-97.4943129994936,29.19910100033477],[-97.45056400010301,29.230813000221605],[-97.44448599944214,29.235216999683033],[-97.4943129994936,29.19910100033477]],[[-97.48644699988822,29.286898000080757],[-97.48644600024396,29.286138000347297],[-97.48644599992397,29.28602700055321],[-97.48644699988822,29.286898000080757]],[[-97.4525880002285,29.259448999424645],[-97.45232699929595,29.259219999566636],[-97.45185599931399,29.25855500000955],[-97.4525880002285,29.259448999424645]],[[-97.4516669998824,29.236051999943083],[-97.45158899963072,29.236350000323675],[-97.45080499999803,29.23770299949675],[-97.4516669998824,29.236051999943083]],[[-97.4228238074808,29.31874664972003],[-97.42277899973517,29.31873299927642],[-97.41592799992728,29.31380199995418],[-97.4228238074808,29.31874664972003]],[[-97.41592799992728,29.31380199995418],[-97.3994039023232,29.299665461762554],[-97.40296100066408,29.30266799973713],[-97.41592799992728,29.31380199995418]],[[-97.3979908393181,29.298472698749922],[-97.3790509997808,29.282973000260153],[-97.39783600044962,29.298341999641263],[-97.3979908393181,29.298472698749922]],[[-97.38805389821255,29.009943449395408],[-97.38798400047996,29.010015000050874],[-97.38787596638326,29.010069118388195],[-97.38805389821255,29.009943449395408]],[[-97.36434700012944,29.131673999429406],[-97.36338100010661,29.131514000182182],[-97.36400799973376,29.131536999977676],[-97.36434700012944,29.131673999429406]],[[-97.34536299961194,29.116852999337294],[-97.34431899996694,29.116394999830096],[-97.343691999927,29.115981999646078],[-97.34536299961194,29.116852999337294]],[[-97.343691999927,29.115981999646078],[-97.34356199998383,29.11550100014411],[-97.34353499970497,29.114584000573345],[-97.343691999927,29.115981999646078]],[[-97.33853993488542,29.28872522971365],[-97.33849100003333,29.2888879999711],[-97.33832631390095,29.289143062439702],[-97.33853993488542,29.28872522971365]],[[-97.33638699921211,29.275995999989625],[-97.33538301902023,29.27579769358368],[-97.33555100014011,29.275758999962733],[-97.33638699921211,29.275995999989625]],[[-97.33500575418695,29.275884594673908],[-97.3347313859613,29.276005976733703],[-97.33482600058349,29.275926000028278],[-97.33500575418695,29.275884594673908]],[[-97.33459984661944,29.276117165500878],[-97.33391999957166,29.277026999568154],[-97.33437999917497,29.276303000141432],[-97.33459984661944,29.276117165500878]],[[-97.32039199981774,29.370929000031946],[-97.32026399988439,29.37134100062147],[-97.32000799981274,29.37181100051215],[-97.32039199981774,29.370929000031946]],[[-97.31837399963302,29.368838999961064],[-97.31655399969357,29.368711000093683],[-97.31746400032348,29.368711000402275],[-97.31837399963302,29.368838999961064]],[[-97.28929899947059,29.406466000634023],[-97.28923256731595,29.40661574240615],[-97.28927707589449,29.405987142396754],[-97.28929899947059,29.406466000634023]],[[-97.28926262297833,29.40567145950263],[-97.28691360305292,29.40113401955308],[-97.28701099947233,29.40124499950563],[-97.28926099950502,29.405635999340276],[-97.28926262297833,29.40567145950263]],[[-97.28919952835217,29.40669021406845],[-97.28911400005828,29.406882999600743],[-97.28873999999314,29.40729100009463],[-97.28870719145628,29.407307646321353],[-97.28919952835217,29.40669021406845]],[[-97.25973552346093,29.537059111927476],[-97.25961199935536,29.536939999842136],[-97.25973500009353,29.53702500049638],[-97.25973552346093,29.537059111927476]],[[-97.2588669999802,29.2388100002688],[-97.2571275636703,29.238768562833133],[-97.25720300018664,29.238696000072004],[-97.2588669999802,29.2388100002688]],[[-97.25701189972558,29.238879820558136],[-97.25692299982518,29.2401290003119],[-97.25699300018591,29.23889800011957],[-97.25701189972558,29.238879820558136]],[[-97.24891499983299,29.57567699979344],[-97.24876799984274,29.564711999442373],[-97.24880132476272,29.564710273182147],[-97.24891499983299,29.57567699979344]],[[-97.23037482063121,29.507567629870834],[-97.2269399365174,29.51130485631921],[-97.22058525908908,29.51802221110186],[-97.23037482063121,29.507567629870834]],[[-97.23019500022274,29.043311999824578],[-97.22703400059366,29.04305600008539],[-97.22921400004893,29.04316600032312],[-97.23019500022274,29.043311999824578]],[[-97.19941326008701,29.008665593148933],[-97.19913400090044,29.008632999904652],[-97.19877899048112,29.00851492672508],[-97.19941326008701,29.008665593148933]],[[-97.19877099937958,29.519426000049393],[-97.19826300019129,29.50556300017835],[-97.19858700018487,29.513844000641573],[-97.19877099937958,29.519426000049393]],[[-97.19656000037574,28.9864439998804],[-97.19551600017323,28.985381000275368],[-97.19213599925372,28.981735000044356],[-97.19656000037574,28.9864439998804]],[[-97.19562499978188,29.006618000310002],[-97.19200663006471,29.004653427917262],[-97.19239199989286,29.004794999277195],[-97.19562499978188,29.006618000310002]],[[-97.19181615796514,29.035972346534315],[-97.19120099992816,29.035828999562746],[-97.18914900020033,29.03519700064956],[-97.19181615796514,29.035972346534315]],[[-97.1890789997944,28.9776219999971],[-97.18876499937224,28.976910999346718],[-97.1878899994952,28.974742999297117],[-97.1890789997944,28.9776219999971]],[[-97.17596799931275,28.964019999634566],[-97.1740999999965,28.965321000326263],[-97.17518099996268,28.964477999845947],[-97.17596799931275,28.964019999634566]],[[-97.11588000030105,29.49714000032575],[-97.11476299961438,29.49715599956916],[-97.09922899973931,29.497131000501167],[-97.11588000030105,29.49714000032575]],[[-97.0965389999833,29.37618000021914],[-97.09446999969629,29.375243000108355],[-97.09368199973245,29.374697000495495],[-97.09491000043077,29.375442000694058],[-97.0965389999833,29.37618000021914]],[[-97.08971409222009,29.37452006961941],[-97.08962000016007,29.375057000032825],[-97.08964400055291,29.374599000009628],[-97.08971409222009,29.37452006961941]],[[-97.08862299947634,29.423477999514496],[-97.0879420002575,29.423570000662213],[-97.08775859547966,29.423497472336766],[-97.08862299947634,29.423477999514496]],[[-97.0769999996905,29.413946999866468],[-97.07608214081706,29.41314336342244],[-97.0760829992178,29.41314399990951],[-97.0769999996905,29.413946999866468]],[[-97.07548401367842,29.412699864043493],[-97.07420000041606,29.411838999515318],[-97.07197499979641,29.410098000030274],[-97.07548401367842,29.412699864043493]],[[-97.06408935012719,29.48505675738055],[-97.06400100021123,29.48500399958392],[-97.06399883948588,29.48494242838385],[-97.06408935012719,29.48505675738055]],[[-97.06362099948383,29.47138299985738],[-97.05654099989792,29.471436999916563],[-97.05490499976774,29.471393999456673],[-97.06362099948383,29.47138299985738]],[[-97.03717100066183,29.402257999761293],[-97.03646300038766,29.402671000176564],[-97.03536400006894,29.402899000098778],[-97.03655700039079,29.402615999800176],[-97.03717100066183,29.402257999761293]],[[-97.02976536591278,29.397130958001696],[-97.02968300038181,29.39713199935656],[-97.02956004147002,29.39705655720421],[-97.02976536591278,29.397130958001696]],[[-97.0294349998314,29.3940380001337],[-97.0294152448348,29.396967716390183],[-97.02938800061168,29.396951000539328],[-97.0294349998314,29.3940380001337]],[[-96.99920700012002,29.242036999910667],[-96.99860899986129,29.242288999740587],[-96.99724799995327,29.242702999690177],[-96.99920700012002,29.242036999910667]],[[-96.98216741143145,29.483638275966218],[-96.98204499963822,29.483638999251664],[-96.98198236271305,29.483599736848902],[-96.98216741143145,29.483638275966218]],[[-96.98154055364058,29.483322799791367],[-96.98129200004078,29.483167000132962],[-96.98121431584391,29.483087945544344],[-96.98154055364058,29.483322799791367]],[[-96.98110815703217,29.48297991403307],[-96.9803849997725,29.482243999883558],[-96.98015404180398,29.481915329083122],[-96.98110815703217,29.48297991403307]],[[-96.98000204117356,29.481699020595514],[-96.97994299942538,29.481614999685746],[-96.97971499971317,29.480707000011968],[-96.98000204117356,29.481699020595514]],[[-96.97766285646605,29.134120309231953],[-96.97749700081053,29.1338269999049],[-96.97734051519139,29.133457288833725],[-96.97766285646605,29.134120309231953]],[[-96.9768988755823,29.13241387632177],[-96.97680200008394,29.13218499941626],[-96.97680695014179,29.132104448614463],[-96.9768988755823,29.13241387632177]],[[-96.96124399952977,29.349147000515202],[-96.95959599921468,29.34632900006956],[-96.96026599950977,29.34735700032743],[-96.96124399952977,29.349147000515202]],[[-96.93974599973743,29.340828999272215],[-96.93701768979572,29.34001942758189],[-96.93765400003666,29.340142000578346],[-96.93974599973743,29.340828999272215]],[[-96.93312999985169,29.342523000092893],[-96.93281600013637,29.343049999125622],[-96.9325289997846,29.34332499962509],[-96.93312999985169,29.342523000092893]],[[-96.93176461397228,29.343268254914754],[-96.93161299948054,29.343256999707922],[-96.93135200006378,29.343027000560483],[-96.93176461397228,29.343268254914754]]]},"id":"scouting-5"},{"type":"Feature","properties":{"district_name":"North Shore","status":"Current assignment-derived planning region","derivation":"Assigned school-district polygons, subdivided by mapped schools only where a district spans multiple scouting districts","assignment_school_count":52,"school_district_count":2,"school_districts":"Lago Vista ISD, Leander ISD","source":"CAC Schools monday.com table","source_updated_at":"2026-08-01T10:20:02Z"},"geometry":{"type":"Polygon","coordinates":[[[-98.0749179996576,30.577538000161436],[-98.05702199964367,30.569012000350746],[-98.05472300034802,30.572654999821058],[-98.03999400041803,30.565324999786082],[-98.03647700004389,30.56379499961089],[-98.03652900066565,30.563711000592512],[-98.01183699993531,30.551780999750342],[-98.01948399981603,30.540076000605453],[-97.98462199971488,30.523436999780667],[-97.98209999970426,30.522362000331285],[-97.9904629996059,30.50970800004533],[-97.99936200072848,30.49655199952376],[-97.9997189993199,30.495825999898916],[-98.00427800092672,30.489020999991407],[-98.0044910001863,30.490148999783255],[-98.00920400035174,30.4831189993407],[-98.00826499981903,30.48308999981295],[-98.0101889991658,30.48031699974228],[-98.00917799995109,30.479844999424827],[-98.00681499917908,30.477900000148168],[-98.00643800007249,30.47731900058345],[-98.00493299967906,30.475796000465753],[-98.00398899979672,30.474100999847863],[-98.00264700010703,30.47082899923865],[-98.00083100012341,30.4672659999354],[-98.00063800028056,30.46736499990129],[-97.99912399978363,30.46422900000461],[-97.99877200059856,30.46189999985532],[-97.99883900010978,30.46141399949477],[-97.9993190003283,30.45945800005625],[-98.00011199946711,30.457382000307692],[-98.00075999966687,30.45617900051878],[-98.00156600041987,30.45526400008861],[-98.00550300004971,30.45218899968588],[-98.00962399923145,30.451871000220013],[-98.01227599962175,30.45125600025295],[-98.01412100048815,30.449956000518906],[-98.01801300025004,30.444854999376894],[-98.01918999987559,30.443840999657734],[-98.02059100019014,30.442973999758934],[-98.02360499951304,30.440637000120763],[-98.02720400042456,30.437679999551186],[-98.0294490004862,30.436481000342997],[-98.0338300001374,30.43101099964205],[-98.03464399915592,30.429774000001654],[-98.03745999975249,30.422981999789805],[-98.0377319999375,30.421925999960965],[-98.03776699923198,30.421087000200465],[-98.03649000001256,30.41930799939538],[-98.03522099990019,30.418126000331757],[-98.03348100039261,30.416863000423348],[-98.03185100061027,30.416119999888735],[-98.02982400066072,30.41565600062615],[-98.02736500064297,30.41516499994113],[-98.0222769999419,30.414593999858493],[-98.00643199975651,30.413716999697115],[-97.99054999929614,30.41437900023296],[-97.98906200037504,30.414239000137297],[-97.98829199945753,30.414112000549043],[-97.98713799973072,30.413189999970978],[-97.9861980001054,30.41210400038732],[-97.98491499954842,30.409943000253307],[-97.98442999924026,30.408740000144316],[-97.98454700022276,30.408165000423],[-97.98565400083827,30.405735999970474],[-97.98670399980901,30.40397399989305],[-97.98893999989987,30.40160999984944],[-97.99088000077917,30.400820999637514],[-97.99433399952981,30.39915200041664],[-97.99583200033724,30.398039000040914],[-97.99781999978657,30.396887000270013],[-98.0021649997989,30.39473499961912],[-98.00698800075396,30.390705000294464],[-98.01639099914544,30.381241999418652],[-98.0169130000449,30.38055799999206],[-98.01689699986902,30.37909300055602],[-98.01586599950228,30.376575000276148],[-98.01468199978697,30.375286000455322],[-98.01264100069065,30.3745169994851],[-98.01013399988805,30.374275000192466],[-98.00738199943973,30.37435000060174],[-98.00319400009067,30.374259999451652],[-97.99899100064584,30.374433999496016],[-97.99564799978313,30.374836999909036],[-97.99147099940998,30.37649200032522],[-97.9869369998638,30.37858600049529],[-97.98350099986473,30.382053000294793],[-97.98209499949445,30.383126000603465],[-97.98079600043023,30.383875999810986],[-97.98075300000939,30.384152000092808],[-97.9800110004557,30.384984999815625],[-97.97869799953529,30.386075999414256],[-97.97628600013526,30.38851700020224],[-97.97437599989748,30.391513000397055],[-97.97364700007229,30.39238299955551],[-97.97147999956508,30.393571999619535],[-97.96800000062277,30.39490100051867],[-97.96614900061256,30.395811000090028],[-97.96358600022239,30.396404999771814],[-97.96076100037669,30.39678100000244],[-97.95985699962883,30.396763999842175],[-97.95859999997771,30.396625000328914],[-97.95725299989054,30.396297000137558],[-97.95315200033792,30.39444199965449],[-97.95232500013154,30.394227999945922],[-97.95096200005065,30.393993999722728],[-97.94898800062018,30.394050000341032],[-97.94576899990415,30.394755999756416],[-97.94456499986634,30.395267999534948],[-97.94222899936236,30.396693999718938],[-97.94056799948014,30.39807399966311],[-97.93986000016437,30.400461000275534],[-97.93963099984015,30.402239999960074],[-97.93936300002292,30.40307299973617],[-97.93925599991904,30.404104999627076],[-97.93936099964239,30.404927999971196],[-97.93979900025921,30.40555999943772],[-97.94023899932992,30.4059079992318],[-97.94263499959061,30.407390999253032],[-97.94795799947465,30.415205000131547],[-97.95008200044482,30.417910999868454],[-97.95124999991968,30.419783000287456],[-97.95146800028748,30.420358000438007],[-97.95308100020625,30.42281899971452],[-97.95333500061969,30.42388500042152],[-97.9532109999028,30.42585400042273],[-97.95288199951418,30.427539999732065],[-97.95223399977182,30.429629999722557],[-97.95088500006864,30.43179600011103],[-97.94976199970553,30.43314699993176],[-97.94794799956397,30.43499200003287],[-97.94324999959385,30.437430000029202],[-97.94037100075082,30.43744499946839],[-97.93729399956113,30.43863699976677],[-97.931081000323,30.43835500017134],[-97.92915999925837,30.437855999786468],[-97.92653099931154,30.436630999660675],[-97.92086671820601,30.434956508054288],[-97.92086900089541,30.434921000016814],[-97.92067099977122,30.434481999520628],[-97.91822500016427,30.43280700007386],[-97.91719800039148,30.431968000228554],[-97.91609599940985,30.430824999909895],[-97.9149020008778,30.429235000003263],[-97.91399699965491,30.42759699928989],[-97.91094799954624,30.425217999452602],[-97.9075270004607,30.42193400052603],[-97.90665499966768,30.42145399929977],[-97.90576699972905,30.421292000011434],[-97.90723899984094,30.41541000013629],[-97.90781199964503,30.412213999611925],[-97.90785099957117,30.41068300049331],[-97.90748900057525,30.40873400046713],[-97.90632199945925,30.406930000097976],[-97.90311900030932,30.404854000568633],[-97.90298200056456,30.40458100046967],[-97.90278200016843,30.404639000179028],[-97.90059699967112,30.403322999930374],[-97.89846100084611,30.403011999573597],[-97.89630800021175,30.403582000007184],[-97.89317600069424,30.4053410001542],[-97.89079199982089,30.406208000284632],[-97.8878050000271,30.40534100072966],[-97.88711499972035,30.40281400005992],[-97.88843700019034,30.399865999997107],[-97.89072700025449,30.39816099990172],[-97.89303600057669,30.396719000727717],[-97.89679299942738,30.395053999901457],[-97.89872199964248,30.394353000104452],[-97.899983999144,30.394238000487725],[-97.90392399995807,30.393239999939894],[-97.90625299995284,30.392465000591553],[-97.90955800087974,30.390975999726482],[-97.91109400021038,30.390491999833394],[-97.9134049995232,30.38827200032558],[-97.91448299971344,30.384780999938467],[-97.91432900052797,30.37580399977276],[-97.9138150001976,30.369803000470167],[-97.91388200016668,30.36883100046883],[-97.91369799961595,30.366998000625035],[-97.91343700035775,30.366112999741198],[-97.91323600020785,30.3634729999992],[-97.91297899957654,30.362237000101267],[-97.91331200012145,30.360423000289213],[-97.9139109996238,30.35870399998062],[-97.91443700010797,30.357410999390936],[-97.9155170003919,30.355361999631185],[-97.91641600021362,30.35396900058512],[-97.91789800008841,30.3523369994341],[-97.92182200077306,30.349228000488147],[-97.9322900002375,30.33838800014629],[-97.9346879998266,30.33570299957442],[-97.93398799997756,30.331402999873934],[-97.93008700005987,30.328503000020476],[-97.92468700054907,30.32600299984332],[-97.91788700010325,30.326602999505806],[-97.91488699931939,30.32780300044595],[-97.9091870008022,30.331603000248514],[-97.89988699920913,30.339902999955083],[-97.89924100061022,30.340117999560274],[-97.89720299994845,30.34122599969685],[-97.89432400030238,30.342066999886978],[-97.8908599994169,30.34275400054298],[-97.88496500069749,30.343288000108437],[-97.880487000219,30.34400300006483],[-97.87441700084761,30.346169000564814],[-97.86639999984487,30.351633000593377],[-97.8622229997896,30.354251000115376],[-97.8607639999198,30.354725000106704],[-97.85952700022015,30.35491499962732],[-97.85735199992453,30.354818999939052],[-97.85493000030252,30.353935000105068],[-97.85078599966187,30.351602999833744],[-97.85063100001167,30.351292000310792],[-97.84968599981792,30.350743999827078],[-97.84880900070304,30.34986700001909],[-97.84738200003711,30.347746999881586],[-97.84719799964154,30.347238000022827],[-97.84721299948919,30.346772999856984],[-97.84639700016595,30.344831000091155],[-97.84571099922299,30.341435999710047],[-97.84519299943909,30.340398000520228],[-97.84444800011246,30.33625499952364],[-97.83814200048282,30.346579000236268],[-97.83375699912118,30.353445000545417],[-97.83308100006565,30.35537900025044],[-97.83296600038808,30.355378000258337],[-97.82937399934593,30.365548000072437],[-97.82858600062153,30.3672799994023],[-97.81977799944757,30.366846000686163],[-97.81941900071782,30.36940000039299],[-97.81936900022126,30.370989999978935],[-97.81854200051282,30.3785210002291],[-97.81837099914243,30.3822410001717],[-97.81798499934193,30.385575000254395],[-97.81028099949775,30.38520099947826],[-97.80632199989422,30.391471000595587],[-97.80666100012427,30.392283000049222],[-97.80682899981329,30.393867000441514],[-97.80479999964685,30.3936580000557],[-97.8007209994008,30.399731000099955],[-97.80200899934628,30.40022099995424],[-97.81166899993747,30.404984999966523],[-97.80834500067083,30.410475999994965],[-97.80405199990872,30.417119999950398],[-97.80647900006073,30.41767199973961],[-97.80596600043465,30.41845199940342],[-97.8064329999424,30.418749999777994],[-97.8079009999514,30.41890399986234],[-97.80902100004955,30.418829000417485],[-97.80954399980604,30.419024000310397],[-97.80952700026228,30.41956199930589],[-97.8205940000772,30.42493800012927],[-97.82080999942771,30.425135000193723],[-97.83370900022376,30.431298000713202],[-97.8267550005845,30.442236000234203],[-97.82666899981318,30.442200000079232],[-97.82316500004407,30.447556999862943],[-97.82804399967334,30.45017899922813],[-97.82515899957342,30.454578000412237],[-97.82586800046063,30.454927999927378],[-97.82599200078705,30.455315000344974],[-97.82306799998993,30.458049000477665],[-97.82206999988472,30.459157999650806],[-97.81999799981047,30.460911999542848],[-97.81062200058626,30.463890999685717],[-97.81506700059293,30.474669000350932],[-97.81528000041537,30.475312000572714],[-97.8151529995223,30.475356999377894],[-97.8155189999271,30.475657999875303],[-97.81841199982547,30.48241800009499],[-97.81131799995248,30.484690999865144],[-97.80134099991716,30.488203000240457],[-97.80192900093684,30.487739999353018],[-97.7901619997387,30.491272999486423],[-97.77469800033765,30.496180000813098],[-97.76880800012128,30.49817899972353],[-97.7670570000678,30.498845999702024],[-97.76705900063047,30.498954999354666],[-97.76607300009776,30.499096999991313],[-97.76311599994999,30.50013999930517],[-97.76096699999532,30.50051099952355],[-97.75905899997531,30.501126000355647],[-97.75913599976587,30.50208300002041],[-97.76223199980292,30.509095000090028],[-97.76321500014829,30.511730000018364],[-97.76417200055947,30.51385599960451],[-97.76393899998514,30.51393299941137],[-97.76640999967763,30.519877999480997],[-97.76643300002404,30.52016300056808],[-97.76654099947154,30.52019599964357],[-97.767249999719,30.52190799971852],[-97.76746000017584,30.522043000073378],[-97.7674110008827,30.522291000169204],[-97.76819199988019,30.524173999500693],[-97.7661580003381,30.52394099995781],[-97.76798700021544,30.52832099932722],[-97.76639800004115,30.528349999717122],[-97.76527899966545,30.52807000005534],[-97.75931400060051,30.52725499982392],[-97.75795599959608,30.52685800000869],[-97.7550529994806,30.526590999607432],[-97.75459700065169,30.52688799998034],[-97.7553310002707,30.527967000556632],[-97.75598399945636,30.529330000181933],[-97.75319200075019,30.528305000023128],[-97.75246799996152,30.527949000735973],[-97.75147400007339,30.52718999988585],[-97.74882100022505,30.528051999966863],[-97.73850500012699,30.530759999250904],[-97.74099399986041,30.537401000212014],[-97.7482369998231,30.555839999627796],[-97.75031799978751,30.560773999809424],[-97.75003899979447,30.56092199991245],[-97.750360000317,30.560824000623295],[-97.75497699956695,30.57354799936781],[-97.75514399993268,30.573476999922676],[-97.75617200048865,30.576163999765967],[-97.75612000029949,30.576364999994805],[-97.75832499990527,30.58161899987851],[-97.75874600028703,30.583151000202967],[-97.75896100019891,30.583163999721087],[-97.76080599940128,30.587663999829427],[-97.76173899969562,30.589591000199896],[-97.76554499992997,30.599652000107557],[-97.76918200014047,30.608124999778436],[-97.76901499996413,30.60821000009642],[-97.77588099943907,30.623688999581397],[-97.77607699970035,30.623279999472025],[-97.77624599935346,30.622299999903273],[-97.77699699976823,30.621010000026516],[-97.7773249997486,30.61968599983906],[-97.77794999966376,30.61876000041403],[-97.7793479998204,30.61785399921951],[-97.78516300019606,30.615749999642638],[-97.78897299972361,30.61416500045427],[-97.7918669993874,30.61322299992242],[-97.79555899969856,30.614046000699275],[-97.79671999980773,30.61399700022799],[-97.79760299925339,30.613790000272424],[-97.79976599960823,30.612926000222128],[-97.80201300013904,30.61132200011772],[-97.80337399944067,30.610050000531277],[-97.80716900060163,30.619513999763],[-97.80854199917636,30.619080000837062],[-97.8079900000327,30.617800999856975],[-97.81263100025386,30.616316000200175],[-97.80938299959793,30.608460000206986],[-97.80919299952217,30.60823600059549],[-97.80934900017976,30.608178000638276],[-97.81009800051352,30.608897000249705],[-97.81096599964731,30.610448000098554],[-97.81177799982213,30.611474000540206],[-97.81216600017973,30.611745000518336],[-97.81339100043834,30.61207200050523],[-97.8165109998222,30.611816999741333],[-97.82071099953589,30.61185699995225],[-97.8225289999807,30.611172000257454],[-97.82635299965398,30.61056399961725],[-97.82695199981738,30.610330999637497],[-97.8274420002051,30.609556000353745],[-97.827965999213,30.609295999919016],[-97.82960299963668,30.609277999651066],[-97.8310220003926,30.609596999816723],[-97.83187899981614,30.609861999809823],[-97.83376500038977,30.61081499971728],[-97.83594899996727,30.613393999699184],[-97.83750599988839,30.614380000679756],[-97.83827700014969,30.61473300000868],[-97.84152499948601,30.615647000608586],[-97.84303280462564,30.61587934397248],[-97.84212899999298,30.618301999575035],[-97.84127499964049,30.619778000598725],[-97.83879399996704,30.62630699989103],[-97.83861899998874,30.631869000177375],[-97.8353510005199,30.633030000057936],[-97.82907300070234,30.634901999587964],[-97.82926499984708,30.63538000057141],[-97.83283600068911,30.638176999660196],[-97.83294500026912,30.638378000095734],[-97.8413060001994,30.642944999829187],[-97.84361199982821,30.64377699950105],[-97.8437390005262,30.643620999631164],[-97.84669599998593,30.643381999769236],[-97.85809100056271,30.640105999964696],[-97.86188800049871,30.63885300060743],[-97.86280800025406,30.64119500074684],[-97.8689240003317,30.63929200033359],[-97.86901799981057,30.639459999879715],[-97.86988100024067,30.639144000640133],[-97.87138899982317,30.641466000366485],[-97.87220699972409,30.643098999731222],[-97.88620699996922,30.63863600006486],[-97.88627099992998,30.638483000079397],[-97.88429900002745,30.637719999853257],[-97.88338899950232,30.636823000652356],[-97.88318300039715,30.6362069997407],[-97.8831999994417,30.635554000545685],[-97.88303100056423,30.635076999961008],[-97.88233399990791,30.634064999485382],[-97.88221799994781,30.633430000676775],[-97.88230500001437,30.63293700049333],[-97.8827000001351,30.632147999992224],[-97.88329799995459,30.63147099971621],[-97.8833819997372,30.63101300066564],[-97.88416099969616,30.629324999622295],[-97.88428899927295,30.628261000445747],[-97.88418499996799,30.626869999801016],[-97.883552999973,30.626128999859702],[-97.88198200011033,30.625478999447694],[-97.87823399984362,30.624867000100544],[-97.87547099972821,30.62371299966448],[-97.8749889995257,30.62363699989272],[-97.8744210000147,30.623799000294355],[-97.87331900005825,30.623202000318837],[-97.87257200020512,30.6214910001198],[-97.87243700018507,30.620649999912477],[-97.87159699974248,30.61928400014569],[-97.87156800009018,30.619002999341973],[-97.8710670001332,30.618456999969744],[-97.88501799988788,30.61444299944174],[-97.89149600033116,30.612839999697197],[-97.91218500019845,30.60644300072889],[-97.91335099956252,30.609145000459904],[-97.91980100007069,30.607168999337826],[-97.92191900006954,30.60635299981031],[-97.93480900016544,30.610285999772287],[-97.94050000041338,30.61482400006966],[-97.95188299965304,30.62519100008834],[-97.95470000016337,30.627172000063652],[-97.95673399959058,30.628248999450985],[-97.96258999951569,30.6251899997244],[-97.96631099953393,30.623676000053965],[-97.97786699980354,30.622113999663362],[-97.99101500004242,30.609849000518373],[-97.99240000076406,30.609494000009988],[-97.99798899957273,30.613023999554215],[-98.0019449998669,30.621424999589305],[-98.00366300028146,30.623804999910423],[-98.00430200007798,30.625189999704112],[-98.00627600025759,30.62751599969481],[-98.01274100008159,30.6167669999753],[-98.01772900071772,30.61645499957805],[-98.02970000042174,30.6147230003004],[-98.03649500040521,30.611726000554317],[-98.0395920003458,30.618553000731612],[-98.04029400015257,30.618203999580498],[-98.04988600044486,30.624154999737435],[-98.0749179996576,30.577538000161436]]]},"id":"scouting-10"},{"type":"Feature","properties":{"district_name":"Sacred Springs","status":"Current assignment-derived planning region","derivation":"Assigned school-district polygons, subdivided by mapped schools only where a district spans multiple scouting districts","assignment_school_count":53,"school_district_count":4,"school_districts":"Dripping Springs ISD, Hays Cons ISD, San Marcos Cons ISD, Wimberley ISD","source":"CAC Schools monday.com table","source_updated_at":"2026-08-01T10:20:02Z"},"geometry":{"type":"MultiPolygon","coordinates":[[[[-98.25465700022237,30.020810999952346],[-98.25453733578046,30.007645807812782],[-98.254522,30.007635],[-98.253898,30.007115],[-98.24630500069696,30.001774000490254],[-98.2463050002678,30.001774000490045],[-98.22426099998827,29.98604900005568],[-98.2175630001593,29.98957199949987],[-98.20599899994448,29.989776999989797],[-98.20603099979881,29.986248000678962],[-98.20567399922007,29.985760999883247],[-98.20608299946429,29.981486000067367],[-98.20452000078312,29.981471000227696],[-98.20452000046551,29.981758000185476],[-98.20192700004486,29.981742000153517],[-98.20181899974823,29.981934000016825],[-98.20205599982337,29.981109999377686],[-98.20111800043263,29.980755999970437],[-98.20035500020754,29.980784000492847],[-98.20040800000548,29.97979399999138],[-98.19983700032766,29.97857600024854],[-98.19977500052475,29.977964999257377],[-98.20007299998363,29.97758399988459],[-98.20243000010262,29.977221000214595],[-98.20261299972377,29.975291000812337],[-98.20203399956239,29.975690999888418],[-98.20145200014058,29.975724000067956],[-98.19999799991909,29.974916999984323],[-98.20182800037155,29.97159199940533],[-98.20204899969283,29.971846000214665],[-98.2020109998215,29.972409000063944],[-98.20310700013091,29.972336999512915],[-98.2029999996197,29.971892000027854],[-98.20314099962371,29.970989999795734],[-98.19903199999492,29.96806600037774],[-98.19901199994625,29.968171000407914],[-98.19895300000643,29.967995000019418],[-98.19817423021206,29.967374019853075],[-98.196608,29.96631],[-98.1938839745897,29.96438895703283],[-98.1917970003673,29.962944000142137],[-98.15158877021005,29.93431926011916],[-98.15158700028562,29.934318000203316],[-98.1515870002856,29.934318000203316],[-98.151587,29.934318],[-98.12127001220644,29.912844008646005],[-98.12126999914507,29.91284399981354],[-98.0670540008565,29.874603000473414],[-98.03052299973353,29.848538999949263],[-98.03051764510086,29.84852259024828],[-98.018682,29.812253],[-98.018657,29.812175],[-98.01862598982657,29.812079659547322],[-98.01422716147016,29.79859909748424],[-98.012943,29.794735],[-98.01045597542026,29.787041995574764],[-98.00179899987377,29.76051200015836],[-97.99927099955839,29.752444000431307],[-97.99226600815435,29.75928554141255],[-97.96181400897865,29.78902699123086],[-97.96181400005683,29.789027000171636],[-97.96181399983284,29.789027000163287],[-97.944572,29.805869],[-97.944471,29.806754],[-97.943564,29.806914],[-97.932916,29.81482],[-97.930509,29.816604],[-97.928116,29.818403],[-97.919255,29.825138],[-97.905297,29.835573],[-97.905173,29.835664],[-97.875259,29.858208],[-97.875228,29.858136],[-97.873044,29.855939],[-97.872196,29.852519],[-97.867493,29.851723],[-97.867167,29.854535],[-97.863718,29.856279],[-97.861442,29.855003],[-97.860939,29.853719],[-97.856203,29.848884],[-97.855533,29.843913],[-97.853701,29.843119],[-97.848635,29.843348],[-97.846645,29.841671],[-97.846104,29.839904],[-97.84484,29.839111],[-97.844253,29.836444],[-97.843898,29.832841],[-97.842349,29.832131],[-97.84131,29.83192],[-97.840744,29.829983],[-97.839334,29.828807],[-97.837614,29.828497],[-97.836691,29.82691],[-97.837141,29.824984],[-97.838342,29.825417],[-97.841549,29.824941],[-97.842704,29.824015],[-97.842202,29.821656],[-97.839747,29.820402],[-97.84075,29.815758],[-97.842283,29.81316],[-97.845221,29.811115],[-97.846362,29.808648],[-97.845413,29.807355],[-97.844842,29.808455],[-97.842414,29.808303],[-97.842007,29.806242],[-97.842254,29.802311],[-97.843181,29.801216],[-97.842351,29.799224],[-97.839808,29.797808],[-97.838504,29.797606],[-97.837997,29.79596],[-97.83686,29.795179],[-97.834393,29.794648],[-97.833524,29.795009],[-97.830265,29.795533],[-97.829484,29.793502],[-97.830043,29.789983],[-97.831349,29.787916],[-97.832374,29.784496],[-97.831398,29.783013],[-97.830501,29.781859],[-97.830146,29.780874],[-97.829259,29.779597],[-97.827653,29.779247],[-97.828902,29.780538],[-97.828535,29.781426],[-97.825102,29.781007],[-97.824086,29.781662],[-97.826317,29.783359],[-97.826233,29.784527],[-97.823274,29.785492],[-97.822654,29.784629],[-97.823997,29.783537],[-97.821837,29.782721],[-97.821379,29.785672],[-97.819566,29.78943],[-97.817138,29.790383],[-97.815393,29.788208],[-97.815121,29.787499],[-97.814724,29.785542],[-97.81451246682359,29.785102916774814],[-97.77962800016508,29.811355000042305],[-97.78652999982472,29.818491999945657],[-97.78947700028364,29.821361000628137],[-97.78572799958171,29.82434800010508],[-97.78059599938457,29.82802199938719],[-97.76138799972496,29.842497999654267],[-97.7908590000789,29.87198299980679],[-97.80699500008656,29.85987099969698],[-97.82548799918513,29.87837199973988],[-97.8279559995685,29.88054900065202],[-97.83642000038911,29.889054000362083],[-97.8369169994022,29.889345999928203],[-97.84208600004094,29.894371000071555],[-97.84270999923787,29.895143999704267],[-97.84261399960417,29.895217000298505],[-97.85752300056865,29.91029899988874],[-97.85205199994164,29.914186999695456],[-97.84917800024157,29.915999999880558],[-97.83660999991848,29.922282000528163],[-97.8353789994551,29.923076999568526],[-97.82735900089347,29.92908499980843],[-97.81889200030372,29.933870000436606],[-97.80345200009003,29.941240999936355],[-97.80333499993581,29.941079999994216],[-97.80312900001708,29.941084000741903],[-97.80013500063652,29.942246999676396],[-97.7856160002874,29.927793999927687],[-97.78444500043524,29.928686999523855],[-97.77946399995368,29.923510000188806],[-97.77552300037382,29.926452000421612],[-97.7754959999591,29.926612000281157],[-97.77394400027059,29.92778100039238],[-97.77387799982569,29.92795300040947],[-97.7729349996367,29.92838399967213],[-97.77066500024398,29.92997600018791],[-97.77047799973745,29.93022699967378],[-97.76448000043523,29.93471700031426],[-97.76237600074198,29.932430999795532],[-97.75432999976829,29.924322999596964],[-97.7412869996878,29.926401000129044],[-97.74334600007606,29.936255999621274],[-97.74677099983272,29.954361000513874],[-97.75235200063923,29.95358300063586],[-97.75436799920028,29.963069999893637],[-97.75954400012648,29.988923000234493],[-97.75941199996744,29.989175000519307],[-97.75698799994758,29.99048000064542],[-97.75555200059145,29.991970999828286],[-97.75440400066064,29.99285500040497],[-97.75320499979907,29.99402100004837],[-97.7492009995348,29.995929999945695],[-97.74881000019411,29.995769000239868],[-97.74681300008984,29.995798000168662],[-97.71329799955467,30.02004800007267],[-97.70878999992843,30.023451000094344],[-97.73479800059513,30.042398999534896],[-97.75907700053472,30.059760999780067],[-97.74842900060436,30.076709999725548],[-97.76770300053401,30.085967999378695],[-97.76121599960992,30.09640799985374],[-97.75992699946909,30.10217099980186],[-97.77974699986154,30.111743000217302],[-97.77906799994742,30.11436199939295],[-97.77846400065903,30.115161999568272],[-97.77832100018998,30.115179999841743],[-97.77766999960247,30.1162899993547],[-97.77685400019747,30.115991000297125],[-97.77667300014565,30.11628800077476],[-97.77654499933962,30.11622300045809],[-97.77645900002979,30.116718999927826],[-97.77434999987138,30.120140999972172],[-97.77807700053634,30.121847999594976],[-97.78180999937244,30.115830000383227],[-97.78515200009315,30.112900999864003],[-97.79198100083053,30.11280299980268],[-97.81132900039067,30.121886999678868],[-97.8116320005179,30.121574999547665],[-97.81157900023906,30.117929999902017],[-97.81140300059717,30.11240400063041],[-97.8113999996125,30.1063150001243],[-97.81076999975792,30.100820000078325],[-97.81107500062805,30.100818999778408],[-97.81095800031159,30.097099000704354],[-97.81301799986971,30.098613000109395],[-97.81341600042441,30.098736000076332],[-97.81586600056761,30.100612999880543],[-97.8209510003759,30.10414499988231],[-97.90651699994527,30.165631999822867],[-97.92964599995976,30.18230399950953],[-98.0095409999729,30.239420000261223],[-98.01011199986705,30.241342999617146],[-98.01016799921449,30.242023999979622],[-98.00929400002126,30.242018999725296],[-98.00934300058913,30.243121000179666],[-98.01036999988595,30.24315199958052],[-98.01054400019301,30.24281500010556],[-98.01076600006105,30.242779999724668],[-98.01123200012701,30.242419000343958],[-98.01120000066898,30.24176399951852],[-98.01083099965648,30.24033900051438],[-98.0660320002912,30.279819999717706],[-98.08974000024672,30.297288000097986],[-98.12408699982413,30.321550999498996],[-98.1038890002811,30.33196099960868],[-98.09972300013432,30.33432299976865],[-98.10772900001146,30.346518000386926],[-98.0958280003784,30.352511000232358],[-98.09501100014137,30.353550000113227],[-98.09966000029392,30.3559580003398],[-98.10206199946862,30.357049000472433],[-98.10130899974473,30.35828599962309],[-98.11141500001581,30.363207000280834],[-98.11175899966615,30.362932000203692],[-98.11199800028218,30.362282000578567],[-98.11409999950436,30.359228999730657],[-98.1144209999928,30.35908200019539],[-98.11636799995188,30.35996599984068],[-98.11868900003941,30.372694000113135],[-98.11897899976782,30.37476499921834],[-98.11903600026855,30.37593899981627],[-98.11889499970646,30.376707000185476],[-98.1190370001672,30.377675999687977],[-98.12079500009406,30.377194000014864],[-98.12223800040505,30.376544999547747],[-98.12412300017382,30.37591599961098],[-98.1256390000967,30.37516700036199],[-98.12641800006993,30.374684000018437],[-98.12896099997538,30.372586999489197],[-98.1300109992875,30.372682999925363],[-98.13184099959356,30.37195599998531],[-98.1375439998355,30.373223000011006],[-98.1452160003563,30.36528100047843],[-98.14866200056166,30.369095000198495],[-98.14954500067718,30.369915999603887],[-98.15215100050679,30.37316600001773],[-98.1589220003812,30.373215000310584],[-98.1588709992724,30.376646000213825],[-98.1592660003722,30.376651000155803],[-98.16174299960893,30.37278800049726],[-98.17302499994258,30.356243999709772],[-98.17736100028512,30.34538700054442],[-98.17794699966713,30.343492000384046],[-98.17864100088029,30.342334999545415],[-98.17991499978713,30.33877099975769],[-98.18293000048489,30.331780000345],[-98.18954100019525,30.314814999978058],[-98.19226099971873,30.30741300020629],[-98.20390499979568,30.27842899939508],[-98.20770899949474,30.26808299973809],[-98.21796599971933,30.242599000717174],[-98.22197300081409,30.23134400008258],[-98.22662500001857,30.219432000346117],[-98.22067800037917,30.219247999772875],[-98.22069799984095,30.220700999796485],[-98.19659400013693,30.220528999890494],[-98.19642999993991,30.18831099965545],[-98.19683799988736,30.18778200046075],[-98.20542199951223,30.191562000194356],[-98.20927299984287,30.187965999587448],[-98.21016200017381,30.18806499970038],[-98.21025300066327,30.180523000646506],[-98.2096090007419,30.18091199994112],[-98.20905499977935,30.180866000090273],[-98.20800000006065,30.180409000295302],[-98.20742000030197,30.180547000557976],[-98.20689200010936,30.180501000238976],[-98.20559899962662,30.179905999421496],[-98.20412199953317,30.180022000000587],[-98.20393699974132,30.18018199951503],[-98.2039110004112,30.180502999866693],[-98.20443899976875,30.181260000060483],[-98.20512500083163,30.18148999957992],[-98.2052300002963,30.181970999199084],[-98.205705000637,30.18259000003508],[-98.20581099927921,30.183093999713698],[-98.2055469998314,30.183508000147206],[-98.20517799989412,30.183645000071756],[-98.20425400013464,30.18366799935448],[-98.20348899929394,30.183876000592843],[-98.20280300038505,30.183784000574974],[-98.20240800060758,30.18357800019037],[-98.20190600025893,30.18311900074407],[-98.20029799951963,30.18055400028856],[-98.19903000013363,30.178973999793527],[-98.19834399939995,30.17847000006557],[-98.19765800003638,30.17824100047773],[-98.19646899999354,30.178227999279933],[-98.19640099990238,30.17228300008286],[-98.20655099931038,30.172358999340986],[-98.20630599955481,30.15708300046894],[-98.21177699950661,30.15699099927069],[-98.21171600026024,30.155504000104568],[-98.22044100026325,30.155596000239495],[-98.2223719998288,30.156913999758704],[-98.22270899974886,30.14135699967013],[-98.2211609994613,30.1401160004825],[-98.22037999935961,30.140145999784586],[-98.21363199934541,30.135476000260102],[-98.2087139990772,30.138848000323787],[-98.20857799947,30.138795999589128],[-98.20826300045776,30.13654199966229],[-98.20838099988103,30.136542000261365],[-98.2076780003474,30.131705000035833],[-98.21144799938142,30.129865999276017],[-98.21227600014466,30.129345000288758],[-98.21282700076084,30.128608999766985],[-98.2137010006367,30.128548000442052],[-98.21437500020832,30.128119000454223],[-98.21483499992691,30.12753600020442],[-98.2150799995037,30.12741399989424],[-98.21552499969519,30.127428999376555],[-98.21573900025736,30.127765999619736],[-98.2162610008828,30.128118999998765],[-98.21690400010652,30.12821099943083],[-98.21748700001025,30.12716900041866],[-98.21773200034686,30.127092000211224],[-98.21854399985418,30.127658999744565],[-98.21903499977991,30.12778200008892],[-98.21958600037354,30.127552000064476],[-98.22045999973005,30.127459999831995],[-98.22102500005278,30.127080000048245],[-98.22090899949772,30.125708000703522],[-98.22336800021067,30.124007000488675],[-98.22365999978682,30.124143000554643],[-98.22384500044635,30.12362800023398],[-98.22521500007326,30.121626000201395],[-98.22579799993923,30.121129999879187],[-98.22956000040462,30.1205760004789],[-98.22951600056545,30.118326000043616],[-98.22132413046465,30.11844140126494],[-98.22258899992863,30.112658000050136],[-98.21649100036585,30.111344000018402],[-98.21977999995777,30.10352300030149],[-98.21315900016745,30.101380999848658],[-98.21292399993774,30.10150100030338],[-98.21247900001562,30.100646000229364],[-98.21527700055222,30.095496999983133],[-98.21498100037904,30.09524700049733],[-98.22143500009628,30.08077100056052],[-98.2225850001287,30.0775490004263],[-98.22329200040438,30.07824000002683],[-98.22488600013472,30.073396999897025],[-98.22685799969476,30.068335999445768],[-98.23013200012772,30.068319999647503],[-98.23163599943545,30.062061999753112],[-98.23420100068891,30.06232899957968],[-98.23399400025257,30.05859200013566],[-98.24226999970197,30.05878900018985],[-98.24165000014781,30.051277999880885],[-98.2345030002998,30.0511599995774],[-98.23506400015204,30.031862999928503],[-98.23469099978395,30.025175000392117],[-98.23450800027275,30.025226000125254],[-98.23461999996987,30.02482699975649],[-98.23445200045587,30.020888999561205],[-98.25465700022237,30.020810999952346]],[[-98.05293799973245,30.091789000099485],[-98.0507440004305,30.091793000799722],[-98.04080599921654,30.091755000016732],[-98.05293799973245,30.091789000099485]],[[-97.8972300000129,29.93769699951859],[-97.8956919999913,29.937078000255276],[-97.89491000009996,29.936633999847096],[-97.8972300000129,29.93769699951859]]],[[[-98.23071000052066,30.134072000662297],[-98.23054399954366,30.13172699999227],[-98.22965500053661,30.125659999674728],[-98.22964899966425,30.124694999908552],[-98.22935700021642,30.124899000337653],[-98.22802399977476,30.124146000709178],[-98.22728599939381,30.12322900043555],[-98.22686299978803,30.121991999661002],[-98.22633600001889,30.121533000269967],[-98.22586100012009,30.121578999526],[-98.22514999986838,30.122175999931276],[-98.22418900008101,30.123745000252736],[-98.22368900052523,30.12532099955142],[-98.22358699963844,30.125318000072777],[-98.22367199975528,30.125814000226782],[-98.22291599926741,30.126984000158423],[-98.22258499962759,30.127251999688617],[-98.22669100019979,30.127183999969564],[-98.22691499960351,30.128218000103647],[-98.22740300031825,30.12901899994374],[-98.22734099931681,30.12973299993696],[-98.22722100060723,30.13001700029307],[-98.22602500033055,30.130948000126782],[-98.2258640000395,30.13157300052387],[-98.22497000037345,30.132252999813325],[-98.2248470002829,30.132527999780216],[-98.224922999964,30.13307700038346],[-98.22534000051685,30.13399599999642],[-98.22624899974389,30.1343270005864],[-98.22679799961197,30.135455000002967],[-98.22717700042855,30.134801000026805],[-98.22732900019166,30.13386299967622],[-98.22845600023243,30.13423299972426],[-98.22910899986861,30.134299000108225],[-98.22973400030072,30.134091000017634],[-98.23071000052066,30.134072000662297]]],[[[-97.815102,29.780726],[-97.8151019997824,29.780725999758744],[-97.81510199931199,29.780726000599305],[-97.815102,29.780726]]],[[[-97.81475798453779,29.781025661610933],[-97.81449200003091,29.780937000410592],[-97.81416399985949,29.78128500006179],[-97.8140411963549,29.781650034423148],[-97.81475798453779,29.781025661610933]]],[[[-97.81449146784261,29.785059328811695],[-97.814341,29.784747],[-97.81422484085365,29.784684834426702],[-97.81449146784261,29.785059328811695]]],[[[-97.81293100400922,29.778319004445045],[-97.812931,29.778319],[-97.81293099980475,29.778319000247315],[-97.81293100400922,29.778319004445045]]],[[[-97.81279663764082,29.783920494516316],[-97.81233038995009,29.78367096999841],[-97.81195300075811,29.783469000405724],[-97.81195300063932,29.783469000478288],[-97.81188300010004,29.783905999343258],[-97.81215800008684,29.78404000012272],[-97.81279663764082,29.783920494516316]]],[[[-97.81189999963802,29.77994200071773],[-97.81177571576492,29.779782360031096],[-97.81137100042335,29.780294999463763],[-97.81189999963802,29.77994200071773]]],[[[-97.81137099971004,29.78029499993975],[-97.81038128144966,29.780089344197332],[-97.81029130706236,29.78007064822075],[-97.81057400022415,29.780222999871604],[-97.81137099949035,29.780295000086348],[-97.81137099971004,29.78029499993975]]],[[[-97.81117099925562,29.774501000032778],[-97.8098780002595,29.774309999179238],[-97.80902300009173,29.774553000454112],[-97.80796899983362,29.774641999381334],[-97.80796899680647,29.77464199757679],[-97.807969,29.774642],[-97.81117099925562,29.774501000032778]]],[[[-97.80971299736643,29.772547311902436],[-97.80890245722925,29.771461207815815],[-97.80841980729866,29.770814468637866],[-97.80844799956012,29.77121700019368],[-97.80902000016421,29.772117999785564],[-97.80945200033108,29.772503000349637],[-97.80971299736643,29.772547311902436]]],[[[-97.80900661480543,29.77980369918035],[-97.80821400017204,29.77963900003575],[-97.80821400024601,29.779639000114873],[-97.80877699941956,29.77981099975563],[-97.80900661480543,29.77980369918035]]],[[[-97.80801826611754,29.770276413213157],[-97.8076674205872,29.769806288728503],[-97.80705600385183,29.768987005161346],[-97.8076210001201,29.769845999906348],[-97.80801826611754,29.770276413213157]]],[[[-97.80724682362828,29.7740940221657],[-97.80684700018935,29.77355299979583],[-97.80640099992848,29.773254000275916],[-97.80589200077722,29.773066000589743],[-97.80724682362828,29.7740940221657]]],[[[-97.80705598352961,29.768986986651203],[-97.80625285920344,29.768336076342358],[-97.80565758156871,29.76785362009438],[-97.80572700035074,29.768184000380433],[-97.80641200043871,29.768493000620413],[-97.80705598352961,29.768986986651203]]],[[[-97.80670749317598,29.77818473308625],[-97.80649918239469,29.77798364572827],[-97.8062722566074,29.777764588861707],[-97.80627800034178,29.777817000094295],[-97.8064830001262,29.77808900073217],[-97.80670749317598,29.77818473308625]]],[[[-97.80603008898247,29.77625288540658],[-97.80571599933788,29.776579000185798],[-97.80565000057616,29.77705799877954],[-97.80603008898247,29.77625288540658]]],[[[-97.8058919996793,29.773066000184226],[-97.80589199957541,29.773066000145853],[-97.80554200005099,29.773158000220235],[-97.80523400085215,29.773443999510466],[-97.8058919996793,29.773066000184226]]],[[[-97.80556832249924,29.773959640727647],[-97.80523400012213,29.77344400018836],[-97.80523399980899,29.773444000479117],[-97.80523199984994,29.773758000185545],[-97.80556832249924,29.773959640727647]]],[[[-97.80499921893322,29.767320035178034],[-97.804898,29.767238],[-97.80418222964455,29.76706979525244],[-97.80499921893322,29.767320035178034]]],[[[-97.80211500173482,29.76658400040768],[-97.802115,29.766584],[-97.80211499874808,29.766584000612763],[-97.80211500041634,29.76658400023967],[-97.80211500173482,29.76658400040768]]],[[[-97.80165395497659,29.76680966132667],[-97.80134092345021,29.76696287653547],[-97.80121400150199,29.767024999264844],[-97.80149099958648,29.766981000192274],[-97.80165395497659,29.76680966132667]]],[[[-97.80121399959641,29.767024999567532],[-97.80019400001194,29.765932000012796],[-97.80019399989516,29.765932000094388],[-97.80072899999273,29.766760999968994],[-97.80121399943727,29.76702499959281],[-97.80121399959641,29.767024999567532]]]]},"id":"scouting-6"},{"type":"Feature","properties":{"district_name":"San Gabriel","status":"Current assignment-derived planning region","derivation":"Assigned school-district polygons, subdivided by mapped schools only where a district spans multiple scouting districts","assignment_school_count":44,"school_district_count":7,"school_districts":"Florence ISD, Georgetown ISD, Granger ISD, Jarrell ISD, Liberty Hill ISD, Round Rock ISD, Thrall ISD","source":"CAC Schools monday.com table","source_updated_at":"2026-08-01T10:20:02Z"},"geometry":{"type":"Polygon","coordinates":[[[-98.04988600044486,30.624154999737435],[-98.04029400015257,30.618203999580498],[-98.0395920003458,30.618553000731612],[-98.03649500040521,30.611726000554317],[-98.02970000042174,30.6147230003004],[-98.01772900071772,30.61645499957805],[-98.01274100008159,30.6167669999753],[-98.00627600025759,30.62751599969481],[-98.00430200007798,30.625189999704112],[-98.00366300028146,30.623804999910423],[-98.0019449998669,30.621424999589305],[-97.99798899957273,30.613023999554215],[-97.99240000076406,30.609494000009988],[-97.99101500004242,30.609849000518373],[-97.97786699980354,30.622113999663362],[-97.96631099953393,30.623676000053965],[-97.96258999951569,30.6251899997244],[-97.95673399959058,30.628248999450985],[-97.95470000016337,30.627172000063652],[-97.95188299965304,30.62519100008834],[-97.94050000041338,30.61482400006966],[-97.93480900016544,30.610285999772287],[-97.92191900006954,30.60635299981031],[-97.91980100007069,30.607168999337826],[-97.91335099956252,30.609145000459904],[-97.91218500019845,30.60644300072889],[-97.89149600033116,30.612839999697197],[-97.88501799988788,30.61444299944174],[-97.8710670001332,30.618456999969744],[-97.87156800009018,30.619002999341973],[-97.87159699974248,30.61928400014569],[-97.87243700018507,30.620649999912477],[-97.87257200020512,30.6214910001198],[-97.87331900005825,30.623202000318837],[-97.8744210000147,30.623799000294355],[-97.8749889995257,30.62363699989272],[-97.87547099972821,30.62371299966448],[-97.87823399984362,30.624867000100544],[-97.88198200011033,30.625478999447694],[-97.883552999973,30.626128999859702],[-97.88418499996799,30.626869999801016],[-97.88428899927295,30.628261000445747],[-97.88416099969616,30.629324999622295],[-97.8833819997372,30.63101300066564],[-97.88329799995459,30.63147099971621],[-97.8827000001351,30.632147999992224],[-97.88230500001437,30.63293700049333],[-97.88221799994781,30.633430000676775],[-97.88233399990791,30.634064999485382],[-97.88303100056423,30.635076999961008],[-97.8831999994417,30.635554000545685],[-97.88318300039715,30.6362069997407],[-97.88338899950232,30.636823000652356],[-97.88429900002745,30.637719999853257],[-97.88627099992998,30.638483000079397],[-97.88620699996922,30.63863600006486],[-97.87220699972409,30.643098999731222],[-97.87138899982317,30.641466000366485],[-97.86988100024067,30.639144000640133],[-97.86901799981057,30.639459999879715],[-97.8689240003317,30.63929200033359],[-97.86280800025406,30.64119500074684],[-97.86188800049871,30.63885300060743],[-97.85809100056271,30.640105999964696],[-97.84669599998593,30.643381999769236],[-97.8437390005262,30.643620999631164],[-97.84361199982821,30.64377699950105],[-97.8413060001994,30.642944999829187],[-97.83292900021263,30.638437999768822],[-97.83283600068911,30.638176999660196],[-97.82926499984708,30.63538000057141],[-97.82907300070234,30.634901999587964],[-97.8353510005199,30.633030000057936],[-97.83861899998874,30.631869000177375],[-97.83879399996704,30.62630699989103],[-97.84127499964049,30.619778000598725],[-97.84212899999298,30.618301999575035],[-97.84303280462564,30.61587934397248],[-97.84152499948601,30.615647000608586],[-97.83827700014969,30.61473300000868],[-97.83750599988839,30.614380000679756],[-97.83594899996727,30.613393999699184],[-97.83476300011822,30.611873000256665],[-97.83334799984691,30.610520999413662],[-97.83187899981614,30.609861999809823],[-97.82983000045965,30.609321000005462],[-97.827965999213,30.609295999919016],[-97.8274420002051,30.609556000353745],[-97.82695199981738,30.610330999637497],[-97.82635299965398,30.61056399961725],[-97.8225289999807,30.611172000257454],[-97.82071099953589,30.61185699995225],[-97.8165109998222,30.611816999741333],[-97.81339100043834,30.61207200050523],[-97.81216600017973,30.611745000518336],[-97.81177799982213,30.611474000540206],[-97.81096599964731,30.610448000098554],[-97.81009800051352,30.608897000249705],[-97.80934900017976,30.608178000638276],[-97.80919299952217,30.60823600059549],[-97.80938299959793,30.608460000206986],[-97.81263100025386,30.616316000200175],[-97.8079900000327,30.617800999856975],[-97.80854199917636,30.619080000837062],[-97.80716900060163,30.619513999763],[-97.80337399944067,30.610050000531277],[-97.80201300013904,30.61132200011772],[-97.79976599960823,30.612926000222128],[-97.79760299925339,30.613790000272424],[-97.79671999980773,30.61399700022799],[-97.79555899969856,30.614046000699275],[-97.7918669993874,30.61322299992242],[-97.78897299972361,30.61416500045427],[-97.78516300019606,30.615749999642638],[-97.7806570000617,30.617302000049513],[-97.7793479998204,30.61785399921951],[-97.77794999966376,30.61876000041403],[-97.77766699990106,30.61911399978793],[-97.7773249997486,30.61968599983906],[-97.77699699976823,30.621010000026516],[-97.77624599935346,30.622299999903273],[-97.77607699970035,30.623279999472025],[-97.77588099943907,30.623688999581397],[-97.78040399928899,30.633970999896995],[-97.76901499996413,30.60821000009642],[-97.76918200014047,30.608124999778436],[-97.76554499992997,30.599652000107557],[-97.76173899969562,30.589591000199896],[-97.76080599940128,30.587663999829427],[-97.75896100019891,30.583163999721087],[-97.75874600028703,30.583151000202967],[-97.75832499990527,30.58161899987851],[-97.75612000029949,30.576364999994805],[-97.75617200048865,30.576163999765967],[-97.75514399993268,30.573476999922676],[-97.75497699956695,30.57354799936781],[-97.750360000317,30.560824000623295],[-97.7320830003738,30.566464000215507],[-97.71659799998959,30.57104999933577],[-97.7041019998979,30.574995000119475],[-97.70302200024824,30.571896999807898],[-97.6971959997973,30.57355600045315],[-97.6921959995629,30.574710000502037],[-97.69225627550182,30.57156589201105],[-97.6856479999108,30.573582999759132],[-97.68506399957393,30.57248200006792],[-97.68470400018272,30.571413000301842],[-97.68453499995628,30.571440999385523],[-97.67663999954189,30.573879999450266],[-97.67617300002325,30.573808000264343],[-97.67515399932998,30.57412100046892],[-97.67525899963994,30.57449200027534],[-97.67509999958618,30.57458099999909],[-97.67528200045332,30.57501599963891],[-97.66839900081385,30.57668699969016],[-97.66989000026375,30.580468999672405],[-97.66336500059285,30.581433000306223],[-97.6609929998153,30.581933999417394],[-97.65606800035579,30.58356799960288],[-97.65442399994751,30.58393600077628],[-97.65460700038673,30.58437599964147],[-97.64387199942846,30.587663000341976],[-97.64189500051914,30.58379800040833],[-97.61766499995103,30.591351999881272],[-97.61396799977138,30.58260400001637],[-97.60853499917339,30.584341000238968],[-97.60935300007242,30.58623600009549],[-97.60015599960494,30.589123000381665],[-97.59893100057964,30.58615800020369],[-97.59348499964044,30.58781100028873],[-97.59644900003451,30.5948099998674],[-97.57463400054631,30.601678000096893],[-97.58598500045888,30.628788000078416],[-97.58346800046498,30.628915999567297],[-97.5822510003523,30.628756999294882],[-97.57458199946336,30.629610000115505],[-97.57205100012219,30.630394000026342],[-97.57088100019735,30.631924999941536],[-97.56911500017011,30.633481000292104],[-97.56855599938646,30.636128000004756],[-97.5678670006065,30.6360859998457],[-97.56741800025364,30.63639200000323],[-97.56713299968011,30.636402999514843],[-97.56398500014666,30.635814999484122],[-97.56147899975001,30.6350630000487],[-97.55900400020599,30.634981999822635],[-97.55224600039122,30.636227000224974],[-97.54743200052644,30.63643400029252],[-97.54553099972809,30.636317000084723],[-97.54347099983539,30.635704999600655],[-97.54211099976477,30.635693000591285],[-97.5408709998912,30.635379999947702],[-97.53854399928872,30.634282000134235],[-97.53785099990968,30.633774999653795],[-97.53523399971061,30.633089999805485],[-97.53285099967927,30.631765999941567],[-97.53199899967582,30.630917999980213],[-97.53088299946744,30.63083499982709],[-97.52955600000726,30.63091899996397],[-97.52907699968395,30.630816000173287],[-97.52784200005829,30.630032999795166],[-97.52710000001936,30.62935600017001],[-97.52581400000088,30.629065000573323],[-97.52469200083834,30.629065000083568],[-97.52224699963361,30.62949400083057],[-97.52062000006198,30.629926999926496],[-97.52000500001168,30.63036299985937],[-97.51945099990712,30.63122099970908],[-97.51793400008266,30.631039999744978],[-97.51676199983658,30.631494000073108],[-97.51529400012913,30.63228200030488],[-97.5130229997152,30.63254700005824],[-97.51198800010268,30.632458000687663],[-97.51116899966239,30.632317000000388],[-97.50970199947113,30.631600000271842],[-97.50896199953112,30.630883999568525],[-97.50832800067155,30.63054799919188],[-97.5070250007073,30.630111000393597],[-97.50575800015483,30.629933999773186],[-97.50542999934743,30.62971799968348],[-97.50381999994468,30.627781999744563],[-97.50328799956138,30.627380000125264],[-97.50275500065906,30.62710500035419],[-97.50158300081465,30.626787999980408],[-97.50104399946267,30.62676200059144],[-97.50011300032494,30.62686900015679],[-97.49893799973283,30.62762499997752],[-97.49863000008334,30.627973999707613],[-97.49827600031851,30.628083999794356],[-97.49679200013935,30.627995999911064],[-97.49612000067319,30.628275000074808],[-97.49538199998696,30.628378000651292],[-97.49331899950033,30.627848000397357],[-97.49202100004887,30.62737299936811],[-97.48958099978759,30.62679199957363],[-97.48763800035064,30.626939000749886],[-97.48538900011764,30.626877000527433],[-97.48482200014031,30.62709500000522],[-97.48326200007787,30.628039000310558],[-97.48169100070118,30.62793999944628],[-97.47989100026452,30.627515000096192],[-97.47905900030271,30.62748699987633],[-97.47652200064753,30.628795999331434],[-97.47570300040172,30.628879000021918],[-97.47488899962559,30.62863200022297],[-97.47206099982809,30.62987399961228],[-97.4716220004245,30.63020099975241],[-97.47102600082287,30.630937999725045],[-97.47054499960018,30.63214399990679],[-97.47015199949074,30.63260399964572],[-97.46957200033431,30.632849999574034],[-97.46854800016287,30.632851999525712],[-97.46589099980956,30.632075999794353],[-97.4647370003081,30.631122999899446],[-97.46279000035219,30.63093300017137],[-97.46227599954233,30.631044999776154],[-97.46176999966886,30.6313600004316],[-97.45994100031578,30.633567000572853],[-97.4569970006148,30.634428999609742],[-97.45532899953571,30.63596000009905],[-97.4550979998823,30.6363380003091],[-97.45515000060391,30.637040000292576],[-97.45615700011969,30.637851000373708],[-97.45699600027226,30.637707999542226],[-97.45744600017225,30.637778000116988],[-97.45765000000155,30.63818600061744],[-97.45762000056517,30.63874699975443],[-97.4572510001435,30.639657999962278],[-97.45640400014692,30.640489000125278],[-97.45571500080779,30.640717999731248],[-97.45268899975308,30.64057900011472],[-97.45192999999723,30.64017200042301],[-97.45098099936745,30.64023900011186],[-97.45001400004502,30.639926000629433],[-97.44972900050011,30.639969999570177],[-97.44951000047261,30.640470000503942],[-97.44949500076326,30.64107000025285],[-97.44883599984693,30.642186000541937],[-97.44787200066956,30.643164999720263],[-97.44594699968206,30.64358900015213],[-97.44510200065818,30.643433999851524],[-97.44432400050056,30.643756000160153],[-97.44335200022022,30.64394599976957],[-97.44276400006468,30.644209000019647],[-97.44191999981977,30.644982999686842],[-97.441387000145,30.644953000056493],[-97.43951599958652,30.644188000363815],[-97.43828899946607,30.644333000468038],[-97.43683400069676,30.644753999597796],[-97.43426999924564,30.64430100015904],[-97.43347400017062,30.644434999739914],[-97.43210199992814,30.64530599988557],[-97.43118799993823,30.646186000710838],[-97.43089900013621,30.64700500006055],[-97.43091299926907,30.647397999926675],[-97.43222800034344,30.6492459998941],[-97.43230299996509,30.649631999785626],[-97.43221100034316,30.649784999892287],[-97.43122500010656,30.650141999821244],[-97.43055499994824,30.650040999940355],[-97.4291029995088,30.65065000071522],[-97.42882799924618,30.650899999677186],[-97.428753999383,30.651218000490577],[-97.42846900062837,30.651386000170998],[-97.42681400076602,30.650637999995336],[-97.42635700035638,30.65030400008032],[-97.42634700028323,30.650116999735257],[-97.42683200073621,30.649162000092666],[-97.42693599986595,30.64854400029917],[-97.42684400030821,30.647884000332553],[-97.42631799986606,30.647215000360696],[-97.42594400003843,30.647010999486827],[-97.42514799980503,30.647761000002344],[-97.42301200091688,30.64825499953201],[-97.4220320005423,30.64835999948912],[-97.42153599938374,30.647973999747304],[-97.42041300019793,30.64772600036181],[-97.4199059997895,30.647342000121906],[-97.41992600004743,30.646983000586616],[-97.42024200037156,30.646771000335786],[-97.42059400043904,30.64612300011019],[-97.42065899952445,30.644687999471216],[-97.42041700031942,30.644541000469534],[-97.41970999985244,30.644521999844834],[-97.41876499919314,30.64458999988439],[-97.41836100019191,30.64474700001208],[-97.41710699921465,30.6460419997717],[-97.41667899951354,30.646905000242324],[-97.41581000039739,30.648061999836543],[-97.41574299970885,30.6485089992303],[-97.41591899989929,30.649410999573846],[-97.4163119997956,30.650092000169316],[-97.4164680003247,30.650649000579318],[-97.4163449995636,30.651296999603936],[-97.41553700013095,30.652279999961817],[-97.4151290001709,30.65250599994481],[-97.41349699978623,30.652833999858707],[-97.41110199955047,30.652584999446336],[-97.41007100013651,30.65219999981905],[-97.40905500014242,30.652076999190836],[-97.408186000051,30.6516860000421],[-97.40750900000276,30.651919000617404],[-97.40568599995746,30.652892000702735],[-97.40550099921762,30.65318100044595],[-97.40556099972423,30.65348700001107],[-97.40606000019612,30.653915999598972],[-97.4060210003902,30.654447999844464],[-97.40523299978246,30.65510499934965],[-97.40508300031372,30.655328000634128],[-97.40508800047238,30.655633999695013],[-97.40557099960593,30.656601999951654],[-97.4065030001408,30.656931000415245],[-97.40724800010935,30.657680999804807],[-97.40762699952072,30.658683000162945],[-97.40758499990348,30.658960000093302],[-97.40700799956079,30.659251999942885],[-97.40652200014384,30.6593259999517],[-97.40545100004151,30.65923799956497],[-97.40393100035675,30.65931499996396],[-97.40067300041456,30.659848999853494],[-97.40012699978669,30.659954000410988],[-97.39925399976306,30.660350999888376],[-97.39894300007391,30.661127999610404],[-97.39899500009359,30.661590000510838],[-97.39927199986145,30.66185900002366],[-97.40039699998965,30.66229999999817],[-97.40185499971047,30.66251799967624],[-97.40373199932642,30.664018999637545],[-97.40406700026425,30.664455999980714],[-97.40414599974912,30.66477499937137],[-97.40391200010342,30.66537500043194],[-97.40362300059805,30.66560600003186],[-97.4028130000475,30.66570099997379],[-97.40174499984333,30.66504100031462],[-97.40015600051004,30.664750000410002],[-97.39929999997621,30.66439899990736],[-97.39833700006325,30.664303000641727],[-97.39833300038397,30.664647000433337],[-97.398207999509,30.66474599980417],[-97.39729999979208,30.66463900010484],[-97.39670799916465,30.66424899982996],[-97.40248400015034,30.649534000373478],[-97.4017779999028,30.64812999992491],[-97.4059109994507,30.645157999449538],[-97.40300300015863,30.63842599914279],[-97.40139200030865,30.638955999940496],[-97.39971299998513,30.634860999845515],[-97.4059889991332,30.632895000281824],[-97.40315800055971,30.62610000019198],[-97.40304300092517,30.62613700007909],[-97.40094500012384,30.62078900031927],[-97.39456699996653,30.622697999931106],[-97.39288699951538,30.61871399978883],[-97.38640099996583,30.62077000043666],[-97.38405400029067,30.61524700002841],[-97.39056399941262,30.613221999718366],[-97.38202700012224,30.592876000223622],[-97.37549199933173,30.594800000166295],[-97.37406599999348,30.591602999290007],[-97.38140699964016,30.589256000601242],[-97.38045400018825,30.586672000076373],[-97.38441700034822,30.585492000494924],[-97.38396599971705,30.580227000036906],[-97.38342200023177,30.577546999912524],[-97.38295300024342,30.574213999907194],[-97.38325100011768,30.572917999941673],[-97.38140399977667,30.56072599991167],[-97.38160200003871,30.56066300019742],[-97.38095299992509,30.5550759995697],[-97.38056000009709,30.550217000250235],[-97.38138400000459,30.55013200013877],[-97.38086700022984,30.549771000619337],[-97.38079100030119,30.54938599947326],[-97.37983899925776,30.548257999650218],[-97.37949600015928,30.547372000475885],[-97.3791600002704,30.546921000035848],[-97.37868300018737,30.546591000113597],[-97.37818700016946,30.546822000356347],[-97.37790100019302,30.54679399987578],[-97.37781199928259,30.54748199981988],[-97.37769100092468,30.54750900041111],[-97.37682800011538,30.546838000401245],[-97.37626299975868,30.545925000163393],[-97.37622499991576,30.545754000495187],[-97.3764849991874,30.54564399979891],[-97.37645999992482,30.545402000327186],[-97.37588800031057,30.545094000137425],[-97.37559600044837,30.545214999611865],[-97.37533600002203,30.545137999769963],[-97.37494399943941,30.545327000015092],[-97.3749059993265,30.545162999818356],[-97.37444200030544,30.545003000065424],[-97.37434600040845,30.544646000129966],[-97.37351399994022,30.544267000117486],[-97.37353899987876,30.54380499933925],[-97.37208300040069,30.543179000435135],[-97.37179099987867,30.542776999696393],[-97.37152400050644,30.54292000013865],[-97.3710280002364,30.542530000123303],[-97.3705010001522,30.54265700017476],[-97.36989699951103,30.542420999468085],[-97.36959899939627,30.542586000491386],[-97.36922400038894,30.5424150006138],[-97.36873499970406,30.54277900017332],[-97.36805499983632,30.54270200007704],[-97.3676610001626,30.54292199985686],[-97.36680900067164,30.541739999961457],[-97.36714600023734,30.54111299990085],[-97.36702499964366,30.54076100042397],[-97.36634500017138,30.5402939993615],[-97.36598199975266,30.539689000808572],[-97.36495300065458,30.53918899958113],[-97.36443800017571,30.538539999724094],[-97.36391699989576,30.53884800031089],[-97.36250600011363,30.53859099982321],[-97.36140700075016,30.538661999508818],[-97.36095600061739,30.538283000398955],[-97.36082200008508,30.537920000122874],[-97.35972299973797,30.537085000334464],[-97.358128000227,30.53733299978382],[-97.35772800017071,30.53683799999519],[-97.3569590006005,30.536255000511506],[-97.35664800065592,30.536375999385854],[-97.35638100017827,30.536287999932902],[-97.35572600066996,30.535446999818678],[-97.35520500003071,30.535046000490123],[-97.35439199999028,30.534793000259473],[-97.35396599967972,30.534518000555984],[-97.35296200048052,30.53431000007186],[-97.35270100053897,30.5337650001825],[-97.352098000213,30.533429999932746],[-97.35188800084336,30.533078000390336],[-97.35127200022357,30.532682000166805],[-97.3509789996608,30.53228099938573],[-97.3504139997072,30.53199499989444],[-97.34941599934312,30.53179800025244],[-97.3479110006457,30.53249100079795],[-97.34754900021613,30.53239699984662],[-97.34681800059563,30.532496999613393],[-97.34650800071236,30.532368999710684],[-97.34414800062356,30.525965000076724],[-97.34373100020017,30.52543799978712],[-97.34268599954285,30.52303599939327],[-97.3391469999568,30.5203130002941],[-97.33706400024708,30.51788600034884],[-97.33561299969558,30.516413999861676],[-97.33239799969377,30.513888999321377],[-97.32925399979975,30.50961800001181],[-97.32813100043958,30.508840000064033],[-97.32729900093511,30.509071999621163],[-97.32711099966215,30.508547999830892],[-97.32783800004934,30.508364000364317],[-97.32685399998212,30.506136000247878],[-97.32624400072166,30.50551500040729],[-97.32556699920688,30.505261000506167],[-97.325056000909,30.505240999774433],[-97.3237600003098,30.505578000409052],[-97.32312799923065,30.505609000097824],[-97.31672500007387,30.504260999847247],[-97.31598200027553,30.50419699950745],[-97.31408799959954,30.504264999578773],[-97.31261699955297,30.504539999945877],[-97.30939200073725,30.505483999992446],[-97.30831799965306,30.505311999822155],[-97.30588400074753,30.504531999610464],[-97.30532600013328,30.503897999892946],[-97.29924599982009,30.48938599992433],[-97.28546600037937,30.493848999762083],[-97.28507399999008,30.49341100008131],[-97.28406400001826,30.490915000758196],[-97.28284800017411,30.489428000123826],[-97.28323800046292,30.48912700025183],[-97.28340899981973,30.489164999457785],[-97.28358099989212,30.489335999643593],[-97.28365000001195,30.489846999803852],[-97.28418399981688,30.490111000237874],[-97.28464700032167,30.49056200076227],[-97.28466000012233,30.490876000319304],[-97.28446900056824,30.49089799928113],[-97.28441799985977,30.491101000083116],[-97.28503999916883,30.49131600043282],[-97.28564999938925,30.491294000070063],[-97.28655199989744,30.49094200023938],[-97.28671699927605,30.49053000000034],[-97.2863299997498,30.490112000120426],[-97.28516200013497,30.489589000776057],[-97.2851999994141,30.489220999218766],[-97.28543499965562,30.48908299988251],[-97.28636799940277,30.489330999923947],[-97.28651400045946,30.489154999841254],[-97.28647600014976,30.488682000347843],[-97.28686399984485,30.48858299969854],[-97.2868016599672,30.48831851680982],[-97.28769705246751,30.48770883375739],[-97.2885486532576,30.48754363005243],[-97.28888489281286,30.487320976076877],[-97.28936000049931,30.487335000213015],[-97.28981699996514,30.486896000006404],[-97.29010900011771,30.48694500010757],[-97.29031900027546,30.48682999967049],[-97.29065500014626,30.48694000008623],[-97.2908450000569,30.487770000255843],[-97.29128299993359,30.487918999964837],[-97.29172800047344,30.487594000251292],[-97.29210899951788,30.486906999785017],[-97.29193800054456,30.48625300017164],[-97.29261099990981,30.486065999697303],[-97.29306800006003,30.486264000295574],[-97.2935190001108,30.487082999662828],[-97.29383599996022,30.487132999278852],[-97.29440099924338,30.48688499992705],[-97.29518900014455,30.486956999669086],[-97.29527700075543,30.487111000317498],[-97.29590000029248,30.487199000269843],[-97.29663000006752,30.48632500030631],[-97.29667500005941,30.4851810008057],[-97.29697999932398,30.48460900042615],[-97.297208000416,30.484460999178697],[-97.29725900034697,30.483718000086643],[-97.29829400041861,30.48311400081693],[-97.29871300017157,30.483367000204517],[-97.29904399925854,30.48285500017337],[-97.29945000084257,30.482729000114322],[-97.29981800054206,30.482337999627642],[-97.29972300060689,30.48211900059893],[-97.29868800047086,30.481325999633867],[-97.29933600008127,30.480072999561205],[-97.29902499952146,30.479401999931977],[-97.30004099928524,30.4790279994913],[-97.30065099987398,30.47800000056575],[-97.30093699925195,30.477862000324933],[-97.30131800050137,30.477917000067727],[-97.30155299995447,30.477769000256906],[-97.3015530000314,30.4774280000016],[-97.30117800032396,30.47667400061741],[-97.30092400008517,30.47655300021103],[-97.30134299919474,30.476053000713847],[-97.3041050002185,30.47391999982259],[-97.30576200043727,30.47391400011803],[-97.30667000007071,30.47407899982663],[-97.30688599933275,30.47392000036162],[-97.30686699936606,30.473298999705243],[-97.3073050001761,30.47304599979916],[-97.3084550000471,30.47349099990914],[-97.30854999993085,30.473391999648616],[-97.30838499942035,30.47314999946596],[-97.30854299961253,30.472643999379866],[-97.30908300003256,30.472341999678036],[-97.30931800036586,30.471929000100857],[-97.3092740004857,30.47156600019803],[-97.30910900000038,30.47141799992496],[-97.30955299970746,30.471258999579725],[-97.30978799996323,30.4714120002404],[-97.3110069996318,30.471490000482707],[-97.31122900084934,30.471319000132322],[-97.31122300062776,30.470570999905863],[-97.31105799927691,30.47034599959511],[-97.31004199948882,30.46995000083957],[-97.30998499981924,30.469818000095525],[-97.3103340000308,30.46944899985738],[-97.31098799979053,30.469366999270218],[-97.31171799946075,30.468982000187815],[-97.31180700058741,30.46829499920854],[-97.31269599975442,30.467877000382433],[-97.31267699983486,30.46762900072723],[-97.3124419993597,30.46739799916661],[-97.31255600004259,30.4664799992965],[-97.31350800076966,30.466231999865947],[-97.31403500044178,30.466595000760393],[-97.31435899974102,30.46623199950855],[-97.31437199928155,30.46597399969147],[-97.31386399987943,30.465956999293414],[-97.31390800013622,30.465754000518103],[-97.3143149999163,30.465440000321667],[-97.31499399934938,30.465236999754204],[-97.31664400063359,30.46518199984407],[-97.31737499916143,30.465429999289853],[-97.31780600020338,30.465341999821334],[-97.31795899923472,30.465138000134054],[-97.31764100017452,30.464720000642345],[-97.31809799949163,30.46438500033145],[-97.31757799963907,30.46328499971683],[-97.31827600005697,30.463328999775513],[-97.31891699962854,30.462630000097967],[-97.32015500056082,30.462361000105428],[-97.32112000008476,30.461624000618958],[-97.32166000060019,30.461568999567188],[-97.32200900024357,30.462002999713082],[-97.32264299966369,30.46207999969485],[-97.32285299935904,30.461997999283945],[-97.32292299959356,30.46145299954089],[-97.32268099982821,30.460974999975818],[-97.32345600023262,30.46059600018459],[-97.32411599998468,30.460732999769434],[-97.32449099964559,30.45992500022897],[-97.32438900075523,30.45958900023039],[-97.3244590001784,30.45917100014522],[-97.32391899973068,30.458923999861465],[-97.32387500012888,30.45870400014841],[-97.32409400060621,30.458350999960683],[-97.32389700027754,30.458289999676165],[-97.32220800049484,30.45881599915606],[-97.32063599963126,30.454992000728176],[-97.30011899950632,30.461433999702525],[-97.29216800049626,30.442922999644384],[-97.28703099960218,30.431836999808827],[-97.2815340002544,30.418687000020217],[-97.2502699999231,30.42811100030082],[-97.24671599991694,30.429312999789914],[-97.23993399935574,30.431301999914798],[-97.18729999976347,30.44749900019503],[-97.18320499928174,30.457679999961936],[-97.18339999999026,30.45774000059485],[-97.18129099978418,30.46317599997494],[-97.18102199970429,30.46305300012806],[-97.17790899988717,30.470421999390876],[-97.16801599989793,30.467382999768972],[-97.16451500047671,30.476379000501264],[-97.16533399991151,30.47687899980563],[-97.16697699959427,30.47725300032971],[-97.16493299957799,30.481015998976662],[-97.164932999904,30.481015999767187],[-97.17983600003657,30.485867999646917],[-97.18015199977842,30.485694000181248],[-97.18167300010663,30.486034000446974],[-97.1862430001744,30.487290999425923],[-97.18723999969471,30.487775000192112],[-97.1893690000611,30.48841500058128],[-97.18766799986686,30.49272500031102],[-97.17823299970514,30.48982399980795],[-97.17674300001063,30.493483999826708],[-97.19991100065417,30.500627999851304],[-97.19921900001496,30.502376999843055],[-97.20548600056968,30.504181999850523],[-97.2057749998819,30.503408999764936],[-97.21215200019302,30.50055700006894],[-97.21447700066652,30.513005000256005],[-97.21878799991647,30.514264999915643],[-97.21748200052222,30.51784999968559],[-97.21564699990272,30.517556999339405],[-97.21937100006042,30.52621699964841],[-97.22632799973519,30.5347740005751],[-97.22620999974603,30.535319000106814],[-97.22677799967947,30.53590700002539],[-97.22704199997438,30.536403999978425],[-97.22910500033815,30.541342000281464],[-97.22899500000065,30.54152599941559],[-97.22651499915307,30.54229900062988],[-97.21980899947185,30.540362000339876],[-97.2190000000665,30.542267999421846],[-97.21887700026136,30.54224599929609],[-97.2183709999422,30.543375999973815],[-97.21599300011927,30.54941000007696],[-97.2158089993468,30.549501000078997],[-97.21770399936567,30.554250000237403],[-97.21697300022319,30.554601000410543],[-97.21014899995507,30.55907399928426],[-97.21012099942129,30.55930799980037],[-97.22547500007825,30.56657499974277],[-97.22513200005073,30.566773000536706],[-97.22475099983312,30.566729000019272],[-97.22420300021803,30.566889000305355],[-97.223569999675,30.56837899937826],[-97.2232590000583,30.569527999556527],[-97.22308100016764,30.569748000315183],[-97.22266100028345,30.56994600018499],[-97.22176499958724,30.570100000124242],[-97.2209900006103,30.571261000600607],[-97.21997400039118,30.571893000086078],[-97.21933899991645,30.573114000360157],[-97.21896999991665,30.57435199980951],[-97.21831599986976,30.575375000784174],[-97.21829700061552,30.57585300028902],[-97.21868499994788,30.57705699960347],[-97.21830999946589,30.577375999728382],[-97.2176239999254,30.577365000707275],[-97.21716599975468,30.577628999837252],[-97.2168419990961,30.578091000105303],[-97.21680399922164,30.578453999938933],[-97.21700099963326,30.57870200007384],[-97.21679800053792,30.57916899986166],[-97.21558499983631,30.58003300018223],[-97.2143200004023,30.580544000378826],[-97.21342399991639,30.581435000105284],[-97.21283899998053,30.581775999305716],[-97.21231200039118,30.581924999886084],[-97.21179099953623,30.581896999836342],[-97.21124400077693,30.581491000338485],[-97.21065600078462,30.582514999897523],[-97.22230300002988,30.585984000141753],[-97.22470499940363,30.586300999753554],[-97.24057299997162,30.5907320002742],[-97.23483599985519,30.604240999227805],[-97.23935300003305,30.614790999774186],[-97.23210900031896,30.6327179999542],[-97.2324209999892,30.632734000082923],[-97.23322200007459,30.63316299922761],[-97.23460199968342,30.63326099975569],[-97.23547399957644,30.633596000275983],[-97.23700600011844,30.63364500016136],[-97.23814500033426,30.633903000044022],[-97.23909300054233,30.6345299995605],[-97.23908599970184,30.63495900019468],[-97.23968499995195,30.635650999989423],[-97.24150999992138,30.636771999969987],[-97.2422549994629,30.637586000520134],[-97.24264899958679,30.63781700060982],[-97.24328499999247,30.637568999366124],[-97.24347600021687,30.637629000024532],[-97.2438199999031,30.63855900052752],[-97.24420799927609,30.638844000326376],[-97.24479300004431,30.638684999414277],[-97.24521299989276,30.63881100052517],[-97.2458229997702,30.638782999670887],[-97.24652300050289,30.639310999933564],[-97.24733100041553,30.639254999998787],[-97.24777600017977,30.639425999743366],[-97.24879299959763,30.639156000334083],[-97.24904799963828,30.63949099977516],[-97.25225600060072,30.639098000261324],[-97.2562250002079,30.64843800010653],[-97.25432699993084,30.64915000004884],[-97.23644720616555,30.654854933823405],[-97.23644700004174,30.654854999986604],[-97.25240900031662,30.6934730005072],[-97.25502974730713,30.699731864535266],[-97.26197992711639,30.7163302728608],[-97.26994899998512,30.735361999964447],[-97.269949020116,30.735362007471906],[-97.27455,30.737071],[-97.27709437761195,30.738026742971943],[-97.28621199921832,30.74142699970986],[-97.28624999933807,30.741324000196013],[-97.30712199998148,30.749305999958004],[-97.3095199997573,30.743186000770024],[-97.32595800004123,30.74816100030358],[-97.33268799996968,30.75048599967264],[-97.33307500006381,30.750648999628098],[-97.33316700075106,30.7508490003568],[-97.33344100088958,30.750822999658592],[-97.33691900029383,30.75182399998367],[-97.35903799996083,30.758575999315315],[-97.36021199974527,30.7557080001176],[-97.3796819998167,30.761406999967253],[-97.38829000015338,30.739180000361564],[-97.43806500050731,30.754215999810008],[-97.43833299990142,30.754434000271512],[-97.43941799996298,30.754624999940766],[-97.4678960000316,30.763236999707296],[-97.46647900037073,30.766908999853335],[-97.48596099980882,30.772383999163928],[-97.49568799962867,30.77521600001408],[-97.4974169998545,30.775870000169217],[-97.5231400002412,30.783237999806175],[-97.5363509997033,30.78720599933351],[-97.53727800016989,30.787162000658636],[-97.54483085418339,30.78487268861577],[-97.5513149996008,30.800032000481426],[-97.5488120006107,30.80082199952023],[-97.54941099966906,30.80491799959659],[-97.5485640001957,30.80655199953907],[-97.54852300019346,30.80690499958081],[-97.54952299947831,30.810645999925335],[-97.54958299978614,30.810781999761666],[-97.55052099968637,30.811041000171443],[-97.55251499965534,30.815891999343325],[-97.55290499974083,30.81656700028516],[-97.55341100038207,30.81812100001602],[-97.55396400011952,30.81773199999737],[-97.55370399968517,30.817212000116115],[-97.55506799992371,30.81640000007111],[-97.55562000073223,30.81773200007054],[-97.55542999936293,30.81781700011675],[-97.55567900059415,30.81810900020958],[-97.55971599978535,30.827696000032063],[-97.55691699942777,30.82855800036803],[-97.55633299972433,30.82858200068019],[-97.55223000037606,30.82988599969749],[-97.55327800025519,30.832549000047496],[-97.55346500034177,30.83265899994823],[-97.5537069998498,30.833637999154874],[-97.54810699991673,30.835378999954646],[-97.55069100000745,30.842034999699255],[-97.5737120000949,30.85084000009753],[-97.58715122885029,30.855956299124312],[-97.589397,30.85681],[-97.62404623060806,30.870002184124278],[-97.6240510006657,30.87000400007977],[-97.62405100562381,30.870004000847235],[-97.625279,30.870189],[-97.62601613235081,30.870308182301173],[-97.65396900062417,30.87463499949636],[-97.6802999896035,30.879084998319055],[-97.68029999163784,30.879084998647976],[-97.6803,30.879085],[-97.705432,30.883471],[-97.72987,30.887623],[-97.773835,30.895094],[-97.800349,30.89963],[-97.82809896191634,30.904413821044564],[-97.82810000041131,30.90441399939274],[-97.8748159995508,30.863467000073314],[-97.87831700021088,30.860435999452953],[-97.87844600022318,30.860552000088557],[-97.89283399999401,30.8478390001492],[-97.88647097244952,30.84975793667124],[-97.88371604109587,30.843084106327048],[-97.8784839997188,30.844822000464806],[-97.87730699932726,30.84493800015562],[-97.87613300011176,30.844657999239274],[-97.87626500032188,30.84454499973395],[-97.87628999982455,30.844184000680723],[-97.8749069997818,30.840980000319234],[-97.87412499987649,30.83876200064767],[-97.88604000081439,30.8350170000741],[-97.88887400011168,30.841339000287476],[-97.89430000032334,30.839062999507675],[-97.89188299982996,30.833134000036935],[-97.89983699992487,30.830648000407884],[-97.90296999984858,30.83824300011711],[-97.9041330000304,30.837886000253288],[-97.90620200030455,30.836001999882786],[-97.90431000066695,30.83148000027475],[-97.90896600015446,30.829385999768462],[-97.90731600022879,30.825490999963638],[-97.90794799990614,30.825350999497935],[-97.90778400024702,30.82480100022824],[-97.90708200080601,30.824976000099777],[-97.90402499971358,30.818119999582127],[-97.90391000032668,30.81743299966672],[-97.90374800002428,30.817293000451993],[-97.90198199972617,30.813218999607226],[-97.90076900025208,30.813536999961816],[-97.89748400049318,30.805750999445983],[-97.92937399986484,30.79603200043406],[-97.92915500081209,30.795771999525925],[-97.92926800025252,30.795335000061634],[-97.9302899994921,30.794466000041886],[-97.931963999981,30.793411000189312],[-97.93239899939513,30.793205000045628],[-97.9329790001476,30.79313200041183],[-97.93349699989095,30.79283599998037],[-97.93360400023569,30.79260300010186],[-97.93340800013975,30.791806999318624],[-97.93313600080576,30.791394999972965],[-97.93276100054207,30.791163999404045],[-97.93207700047641,30.791179000565883],[-97.93096400012446,30.790817999824682],[-97.93077000066107,30.790579999410703],[-97.9306669994427,30.790052999703967],[-97.93036600083569,30.789714000042615],[-97.92837300046662,30.78882599959413],[-97.92757100037718,30.788650000148046],[-97.92733900002,30.78881499985844],[-97.92564999958839,30.7880229995648],[-97.92405099990212,30.787691000051396],[-97.92347800033613,30.787095999677874],[-97.92333599981065,30.78679800009117],[-97.9234570003467,30.78605699939842],[-97.92331499941523,30.785460000019114],[-97.9234469991572,30.78443699962241],[-97.92294900037699,30.781530999367227],[-97.9230490006059,30.78059299953882],[-97.92402200019305,30.77869300038878],[-97.92511299982505,30.778553000181493],[-97.92885900058297,30.777415999911966],[-97.92927500070303,30.77805600062791],[-97.93057199960376,30.78138600054043],[-97.93070400002424,30.78134900066808],[-97.93129400052857,30.783047000143906],[-97.93665299990586,30.781449000039817],[-97.93442200035341,30.776027000334846],[-97.93755399989548,30.775288000362572],[-97.9401059999737,30.7671520004869],[-97.94010100012794,30.766834000137127],[-97.94494299974183,30.7656250000129],[-97.94491400071195,30.765528000143007],[-97.94640699975977,30.765129999737898],[-97.94367199944013,30.75788399965567],[-97.95051499921797,30.755678000137785],[-97.95361499991121,30.763189000314018],[-97.96038199961491,30.761033999628346],[-97.96323499981033,30.76798499966564],[-97.97436100002227,30.764553000007997],[-97.98230800004396,30.750182000173318],[-97.99794199942231,30.720293999138708],[-98.00038299969121,30.715964000821785],[-98.00669100048134,30.70395399976465],[-98.02320099940312,30.67385900039354],[-98.034728999475,30.652231000546184],[-98.04755399944811,30.62869899997033],[-98.04814600027629,30.62729099933907],[-98.04988600044486,30.624154999737435]],[[-97.9048449491576,30.767510138025724],[-97.90216400017944,30.760977999465368],[-97.90173029413803,30.759851294033144],[-97.9048449491576,30.767510138025724]],[[-97.9011949557,30.75846056236559],[-97.9007639992964,30.757341000093827],[-97.90074999946374,30.75702900061128],[-97.9011949557,30.75846056236559]],[[-97.84073400066106,30.67831699967216],[-97.83882806399087,30.678692722022333],[-97.83887599959019,30.67865799929917],[-97.84073400066106,30.67831699967216]],[[-97.83874331765958,30.678754109038294],[-97.83843100049914,30.679185999417793],[-97.83856399959515,30.678884000217234],[-97.83874331765958,30.678754109038294]],[[-97.83867900000314,30.681187999884497],[-97.83822800012018,30.68050100002184],[-97.83808509655456,30.680074528759345],[-97.83867900000314,30.681187999884497]],[[-97.8379565041557,30.679515965903118],[-97.83794223183102,30.679648173414343],[-97.83790900048113,30.67954900013142],[-97.8379565041557,30.679515965903118]],[[-97.82570200078656,30.744268000308836],[-97.82020099994516,30.729976999762574],[-97.82063299923252,30.73109300002466],[-97.82570200078656,30.744268000308836]],[[-97.7927342837073,30.777020949631243],[-97.7920729999029,30.777006000051486],[-97.79265299953661,30.77698999996916],[-97.7927342837073,30.777020949631243]],[[-97.74020400000505,30.755864000493204],[-97.73865099971486,30.755392000574084],[-97.7386133191547,30.755373239869456],[-97.74020400000505,30.755864000493204]],[[-97.73739742587443,30.754767861005874],[-97.73699400018323,30.754567000132273],[-97.73566200075362,30.753621000146396],[-97.73739742587443,30.754767861005874]],[[-97.73245785855727,30.747746704672736],[-97.73208693896314,30.748566441550004],[-97.73235799987229,30.74790200035772],[-97.73245785855727,30.747746704672736]],[[-97.73244500090743,30.750455000505518],[-97.73180399971073,30.749259999668734],[-97.73181390295376,30.749235724229578],[-97.73244500090743,30.750455000505518]],[[-97.56760799998831,30.77494500000259],[-97.56644400014211,30.772151999911053],[-97.5568729999719,30.748807999256552],[-97.56760799998831,30.77494500000259]],[[-97.55221341701554,30.782659690816395],[-97.5518685573494,30.78273952165885],[-97.55218699986489,30.782642999961972],[-97.55221341701554,30.782659690816395]],[[-97.38749092802787,30.66446288155784],[-97.38613000037977,30.665049999979182],[-97.38729000002682,30.66447900053432],[-97.38749092802787,30.66446288155784]],[[-97.37602316458718,30.671412592720483],[-97.37570204574024,30.671822585685938],[-97.3757980000016,30.67165200030623],[-97.37602316458718,30.671412592720483]],[[-97.29252700005767,30.69610400047309],[-97.292375999922,30.695156999236016],[-97.29249399948587,30.695485000206375],[-97.29252700005767,30.69610400047309]],[[-97.27614286380958,30.696477694929108],[-97.27600800065566,30.696518000352274],[-97.27576882197936,30.696509791154906],[-97.27614286380958,30.696477694929108]],[[-97.27527627106764,30.696492885602495],[-97.27492999968852,30.696481000721544],[-97.27471218012732,30.696398483975713],[-97.27527627106764,30.696492885602495]],[[-97.2744447850042,30.696297186483005],[-97.27421200051226,30.696209000561364],[-97.2740468296512,30.69598387584533],[-97.2744447850042,30.696297186483005]],[[-97.27386967306536,30.69574241481626],[-97.27379600027952,30.695642000222033],[-97.27380673280406,30.695516157215035],[-97.27386967306536,30.69574241481626]],[[-97.26985579829247,30.695214324803565],[-97.2697469998876,30.695159000040537],[-97.2695669998402,30.694922999596248],[-97.26985579829247,30.695214324803565]],[[-97.26932431690207,30.69412825912138],[-97.26893199918905,30.69392500065481],[-97.2693049997635,30.69406499916582],[-97.26932431690207,30.69412825912138]]]},"id":"scouting-8"},{"type":"Feature","properties":{"district_name":"Thunderbird","status":"Current assignment-derived planning region","derivation":"Assigned school-district polygons, subdivided by mapped schools only where a district spans multiple scouting districts","assignment_school_count":35,"school_district_count":2,"school_districts":"Austin ISD, Del Valle ISD","source":"CAC Schools monday.com table","source_updated_at":"2026-08-01T10:20:02Z"},"geometry":{"type":"MultiPolygon","coordinates":[[[[-98.01140199936862,30.248617999678327],[-98.01131900001012,30.24824499962842],[-98.0103319996099,30.246930999918213],[-98.00904600044623,30.24599699941909],[-98.00792499995339,30.24584599984451],[-98.00665499991959,30.245269000684388],[-98.00633200023658,30.244805999724665],[-98.00614399976999,30.244150000298603],[-98.00665899982262,30.244121000477108],[-98.00781900037418,30.243751000020687],[-98.01002800008956,30.244034000067934],[-98.01132100015862,30.243917000153118],[-98.01135400046131,30.242684999458323],[-98.0111510000425,30.242703999847507],[-98.01123200012701,30.242419000343958],[-98.01076600006105,30.242779999724668],[-98.01054400019301,30.24281500010556],[-98.01036999988595,30.24315199958052],[-98.00934300058913,30.243121000179666],[-98.00929400002126,30.242018999725296],[-98.01016799921449,30.242023999979622],[-98.01011199986705,30.241342999617146],[-98.0095409999729,30.239420000261223],[-97.92964599995976,30.18230399950953],[-97.91939835785968,30.174918560784185],[-97.89291113161313,30.155829312297765],[-97.8785260003233,30.145462000026363],[-97.87170959195218,30.140570405655396],[-97.85792680416192,30.130679594615252],[-97.8209510003759,30.10414499988231],[-97.81586600056761,30.100612999880543],[-97.81341600042441,30.098736000076332],[-97.81301799986971,30.098613000109395],[-97.81095800031159,30.097099000704354],[-97.81107500062805,30.100818999778408],[-97.81076999975792,30.100820000078325],[-97.8113999996125,30.1063150001243],[-97.81140300059717,30.11240400063041],[-97.81157900023906,30.117929999902017],[-97.8116320005179,30.121574999547665],[-97.81132900039067,30.121886999678868],[-97.79198100083053,30.11280299980268],[-97.78748489349579,30.11286752151112],[-97.78515200009315,30.112900999864003],[-97.78180999937244,30.115830000383227],[-97.77807700053634,30.121847999594976],[-97.77434999987138,30.120140999972172],[-97.77645900002979,30.116718999927826],[-97.77654499933962,30.11622300045809],[-97.77667300014565,30.11628800077476],[-97.77685400019747,30.115991000297125],[-97.77766999960247,30.1162899993547],[-97.77832100018998,30.115179999841743],[-97.77846400065903,30.115161999568272],[-97.77906799994742,30.11436199939295],[-97.77974699986154,30.111743000217302],[-97.77007799984946,30.10701999998707],[-97.75992699946909,30.10217099980186],[-97.76121599960992,30.09640799985374],[-97.76770300053401,30.085967999378695],[-97.74842900060436,30.076709999725548],[-97.75907700053472,30.059760999780067],[-97.73479800059513,30.042398999534896],[-97.70878999992843,30.023451000094344],[-97.70776500029919,30.02405900047017],[-97.70202200056524,30.028651999506128],[-97.66948600005186,30.057201999826603],[-97.66490300007654,30.06156200003657],[-97.65369300058438,30.07156399994704],[-97.65109399962928,30.069575000296794],[-97.64936999956636,30.067944000778102],[-97.64489299965352,30.072340999485064],[-97.64075044873142,30.07667592312447],[-97.67615785804851,30.117392137046597],[-97.74876162608139,30.12566849339998],[-97.75873271010767,30.124542115597038],[-97.75829600031011,30.125253000475613],[-97.75589900042016,30.12885399967199],[-97.75366999981115,30.132734999865725],[-97.7465220001159,30.14374700070447],[-97.74133600064556,30.14134800017205],[-97.74123600055492,30.141507999701044],[-97.74106200053069,30.141263999711008],[-97.73987899979528,30.140718000331717],[-97.73540000032074,30.14793499980209],[-97.73660199968812,30.14850300027025],[-97.73674099985098,30.150336000503838],[-97.7374239999152,30.15060800020477],[-97.73712463761221,30.150959467740705],[-97.73681499946241,30.151322999676612],[-97.7368269999975,30.151477999479024],[-97.73513600021236,30.154150000316367],[-97.73518700005451,30.15447000048886],[-97.73578699961173,30.1554610000581],[-97.73598600018983,30.158080000385304],[-97.73475600015568,30.157498999426473],[-97.73472400081931,30.157694999896343],[-97.73485900064519,30.15796599961484],[-97.7353139991595,30.15834000013728],[-97.73573299973691,30.158499999641418],[-97.73596599992418,30.15894200000296],[-97.73594599949838,30.16000199991087],[-97.73609599944479,30.161036999872152],[-97.73582599954474,30.161504999722915],[-97.73569000031425,30.161518999960442],[-97.73546200044504,30.16084900009019],[-97.73527599936884,30.16068800049219],[-97.73427099964785,30.160747999874367],[-97.7338579994899,30.161236999860183],[-97.73375399918666,30.16200999976089],[-97.73395100006415,30.16273000015563],[-97.73394600092399,30.16324800007865],[-97.73435200038371,30.16345500000396],[-97.73443999972412,30.163658000128983],[-97.73436800045008,30.163987000445655],[-97.73503399991776,30.164616999465405],[-97.73515600077143,30.164889999788244],[-97.73414299966785,30.16560500051919],[-97.73407499992764,30.166578000367505],[-97.73424800045652,30.16711999995095],[-97.73453999980856,30.16774900011469],[-97.73591999975199,30.16777700005722],[-97.73604699982288,30.167927000297574],[-97.7360359996188,30.16819699977959],[-97.73527899933708,30.16910799997082],[-97.7344520003006,30.169428000499227],[-97.73382300056878,30.170395999906333],[-97.73370700063518,30.171240000409945],[-97.73237399951662,30.173663999156915],[-97.73232400064072,30.174364000367923],[-97.73123899953177,30.17641100015861],[-97.73118547340847,30.17658082010916],[-97.7310999992568,30.17685200014834],[-97.73100000039396,30.178643999595714],[-97.73035500043709,30.181077999330743],[-97.72941300039946,30.18277700030922],[-97.72877200028834,30.183578999855282],[-97.72502834484703,30.186342707437756],[-97.72258247400329,30.18871112774793],[-97.72216899953241,30.191150000342137],[-97.72234999978299,30.192302000207754],[-97.7217789998416,30.194007999850058],[-97.72147099993556,30.19407500050035],[-97.72142100034947,30.194294000163467],[-97.72152000017758,30.19466799939318],[-97.7218580000674,30.194925999978363],[-97.72314600003237,30.195071999930253],[-97.7234940003295,30.194639000131804],[-97.72382999996903,30.193661000380335],[-97.72391800038264,30.192576000438738],[-97.7241109999132,30.192299000541432],[-97.72546100026788,30.19148100014583],[-97.72617400017594,30.190619000327988],[-97.72675000079691,30.19046299957139],[-97.73112099971101,30.192317999655696],[-97.73585899910744,30.19473599981571],[-97.73754500014527,30.19534999969056],[-97.73319900020245,30.20235799983702],[-97.73307399995618,30.202805999460544],[-97.73315799985697,30.202992000563484],[-97.73296600024825,30.203286999512255],[-97.72876800019607,30.201324000353445],[-97.72678055796355,30.204474464096567],[-97.72390799998011,30.20902800010823],[-97.73545199931694,30.214551999948092],[-97.73491100018927,30.215326000134112],[-97.73475999996921,30.215764000409422],[-97.73290200027338,30.21763600031338],[-97.7332240000527,30.21776299978774],[-97.73256100084039,30.219250000192424],[-97.73245700010526,30.219258999206847],[-97.7323959999643,30.219610999941484],[-97.73226299969697,30.21961699997158],[-97.73158000035322,30.220956999235238],[-97.7310299994667,30.220691000122898],[-97.72857399954235,30.224406999835843],[-97.72301299987663,30.23332699980684],[-97.72214800026893,30.23451899967769],[-97.7219649997822,30.235008000132865],[-97.71627099988827,30.243927000581948],[-97.71676400025218,30.244637000002548],[-97.71676775631636,30.244691738316135],[-97.74587185975501,30.23094922161787],[-97.75767751255113,30.252749308758897],[-97.7668664757985,30.24165342929871],[-97.75883492312722,30.222514769318284],[-97.78098991912222,30.227571094665908],[-97.78196389073075,30.23987094586557],[-97.79028054296904,30.242080848650374],[-97.79226100005184,30.241846999646082],[-97.79262000047034,30.242061999841724],[-97.7929920001066,30.24270800037675],[-97.79311650567814,30.24283442132708],[-97.80147581266131,30.245055658340704],[-97.80303000033742,30.24447200008585],[-97.80587200005012,30.242917000131342],[-97.80641799981406,30.242443000708658],[-97.80801800014756,30.240567999803055],[-97.80890900028126,30.239811000531528],[-97.80968200054448,30.239542999674097],[-97.8102979996297,30.239703999780875],[-97.8108740002845,30.24076900002574],[-97.81065899988904,30.242593000010217],[-97.8109669995096,30.244325999826835],[-97.81125899998808,30.245114000200292],[-97.81238999988732,30.247078000079792],[-97.8126433369095,30.248023095505122],[-97.81402498332294,30.248390226914392],[-97.81567782117602,30.253052054677273],[-97.81917200004771,30.254530999831154],[-97.82179399993136,30.256600000357906],[-97.82258999943406,30.257830000428417],[-97.82362900060369,30.26056299999299],[-97.8236120003601,30.261907999667034],[-97.8230839999676,30.263139999892854],[-97.82300500020555,30.264501999247052],[-97.82338299940953,30.265553000304518],[-97.82338000082777,30.266176000727057],[-97.82391399960852,30.267917999524556],[-97.82441499926134,30.26893600001667],[-97.82495599978293,30.269693000011227],[-97.82612499967169,30.26997800002027],[-97.82888600001907,30.269881000431997],[-97.83071499963694,30.270008999984185],[-97.83119099948584,30.270453999663996],[-97.83140000007532,30.271094999960564],[-97.83412500024859,30.274029000159324],[-97.83643899981375,30.275035999727237],[-97.83800700048312,30.275548000131018],[-97.83987300010763,30.275628999917107],[-97.84025321974946,30.275354435943555],[-97.8414960006327,30.274456999777644],[-97.8416809993596,30.274027000116824],[-97.84225399973363,30.27361299937212],[-97.84325699946145,30.2730639998002],[-97.84364499970859,30.273063999432935],[-97.84433399995743,30.273558000044055],[-97.84458099933306,30.27422799989844],[-97.84537600018211,30.275344999451587],[-97.84595500032803,30.27574300026331],[-97.8463549995802,30.27665000048198],[-97.84640800051416,30.27724500034879],[-97.84757400044295,30.27850200062716],[-97.84844700024112,30.27917699998322],[-97.84902999946047,30.27940199977931],[-97.84933700061636,30.279303999297806],[-97.8497280001832,30.27944199963119],[-97.85112399991824,30.280642000038007],[-97.85182500040939,30.28165699976282],[-97.85238399997117,30.28191500012361],[-97.85253699917986,30.28291599994863],[-97.8522839998678,30.283690000434536],[-97.85202400054078,30.28422000010952],[-97.85095600039136,30.285311999335516],[-97.84930800016426,30.286363999692465],[-97.84804000032051,30.286989999500708],[-97.84709900013854,30.287803000746692],[-97.84682500019656,30.288189000026946],[-97.8447000001574,30.28919299934894],[-97.84332900026001,30.29041999993717],[-97.8432059997509,30.29056699974599],[-97.84298500009999,30.291749999512838],[-97.84295600007148,30.29234900076266],[-97.84313799924952,30.292616000012302],[-97.84356799917315,30.292782999709843],[-97.84433799970364,30.292717000242273],[-97.84480200016436,30.29283899951507],[-97.84498300051621,30.29249399970982],[-97.84557400089636,30.291940999268792],[-97.8466730001627,30.29146400021317],[-97.84674900012595,30.29119600017551],[-97.8471779999328,30.291064999670482],[-97.85000900030569,30.291489000515348],[-97.85068000005691,30.291902999677916],[-97.85101099975398,30.292320000240437],[-97.85109999937971,30.293246000138822],[-97.85136999962342,30.293428999521538],[-97.85159900069868,30.293954999511875],[-97.85182800014877,30.29603899928493],[-97.85225199940346,30.297389000185557],[-97.85259899952173,30.297917000001913],[-97.85250900054017,30.298356999460605],[-97.85266299956649,30.300088999886498],[-97.85302699946243,30.301018999890825],[-97.85314599944579,30.302127999537436],[-97.85291900018188,30.302894000580736],[-97.8535350000672,30.30411800026566],[-97.85427699957276,30.304652999899215],[-97.85504700014862,30.30489400005589],[-97.8561420002417,30.30498699941423],[-97.85691100033782,30.304744999803145],[-97.85715499982699,30.30448999983207],[-97.85766699952057,30.303096999398853],[-97.85764799937833,30.301367999868337],[-97.85784799953989,30.300232999549866],[-97.85876700035679,30.298055000076847],[-97.85942599928937,30.29747800068886],[-97.86052299974774,30.29692700061172],[-97.86132900050913,30.29674499985381],[-97.86241399996555,30.29700500012688],[-97.86296000014528,30.29751899971362],[-97.86450899998191,30.299960999468524],[-97.86434500008642,30.301349999563797],[-97.86411700053635,30.301681000034442],[-97.86430099971908,30.30285700009399],[-97.8645969996979,30.30363900007048],[-97.8655350003959,30.305154999909494],[-97.86600300017112,30.30550499966875],[-97.86639000020476,30.30619400064939],[-97.86788300019197,30.306797000148155],[-97.86844399979532,30.306692999561072],[-97.86905299998725,30.306301999793664],[-97.8693969996287,30.305490000167133],[-97.86922400040856,30.30476199978114],[-97.86842900059149,30.303647999741468],[-97.86842800060492,30.30269600047301],[-97.86858200036404,30.301816000072762],[-97.86803300037766,30.301532000146484],[-97.86802999948219,30.300985000301566],[-97.86876299918683,30.299987000138938],[-97.86936899991306,30.298625000056365],[-97.87043599996584,30.297328999845764],[-97.87130299956706,30.297133999591082],[-97.87326900015854,30.297316000267113],[-97.87425999988156,30.297917000230505],[-97.87465399933745,30.298320000060045],[-97.87570400085656,30.298873000237187],[-97.87623599974454,30.29898800010033],[-97.8777329996915,30.29865099986285],[-97.87840299992996,30.29831400034898],[-97.87925700017409,30.29766200028572],[-97.87960199989604,30.29683000053939],[-97.88016799994207,30.29620099953208],[-97.8812759999611,30.295706999628976],[-97.88149400081444,30.29480499991395],[-97.88152099939933,30.293776999949184],[-97.88117800022427,30.2928649999562],[-97.8801310002239,30.29084800011662],[-97.88050699943565,30.290379000022106],[-97.88054599986441,30.29010200022864],[-97.880620999602,30.28911000059632],[-97.88032100006107,30.288633000305474],[-97.88046100081459,30.28834199959249],[-97.88194799970549,30.286845000174363],[-97.88266400056023,30.28650199971231],[-97.88303699944662,30.286481000023578],[-97.8836910000481,30.286631000573326],[-97.88421299958522,30.286970999306543],[-97.88613099999405,30.289190999163583],[-97.88620699980257,30.28990500050182],[-97.8874090002511,30.293002999719082],[-97.88830699984433,30.294332000154107],[-97.8891960006556,30.295248000440406],[-97.89060800013773,30.295682000068226],[-97.89163799914381,30.29541499988318],[-97.89561100015524,30.29129999955256],[-97.89688300004553,30.29025400038477],[-97.89796900004146,30.289622999941805],[-97.89896800082566,30.289388999688637],[-97.9007000001821,30.289260000414693],[-97.90214000045705,30.291839000516045],[-97.90201000058876,30.292292999725944],[-97.90176600018084,30.29272600012763],[-97.90034400045175,30.2940799997795],[-97.89980200013696,30.294489999770573],[-97.89890700033509,30.29485299967958],[-97.89814900054111,30.295422000315767],[-97.8969770001429,30.296928000665247],[-97.89728699994251,30.297912999454844],[-97.89788000012413,30.298656000093537],[-97.90301700027022,30.302851999964176],[-97.90401400003775,30.30340699998833],[-97.90615099983229,30.304101999821874],[-97.90714000037526,30.304588000129307],[-97.90712999982982,30.304707000017594],[-97.90871900042421,30.306635000142045],[-97.90980900038012,30.30709200083389],[-97.91131200054323,30.306789999715228],[-97.91168899985625,30.306561000154637],[-97.91269899977297,30.305139999918353],[-97.91568399983976,30.303377999914275],[-97.91673199982607,30.303101999862598],[-97.91751599905453,30.30272999966653],[-97.91850500067395,30.301878999703607],[-97.91897000052836,30.301201000729023],[-97.91917999989796,30.30070599988909],[-97.91911799952108,30.299675999969317],[-97.91923100049843,30.299030000283455],[-97.91618500075421,30.297433000251164],[-97.9197970006769,30.291936999912622],[-97.92187099982179,30.2931460005442],[-97.92347416681051,30.294386459510996],[-97.9238599998305,30.294684999858134],[-97.92376752871232,30.294800980701535],[-97.92350599986511,30.295129000269927],[-97.92385300092661,30.295998999622142],[-97.92412400011514,30.295994000293536],[-97.92475199933013,30.29634700054541],[-97.92486323106714,30.296349211203825],[-97.92570799927192,30.296366000422356],[-97.92672199912995,30.29584199948108],[-97.92695000030537,30.29545699977376],[-97.9269259996291,30.29285600012547],[-97.92650699941422,30.292419000209048],[-97.92644099973391,30.292134000083944],[-97.92384300034263,30.29121700028026],[-97.92328999945273,30.291297999366385],[-97.92133700061613,30.29094899938124],[-97.92089283491445,30.290739030297722],[-97.91952199987472,30.290090999673424],[-97.91994800057573,30.291078000578732],[-97.91972299948897,30.290942000514903],[-97.91936599983104,30.291246000190746],[-97.9189520002361,30.290887999569566],[-97.91769299943589,30.289111000321423],[-97.91763999985166,30.288436999601377],[-97.91732999991655,30.288159999957877],[-97.91702000037083,30.28713600048217],[-97.91679499909033,30.28540099976481],[-97.91682724848039,30.28499434525689],[-97.91704100055235,30.282298999903965],[-97.92023700039614,30.28216099973158],[-97.92274900028092,30.286785000134877],[-97.92227100053498,30.286931999763638],[-97.9209850006381,30.286913999973038],[-97.921744000211,30.288077000652613],[-97.92177599961765,30.288233999969187],[-97.92142399939951,30.288348000565673],[-97.92195199963741,30.28864899994046],[-97.92307100028842,30.288963999436024],[-97.92439399992054,30.2887229994031],[-97.92486000051747,30.28852400059539],[-97.92546900037998,30.287782000611678],[-97.92572999924128,30.28763099941616],[-97.92603199972143,30.28713900056451],[-97.9258200004035,30.286354999754693],[-97.9250929996041,30.285990000704768],[-97.92481199930046,30.28560799990916],[-97.92462399956116,30.284473999584968],[-97.92478900056824,30.283216000119722],[-97.92580200023687,30.28216600027989],[-97.92619200070337,30.282063999975094],[-97.92680600000962,30.2824550000838],[-97.92923499990022,30.283437999572133],[-97.9292920007619,30.282996000056603],[-97.92912699996386,30.28214099961158],[-97.9272400005492,30.280959000529702],[-97.93060099995978,30.276437999812728],[-97.93070699982093,30.276703000399912],[-97.9296099995992,30.278108000167308],[-97.92960999998185,30.278872000772626],[-97.9311200002218,30.280552000023214],[-97.93150900010014,30.28147899960618],[-97.93187399999896,30.28173300018284],[-97.93370699972807,30.28134799992528],[-97.93312400006585,30.280462999801966],[-97.9325259998435,30.27998500022684],[-97.93228900024724,30.27927499962268],[-97.93223500035494,30.27869299989958],[-97.93240399953578,30.27769399999821],[-97.93274100051198,30.27734600017566],[-97.93360999977192,30.27740200003695],[-97.93585399987533,30.278290999963563],[-97.93691599979735,30.278934999361393],[-97.93961999994517,30.28098099951139],[-97.94046500011837,30.28106799997416],[-97.94188600037171,30.2809570003618],[-97.94222700014706,30.280828000151704],[-97.94316899979496,30.279827999977222],[-97.94320800027818,30.279615999564832],[-97.94284300067788,30.278819999544815],[-97.94231399983711,30.278224999890337],[-97.94197600020463,30.277188000137745],[-97.94191399957809,30.276534000555372],[-97.9421079990798,30.27613600047576],[-97.94367599984629,30.27518400055548],[-97.94531399999532,30.276245999708753],[-97.94681699947809,30.276772000142245],[-97.9477499998655,30.276839000058047],[-97.94845100022455,30.27670500045987],[-97.9499200000349,30.27629799997456],[-97.9518700001054,30.27555300033387],[-97.95245600062522,30.27597599956391],[-97.9543240000145,30.27605800032023],[-97.9551300006537,30.276461999685054],[-97.95693899982072,30.276886999800688],[-97.95767500010629,30.276900000351752],[-97.95847700010547,30.27638800002751],[-97.95964599976647,30.276004000456243],[-97.95986500035384,30.275672000001208],[-97.96021899978062,30.275500000444072],[-97.9604910004885,30.275000000230158],[-97.96045500026422,30.27389400021067],[-97.96015799982672,30.273231999965095],[-97.9598870003225,30.27297599985736],[-97.95916699984504,30.272852999986576],[-97.9578519999888,30.272306999743442],[-97.95696099991181,30.271704000015593],[-97.9565269998618,30.270987000321856],[-97.95649000006507,30.27033399926866],[-97.95618500029045,30.269919000597866],[-97.95632799955453,30.269434000478626],[-97.95722000049119,30.26917199963839],[-97.95831000081029,30.269209999559653],[-97.95923300004937,30.269395000197104],[-97.95986200033245,30.26953900021223],[-97.96014699911369,30.26979299969059],[-97.96269599993258,30.270904999456306],[-97.96443600033056,30.271241999902536],[-97.96486600007766,30.27117899974368],[-97.96554999968824,30.270553000079435],[-97.96581300041558,30.269496999959514],[-97.96620699980195,30.26857400041053],[-97.96625199982962,30.268297000020898],[-97.96599300025974,30.267797000101577],[-97.96587399990176,30.266843999574025],[-97.96629599933972,30.26580100024339],[-97.96664299917934,30.26532499933029],[-97.96792100010958,30.265155000110074],[-97.96881974705066,30.264832680209935],[-97.96911999955852,30.264724999889783],[-97.96968999944251,30.264938999824725],[-97.97046299995641,30.265489000140427],[-97.97146900016519,30.266789999790763],[-97.97208400000817,30.267708000272304],[-97.97256991452731,30.26882491247237],[-97.97271699969143,30.26916299912709],[-97.97320970120026,30.269505995920706],[-97.97323699954019,30.26952499980622],[-97.97326901493506,30.269569138222252],[-97.97361200048833,30.270041999453735],[-97.97390800027416,30.271140000068883],[-97.97457500073622,30.27205599978891],[-97.97504799991867,30.272342999197548],[-97.97573399938206,30.2724549998597],[-97.9759465597259,30.272419512442774],[-97.9763150001345,30.272358000506177],[-97.97687899948939,30.27204199986177],[-97.97751900045431,30.270678000294275],[-97.97713599949762,30.268129999439203],[-97.97717899988429,30.26760500009769],[-97.97747600041087,30.266907999818073],[-97.97811799992441,30.266183999795082],[-97.97879599934633,30.265811999713577],[-97.97957300017787,30.264978999599958],[-97.98006199959627,30.264945000277088],[-97.98118199963935,30.265418000173938],[-97.9820519999322,30.26610700024311],[-97.98294600008018,30.26738600063608],[-97.98283199939617,30.26819699990122],[-97.98259999960807,30.268297999761447],[-97.98252500045635,30.268480999994374],[-97.98224899941441,30.269989000187483],[-97.98237899946388,30.271636000052712],[-97.98283700034833,30.27230899951276],[-97.98358999985246,30.27293299954567],[-97.98437300014857,30.273352000295954],[-97.98489199999199,30.273416999330355],[-97.98532499941429,30.27312899961212],[-97.98609700051601,30.272289000263623],[-97.9866360001095,30.271350999873338],[-97.98691899980514,30.270697000007704],[-97.98678899962755,30.2701309996982],[-97.98692299929996,30.26926499956217],[-97.98758199995788,30.268088000187],[-97.98822300031682,30.267446999655373],[-97.98887399967376,30.267290000184534],[-97.99105200026423,30.26712100027979],[-97.9922040000176,30.267233999345905],[-97.99304999928277,30.26765500050557],[-97.99399300028776,30.267850000555807],[-97.99436100032172,30.26765399981868],[-97.99613299940745,30.26604799949635],[-97.99605399966795,30.26511199943423],[-97.99538699924771,30.26421399964777],[-97.99471599993095,30.2638229996535],[-97.99323299994944,30.263640000434368],[-97.99262900021141,30.263338000218003],[-97.99219400027359,30.26296999956625],[-97.99222799918024,30.262098999970338],[-97.99281000017118,30.2616520005071],[-97.99418900000843,30.261362999710933],[-97.99491200002427,30.261565999889605],[-97.99524199996553,30.261860000438233],[-97.99619300042188,30.26197500004941],[-97.99744999998332,30.26154199951904],[-97.9977789997703,30.259921999493386],[-97.99745599924029,30.258792000042043],[-97.99705899998304,30.258436999354032],[-97.99677399997904,30.25785599936769],[-97.99680900078863,30.25746399969982],[-97.99739499909519,30.256846999756334],[-97.9984539994012,30.25622800010801],[-97.99890099941676,30.255381999781406],[-98.00209099996377,30.25518899977489],[-98.00303799951209,30.25482800002685],[-98.00350399952234,30.25413499989517],[-98.0036120000734,30.25315600008852],[-98.00358900041483,30.25254000042933],[-98.0031420003478,30.251963999413295],[-98.00307400019753,30.251247999779665],[-98.00316299983633,30.251036000174956],[-98.00516600006898,30.25008800028978],[-98.00779700039845,30.25009399974415],[-98.0082849998375,30.249820999431844],[-98.00940600002171,30.24961800010097],[-98.01140199936862,30.248617999678327]]],[[[-97.71851399961525,30.229628000638662],[-97.71699000029636,30.22893999998726],[-97.7159979996603,30.230514999913353],[-97.70923399997861,30.227183999745453],[-97.70725299989465,30.23043399988816],[-97.70330500059107,30.236341999798192],[-97.70193300012664,30.235658000620955],[-97.70119000018934,30.23682199973387],[-97.69767100034346,30.23520400043461],[-97.70206100058603,30.22827799960346],[-97.70428200001912,30.22933099994787],[-97.70676999985544,30.225444999785065],[-97.70449999925385,30.224374999973982],[-97.70708300047355,30.220478999738038],[-97.70196699999069,30.218214999826387],[-97.69789599966052,30.22327100069505],[-97.70247800019979,30.225207999608674],[-97.70074799960744,30.228092000669943],[-97.69675200035866,30.225949999295576],[-97.69503299962855,30.227367000374755],[-97.69521300074685,30.227417000273164],[-97.69209899993132,30.23023500037831],[-97.6930660000477,30.23088399985752],[-97.69118799971548,30.233223999983323],[-97.6918709995307,30.233583000464918],[-97.69079799961328,30.235112999479487],[-97.69168299994399,30.23564500025762],[-97.6906389996879,30.23715099969076],[-97.68851000007285,30.238902000247865],[-97.68784799961375,30.237743000734756],[-97.68745400003166,30.237329999874422],[-97.68749100029756,30.237096000175015],[-97.68310100068035,30.229360999870888],[-97.68026099997171,30.22396300003192],[-97.68823300058041,30.21956999999128],[-97.69120399969492,30.218267999707567],[-97.69128100013361,30.217815999312485],[-97.6919689998599,30.217249999781387],[-97.6903330000757,30.217931000386173],[-97.68796300003062,30.219207999945525],[-97.68687599961291,30.22001500017854],[-97.68674200002371,30.219965000099734],[-97.6854689994564,30.220603000259658],[-97.68498600027657,30.22057900066713],[-97.68432899988787,30.220499000507367],[-97.68368600004226,30.219884999505673],[-97.68364700058494,30.21770899982515],[-97.68373899959875,30.21742799980831],[-97.68318000013271,30.21752699944383],[-97.68318100080874,30.21741800004231],[-97.68129899992591,30.21736300006591],[-97.68043499924696,30.217555000519592],[-97.68014700019178,30.217305000209734],[-97.67640599982332,30.21632099966628],[-97.67264300006967,30.219629999584317],[-97.67246600005973,30.21963700015005],[-97.67180600055401,30.22045099939865],[-97.67797999948725,30.223637000494545],[-97.67858499932137,30.224138999735985],[-97.68024599980778,30.22674600009904],[-97.68050700048386,30.22756799968153],[-97.68174599957885,30.229538000001178],[-97.68790799936617,30.240347000040305],[-97.68903599961004,30.241828000086972],[-97.68985299999132,30.24349999990233],[-97.69017899977847,30.24521899998761],[-97.6892139996447,30.244950999881034],[-97.6892180000303,30.245195000718116],[-97.68652767907362,30.24554817332458],[-97.70319323555488,30.25110142135718],[-97.70444644089996,30.250509676780084],[-97.70187800041077,30.250203999877556],[-97.70138099968422,30.249808999908844],[-97.70048100071303,30.248708999385947],[-97.69958099990845,30.24690900012368],[-97.69838099975499,30.246308999716916],[-97.69484899941847,30.245316999389786],[-97.69504999989918,30.24464200026869],[-97.69486899969243,30.24415099967317],[-97.69454500035985,30.243761999904805],[-97.69458699999517,30.242903999870638],[-97.6947190000226,30.242186000395744],[-97.69483999974254,30.24224400055949],[-97.69827299970216,30.24000799999459],[-97.69811200043713,30.239926000670703],[-97.69860800062442,30.239149000030505],[-97.69879699985766,30.239196000068564],[-97.69903700019995,30.23881400004376],[-97.70001599998918,30.239220000001346],[-97.70071100029836,30.23770000030395],[-97.70245700011787,30.23771399984477],[-97.70213500068114,30.239299000431924],[-97.70506200045267,30.239041999965806],[-97.70499899983734,30.23950199923904],[-97.70277299961005,30.242969999996898],[-97.70608099979461,30.244109000118],[-97.7088320000128,30.240944999255877],[-97.70937699934825,30.24053200071095],[-97.71018000017305,30.23871699998704],[-97.70961599974315,30.231453999517395],[-97.71105000080426,30.229196000226537],[-97.71713799984862,30.231836000352963],[-97.71851399961525,30.229628000638662]]]]},"id":"scouting-2"}]}
